企業名,法人番号,採用担当者名,役職,部署,代表者名,メール,メール確度,担当者確度,電話番号,公式URL,Tier,取得元媒体,根拠URL,架電呼称,業種,都道府県,従業員数,補助金,設立年,取得日
株式会社テクノプロ,,,,,,info@freee.co.jp,0.4,,,https://www.freee.co.jp/,D,非公開,,人事部 ご採用ご担当者様,,,,,,2026-06-14T11:59:31.978Z
TIS株式会社,,,,,,info@tis.co.jp,0.4,,080-0600-9810,https://www.tis.co.jp/,D,非公開,,人事部 ご採用ご担当者様,,,,,,2026-06-14T11:59:31.979Z
NTT東日本株式会社,,,,,,,0,,0120-584-400,https://group.ntt/jp/,D,非公開,,人事部 ご採用ご担当者様,,,,,,2026-06-14T11:59:31.979Z
KDDI株式会社,,,,,,info@kddi.com,0.4,,03-3347-0077,https://www.kddi.com/,D,非公開,,人事部 ご採用ご担当者様,,,,,,2026-06-14T11:59:31.979Z
NECソリューションイノベータ株式会社,,,,,,info@nec-lavie.jp,0.4,,0120-944-035,https://www.nec-lavie.jp/,D,非公開,,人事部 ご採用ご担当者様,,,,,,2026-06-14T11:59:31.979Z
Fマネジメント株式会社,,,,,,info@zztop.com,0.4,,,https://www.zztop.com/,D,非公開,,人事部 ご採用ご担当者様,,,,,,2026-06-14T11:59:31.979Z
日本アイ・ビー・エム株式会社,,,,,,info@cao.go.jp,0.4,,03-5253-2111,https://www.cao.go.jp/,D,非公開,,人事部 ご採用ご担当者様,,,,,,2026-06-14T11:59:44.675Z
株式会社野村総合研究所,,,,,,info@freee.co.jp,0.4,,,https://www.freee.co.jp/,D,非公開,,人事部 ご採用ご担当者様,,,,,,2026-06-14T11:59:46.084Z
SCSK株式会社,,制度,人事,,,info@scsk.jp,0.4,0.7,,https://www.scsk.jp/,B,正規表現抽出,https://www.scsk.jp/recruit/career/feature/index.html,人事部 ご採用ご担当者様,,,,,,2026-06-14T11:59:46.810Z
株式会社大塚商会,,,,,,info@freee.co.jp,0.4,,,https://www.freee.co.jp/,D,非公開,,人事部 ご採用ご担当者様,,,,,,2026-06-14T11:59:49.668Z
株式会社デジタルハーツ・ビジュアル,,,,,,info@freee.co.jp,0.4,,,https://www.freee.co.jp/,D,非公開,,人事部 ご採用ご担当者様,,,,,,2026-06-14T11:59:54.131Z
NTTドコモソリューションズ株式会社,,,,,,info@ntt-east.co.jp,0.4,,0120-116-000,https://www.ntt-east.co.jp/,D,非公開,,人事部 ご採用ご担当者様,,,,,,2026-06-14T11:59:59.041Z
三菱電機エンジニアリング株式会社,,,,,,info@mitsubishi-motors.co.jp,0.4,,,https://www.mitsubishi-motors.co.jp/,D,非公開,,人事部 ご採用ご担当者様,,,,,,2026-06-14T12:00:03.410Z
NECネッツエスアイ株式会社,,,,,,info@nec-lavie.jp,0.4,,0120-944-035,https://www.nec-lavie.jp/,D,非公開,,人事部 ご採用ご担当者様,,,,,,2026-06-14T12:00:03.443Z
株式会社日立ソリューションズ,,,,,,info@freee.co.jp,0.4,,,https://www.freee.co.jp/,D,非公開,,人事部 ご採用ご担当者様,,,,,,2026-06-14T12:00:06.594Z
日鉄ソリューションズ株式会社,,,,,,info@nipponsteel.com,0.4,,03-6867-2242,https://www.nipponsteel.com/,D,非公開,,人事部 ご採用ご担当者様,,,,,,2026-06-14T12:00:11.008Z
株式会社U,,,,,,info@freee.co.jp,0.4,,,https://www.freee.co.jp/,D,非公開,,人事部 ご採用ご担当者様,,,,,,2026-06-14T12:00:15.711Z
株式会社システナ,,,,,,info@freee.co.jp,0.4,,,https://www.freee.co.jp/,D,非公開,,人事部 ご採用ご担当者様,,,,,,2026-06-14T12:00:18.737Z
日本コンセントリクス株式会社,,,,,,info@cao.go.jp,0.4,,03-5253-2111,https://www.cao.go.jp/,D,非公開,,人事部 ご採用ご担当者様,,,,,,2026-06-14T12:00:20.098Z
株式会社NSD,,,,,,info@freee.co.jp,0.4,,,https://www.freee.co.jp/,D,非公開,,人事部 ご採用ご担当者様,,,,,,2026-06-14T12:00:23.985Z
株式会社DTS,,,,,,info@freee.co.jp,0.4,,,https://www.freee.co.jp/,D,非公開,,人事部 ご採用ご担当者様,,,,,,2026-06-14T12:00:27.397Z
株式会社セールスフォース・ジャパン,,,,,,info@freee.co.jp,0.4,,,https://www.freee.co.jp/,D,非公開,,人事部 ご採用ご担当者様,,,,,,2026-06-14T12:00:32.503Z
株式会社インターネットイニシアティブ,,,,,,info@freee.co.jp,0.4,,,https://www.freee.co.jp/,D,非公開,,人事部 ご採用ご担当者様,,,,,,2026-06-14T12:00:35.550Z
NTT株式会社,,,,,,info@ntt-east.co.jp,0.4,,0120-116-000,https://www.ntt-east.co.jp/,D,非公開,,人事部 ご採用ご担当者様,,,,,,2026-06-14T12:00:36.006Z
東芝テック株式会社,,,,,,,0,,,https://www.global.toshiba/jp/top.html,D,非公開,,人事部 ご採用ご担当者様,,,,,,2026-06-14T12:00:42.543Z
三菱電機デジタルイノベーション株式会社,,,,,,info@mitsubishi-motors.co.jp,0.4,,,https://www.mitsubishi-motors.co.jp/,D,非公開,,人事部 ご採用ご担当者様,,,,,,2026-06-14T12:00:44.059Z
アマゾンウェブサービスジャパン合同会社,,,,,,info@amazon.co.jp,0.4,,,https://www.amazon.co.jp/,D,非公開,,人事部 ご採用ご担当者様,,,,,,2026-06-14T12:00:49.787Z
横河電機株式会社,,,,,,,0,,,https://apps.apple.com/us/iphone/today,D,非公開,,人事部 ご採用ご担当者様,,,,,,2026-06-14T12:00:49.799Z
株式会社パスコ,,,,,,info@freee.co.jp,0.4,,,https://www.freee.co.jp/,D,非公開,,人事部 ご採用ご担当者様,,,,,,2026-06-14T12:00:51.666Z
TOPPANコミュニケーションプロダクツ株式会社,,,,,,,0,,048-482-4602,https://www.toppan-c.co.jp/,D,非公開,,人事部 ご採用ご担当者様,,,,,,2026-06-14T12:00:52.282Z
合同会社DMM,,,,,,,0,,,https://kotobank.jp/,D,非公開,,人事部 ご採用ご担当者様,,,,,,2026-06-14T12:00:59.949Z
コニカミノルタジャパン株式会社,,,,,,info@konicaminolta.jp,0.4,,,https://www.konicaminolta.com/jp-ja/index.html,D,非公開,,人事部 ご採用ご担当者様,,,,,,2026-06-14T12:01:00.241Z
テスコ株式会社,,,,,,info@tesco-inc.jp,0.4,,03-5244-5661,https://tesco-inc.jp/,D,非公開,,人事部 ご採用ご担当者様,,,,,,2026-06-14T12:01:04.514Z
株式会社セラク,,,,,,info@freee.co.jp,0.4,,,https://www.freee.co.jp/,D,非公開,,人事部 ご採用ご担当者様,,,,,,2026-06-14T12:01:05.183Z
ネットワンシステムズ株式会社,,,,,,,,,,,D,非公開,,人事部 ご採用ご担当者様,,,,,,2026-06-14T12:01:09.625Z
OKIクロステック株式会社,,,,,,,,,,https://www.oki-oxt.jp,D,非公開,,人事部 ご採用ご担当者様,,,,,,2026-06-14T12:01:11.004Z
ユニアデックス株式会社,,,,,,,,,,https://www.uniqlo.com,D,非公開,,人事部 ご採用ご担当者様,,,,,,2026-06-14T12:01:16.362Z
株式会社電通総研,,,,,,info@freee.co.jp,0.4,,,https://www.freee.co.jp/,D,非公開,,人事部 ご採用ご担当者様,,,,,,2026-06-14T12:01:16.724Z
三菱総研DCS株式会社,,,,,,info@mitsubishi-motors.co.jp,0.4,,,https://www.mitsubishi-motors.co.jp/,D,非公開,,人事部 ご採用ご担当者様,,,,,,2026-06-14T12:01:16.810Z
株式会社アイエスエフネット,,,,,,info@freee.co.jp,0.4,,,https://www.freee.co.jp/,D,非公開,,人事部 ご採用ご担当者様,,,,,,2026-06-14T12:01:17.251Z
株式会社沖電気カスタマアドテック,,,,,,info@freee.co.jp,0.4,,,https://www.freee.co.jp/,D,非公開,,人事部 ご採用ご担当者様,,,,,,2026-06-14T12:01:22.345Z
ヤマトシステム開発株式会社,,,,,,info@kuronekoyamato.co.jp,0.4,,,https://www.kuronekoyamato.co.jp/,D,非公開,,人事部 ご採用ご担当者様,,,,,,2026-06-14T12:01:23.443Z
日本情報産業株式会社,,,,,,info@cao.go.jp,0.4,,03-5253-2111,https://www.cao.go.jp/,D,非公開,,人事部 ご採用ご担当者様,,,,,,2026-06-14T12:01:32.774Z
フリー株式会社,,,,,,info@freee.co.jp,0.4,,,https://www.freee.co.jp/,D,非公開,,人事部 ご採用ご担当者様,,,,,,2026-06-14T12:01:34.047Z
Sansan株式会社,,,,,,info@jp.sansan.com,0.4,,080-0100-9933,https://jp.sansan.com/,D,非公開,,人事部 ご採用ご担当者様,,,,,,2026-06-14T12:01:34.534Z
新菱冷熱工業株式会社,,,,,,info@shinryo.com,0.4,,03-3357-3108,https://www.shinryo.com/,D,非公開,,人事部 ご採用ご担当者様,,,,,,2026-06-14T12:01:39.218Z
株式会社オービック,,,,,,info@freee.co.jp,0.4,,,https://www.freee.co.jp/,D,非公開,,人事部 ご採用ご担当者様,,,,,,2026-06-14T12:01:44.445Z
株式会社KSK,,,,,,info@ksk.co.jp,0.4,,042-378-1131,https://www.ksk.co.jp/,D,非公開,,人事部 ご採用ご担当者様,,,,,,2026-06-14T12:01:46.761Z
三菱電機インフォメーションシステムズ株式会社,,,,,,info@mitsubishi-motors.co.jp,0.4,,,https://www.mitsubishi-motors.co.jp/,D,非公開,,人事部 ご採用ご担当者様,,,,,,2026-06-14T12:01:49.222Z
株式会社日立システムズ,,,,,,info@hitachi-systems.com,0.4,,022-276-2110,https://www.hitachi-systems.com/,D,非公開,,人事部 ご採用ご担当者様,,,,,,2026-06-14T12:01:53.769Z
CTCテクノロジー株式会社,,部長からのメッ,採用担当,採用担当部,,info@ctc-g.co.jp,0.4,0.7,03-6403-6000,https://www.ctc-g.co.jp/,B,正規表現抽出,https://www.ctc-g.co.jp/recruit/newgrads/,人事部 ご採用ご担当者様,,,,,,2026-06-14T12:02:02.316Z
株式会社U-NEXT,,,,,,info@freee.co.jp,0.4,,,https://www.freee.co.jp/,D,非公開,,人事部 ご採用ご担当者様,,,,,,2026-06-14T12:02:04.625Z
株式会社セガ,,,,,,info@freee.co.jp,0.4,,,https://www.freee.co.jp/,D,非公開,,人事部 ご採用ご担当者様,,,,,,2026-06-14T12:02:05.005Z
株式会社マーベラス,,,,,,info@freee.co.jp,0.4,,,https://www.freee.co.jp/,D,非公開,,人事部 ご採用ご担当者様,,,,,,2026-06-14T12:02:06.498Z
株式会社モバイルファクトリー,,,,,,info@freee.co.jp,0.4,,,https://www.freee.co.jp/,D,非公開,,人事部 ご採用ご担当者様,,,,,,2026-06-14T12:02:07.788Z
コグラフ株式会社,,,,,,info@amazon.co.jp,0.4,,,https://www.amazon.co.jp/,D,非公開,,人事部 ご採用ご担当者様,,,,,,2026-06-14T12:02:12.025Z
スマートソーシャル株式会社,,,,,,info@media.mercedes-benz.jp,0.4,,,https://media.mercedes-benz.jp/,D,非公開,,人事部 ご採用ご担当者様,,,,,,2026-06-14T12:02:21.617Z
株式会社日本コンピュータ開発,,,,,,info@freee.co.jp,0.4,,,https://www.freee.co.jp/,D,非公開,,人事部 ご採用ご担当者様,,,,,,2026-06-14T12:02:21.635Z
Sky株式会社,,,,,,info@skygroup.jp,0.4,,06-6453-0221,https://www.skygroup.jp/,D,非公開,,人事部 ご採用ご担当者様,,,,,,2026-06-14T12:02:22.059Z
株式会社バリューデザイン,,,,,,info@freee.co.jp,0.4,,,https://www.freee.co.jp/,D,非公開,,人事部 ご採用ご担当者様,,,,,,2026-06-14T12:02:22.967Z
東日本高速道路株式会社,,,,,,,0,,,https://www.kanjipedia.jp/,D,非公開,,人事部 ご採用ご担当者様,,,,,,2026-06-14T12:02:24.361Z
中日本高速道路株式会社,,,,,,info@allrecipes.com,0.4,,,https://www.allrecipes.com/,D,非公開,,人事部 ご採用ご担当者様,,,,,,2026-06-14T12:02:37.230Z
株式会社キーエンス,,,,,,info@keyence.co.jp,0.4,,0120-100-470,https://www.keyence.co.jp/,D,非公開,,人事部 ご採用ご担当者様,,,,,,2026-06-14T12:02:41.685Z
朝日放送グループホールディングス株式会社,,,,,,info@asahi.co.jp,0.4,,,https://www.asahi.co.jp/,D,非公開,,人事部 ご採用ご担当者様,,,,,,2026-06-14T12:02:42.116Z
株式会社ダイフク,,,,,,info@freee.co.jp,0.4,,,https://www.freee.co.jp/,D,非公開,,人事部 ご採用ご担当者様,,,,,,2026-06-14T12:02:43.987Z
株式会社カプコン,,,,,,info@freee.co.jp,0.4,,,https://www.freee.co.jp/,D,非公開,,人事部 ご採用ご担当者様,,,,,,2026-06-14T12:02:46.783Z
株式会社ユークス,,,,,,info@freee.co.jp,0.4,,,https://www.freee.co.jp/,D,非公開,,人事部 ご採用ご担当者様,,,,,,2026-06-14T12:02:47.369Z
株式会社イルグルム,,,,,,info@freee.co.jp,0.4,,,https://www.freee.co.jp/,D,非公開,,人事部 ご採用ご担当者様,,,,,,2026-06-14T12:02:57.473Z
株式会社i-plug,,,,,,info@freee.co.jp,0.4,,,https://www.freee.co.jp/,D,非公開,,人事部 ご採用ご担当者様,,,,,,2026-06-14T12:02:59.473Z
インターネット株式会社,,,,,,info@nabutan.com,0.4,,,https://nabutan.com/,D,非公開,,人事部 ご採用ご担当者様,,,,,,2026-06-14T12:03:02.075Z
株式会社ODKソリューションズ,,,,,,info@freee.co.jp,0.4,,,https://www.freee.co.jp/,D,非公開,,人事部 ご採用ご担当者様,,,,,,2026-06-14T12:03:02.117Z
eBASE株式会社,,,,,,,0,,,https://www.binghomepagequiz.us/,D,非公開,,人事部 ご採用ご担当者様,,,,,,2026-06-14T12:03:03.393Z
株式会社スマレジ,,,,,,info@freee.co.jp,0.4,,,https://www.freee.co.jp/,D,非公開,,人事部 ご採用ご担当者様,,,,,,2026-06-14T12:03:04.120Z
株式会社ヴィンクス,,,,,,info@freee.co.jp,0.4,,,https://www.freee.co.jp/,D,非公開,,人事部 ご採用ご担当者様,,,,,,2026-06-14T12:03:14.514Z
株式会社アイ・ピー・エス,,,,,,info@freee.co.jp,0.4,,,https://www.freee.co.jp/,D,非公開,,人事部 ご採用ご担当者様,,,,,,2026-06-14T12:03:15.965Z
株式会社トライトキャリア,,,,,,info@freee.co.jp,0.4,,,https://www.freee.co.jp/,D,非公開,,人事部 ご採用ご担当者様,,,,,,2026-06-14T12:03:17.026Z
株式会社アスパーク,,,,,,info@freee.co.jp,0.4,,,https://www.freee.co.jp/,D,非公開,,人事部 ご採用ご担当者様,,,,,,2026-06-14T12:03:19.192Z
京セラドキュメントソリューションズ株式会社,,,,,,,0,,06-4965-5758,https://www.kyoceradocumentsolutions.co.jp/,D,非公開,,人事部 ご採用ご担当者様,,,,,,2026-06-14T12:03:20.589Z
ダイワボウ情報システム株式会社,,者からのメッ,採用担当,,,info@pc-daiwabo.co.jp,0.4,0.7,0120-082-681,https://www.pc-daiwabo.co.jp/,B,正規表現抽出,https://www.pc-daiwabo.co.jp/saiyo/recruit/message.html,人事部 ご採用ご担当者様,,,,,,2026-06-14T12:03:23.565Z
株式会社ドコモCS関西,,,,,,info@freee.co.jp,0.4,,,https://www.freee.co.jp/,D,非公開,,人事部 ご採用ご担当者様,,,,,,2026-06-14T12:03:31.461Z
株式会社ソフトウェア・サービス,,,,,,info@freee.co.jp,0.4,,,https://www.freee.co.jp/,D,非公開,,人事部 ご採用ご担当者様,,,,,,2026-06-14T12:03:32.488Z
株式会社クイック,,,,,,info@919.jp,0.4,,,https://919.jp/,D,非公開,,人事部 ご採用ご担当者様,,,,,,2026-06-14T12:03:33.615Z
アイテック阪急阪神株式会社,,,,,,info@itec.co.jp,0.4,,03-6877-6312,https://www.itec.co.jp/,D,非公開,,人事部 ご採用ご担当者様,,,,,,2026-06-14T12:03:34.059Z
株式会社NTTデータ関西,,,,,,info@freee.co.jp,0.4,,,https://www.freee.co.jp/,D,非公開,,人事部 ご採用ご担当者様,,,,,,2026-06-14T12:03:34.355Z
日本システム技術株式会社,,,,,,info@cao.go.jp,0.4,,03-5253-2111,https://www.cao.go.jp/,D,非公開,,人事部 ご採用ご担当者様,,,,,,2026-06-14T12:03:35.637Z
パーソルAVCテクノロジー株式会社,,,,,,info@chicken-golf.com,0.4,,0120-988-412,https://chicken-golf.com/,D,非公開,,人事部 ご採用ご担当者様,,,,,,2026-06-14T12:03:48.599Z
日本情報通信株式会社,,,,,,info@cao.go.jp,0.4,,03-5253-2111,https://www.cao.go.jp/,D,非公開,,人事部 ご採用ご担当者様,,,,,,2026-06-14T12:03:48.685Z
株式会社アイル,,,,,,info@ill.co.jp,0.4,,0120-147-396,https://www.ill.co.jp/,D,非公開,,人事部 ご採用ご担当者様,,,,,,2026-06-14T12:03:48.931Z
NCS&A株式会社,,,,,,info@ncsol.co.jp,0.4,,0120-889-365,https://www.ncsol.co.jp/,D,非公開,,人事部 ご採用ご担当者様,,,,,,2026-06-14T12:03:50.892Z
株式会社ジェイテック,,,,,,info@j-tec.co.jp,0.4,,072-655-2785,https://www.j-tec.co.jp/,D,非公開,,人事部 ご採用ご担当者様,,,,,,2026-06-14T12:03:52.174Z
コンピューターマネージメント株式会社,,者までご相談,採用担当,,,info@mouse-jp.co.jp,0.4,0.7,0570783794,https://www.mouse-jp.co.jp/,B,正規表現抽出,https://www.mouse-jp.co.jp/store/company/recruit/recruit.aspx,人事部 ご採用ご担当者様,,,,,,2026-06-14T12:03:54.912Z
株式会社ロココ,,,,,,info@rococoweb.co.jp,0.4,,06-4708-4129,https://rococoweb.co.jp/,D,非公開,,人事部 ご採用ご担当者様,,,,,,2026-06-14T12:04:01.279Z
株式会社ダイハツビジネスサポートセンター,,,,,,info@freee.co.jp,0.4,,,https://www.freee.co.jp/,D,非公開,,人事部 ご採用ご担当者様,,,,,,2026-06-14T12:04:03.794Z
株式会社PAL,,,,,,info@freee.co.jp,0.4,,,https://www.freee.co.jp/,D,非公開,,人事部 ご採用ご担当者様,,,,,,2026-06-14T12:04:04.605Z
DAISHOWA株式会社,,,,,,,,,,https://web.whatsapp.com,D,非公開,,人事部 ご採用ご担当者様,,,,,,2026-06-14T12:04:08.498Z
株式会社ヒューマンウェイブ,,,,,,info@freee.co.jp,0.4,,,https://www.freee.co.jp/,D,非公開,,人事部 ご採用ご担当者様,,,,,,2026-06-14T12:04:10.017Z
フェンリル株式会社,,者からのメッ,採用担当,,,info@fenrir-inc.com,0.4,0.7,06-6377-7606,https://www.fenrir-inc.com/,B,正規表現抽出,https://recruit.fenrir-inc.com/career/,人事部 ご採用ご担当者様,,,,,,2026-06-14T12:04:13.138Z
中央コンピューター株式会社,,,,,,info@chuo-u.ac.jp,0.4,,,https://www.chuo-u.ac.jp/,D,非公開,,人事部 ご採用ご担当者様,,,,,,2026-06-14T12:04:14.828Z
ユニバーサルコンピューター株式会社,,,,,,info@universal-music.co.jp,0.4,,,https://www.universal-music.co.jp/,D,非公開,,人事部 ご採用ご担当者様,,,,,,2026-06-14T12:04:17.517Z
株式会社サイネックス,,,,,,info@freee.co.jp,0.4,,,https://www.freee.co.jp/,D,非公開,,人事部 ご採用ご担当者様,,,,,,2026-06-14T12:04:21.023Z
ノバシステム株式会社,,者より選考の,採用担当,,,info@nova-system.com,0.4,0.7,06-6479-8100,https://www.nova-system.com/,B,正規表現抽出,https://www.nova-system.com/recruitment/recruitment/,人事部 ご採用ご担当者様,,,,,,2026-06-14T12:04:21.119Z
株式会社イーエムシステムズ,,,,,,info@freee.co.jp,0.4,,,https://www.freee.co.jp/,D,非公開,,人事部 ご採用ご担当者様,,,,,,2026-06-14T12:04:22.404Z
パナソニックアドバンストテクノロジー株式会社,,,,,,info@panasonic.jp,0.4,,0120-007-414,https://panasonic.jp/,D,非公開,,人事部 ご採用ご担当者様,,,,,,2026-06-14T12:04:26.941Z
株式会社JR西日本ITソリューションズ,,,,,,info@freee.co.jp,0.4,,,https://www.freee.co.jp/,D,非公開,,人事部 ご採用ご担当者様,,,,,,2026-06-14T12:04:32.789Z
NRIネットコム株式会社,,,,,,info@nri.com,0.4,,03-5877-7100,https://www.nri.com/en/,D,非公開,,人事部 ご採用ご担当者様,,,,,,2026-06-14T12:04:35.215Z
住友電工情報システム株式会社,,,,,,info@smbc.co.jp,0.4,,,https://www.smbc.co.jp/,D,非公開,,人事部 ご採用ご担当者様,,,,,,2026-06-14T12:04:38.206Z
アトラス情報サービス株式会社,,,,,,info@atlus.co.jp,0.4,,,https://www.atlus.co.jp/,D,非公開,,人事部 ご採用ご担当者様,,,,,,2026-06-14T12:04:39.082Z
協和テクノロジィズ株式会社,,,,,,info@elitetactics.com,0.4,,,https://www.afternic.com/forsale/www.elitetactics.com?utm_source=TDFS_DASLNC&utm_medium=parkedpages&utm_campaign=x_corp_tdfs-daslnc_base&traffic_type=TDFS_DASLNC&traffic_id=daslnc&,D,非公開,,人事部 ご採用ご担当者様,,,,,,2026-06-14T12:04:45.951Z
株式会社システムギアホールディングス,,,,,,info@freee.co.jp,0.4,,,https://www.freee.co.jp/,D,非公開,,人事部 ご採用ご担当者様,,,,,,2026-06-14T12:04:46.160Z
エムオーテックス株式会社,,,,,,info@corporate-m.com,0.4,,,https://www.corporate-m.com/,D,非公開,,人事部 ご採用ご担当者様,,,,,,2026-06-14T12:04:51.296Z
株式会社エヌ・ティ・ティ・データ・セキスイシステムズ,,,,,,info@freee.co.jp,0.4,,,https://www.freee.co.jp/,D,非公開,,人事部 ご採用ご担当者様,,,,,,2026-06-14T12:04:52.720Z
日本コンピューターサイエンス株式会社,,,,,,info@cao.go.jp,0.4,,03-5253-2111,https://www.cao.go.jp/,D,非公開,,人事部 ご採用ご担当者様,,,,,,2026-06-14T12:04:56.397Z
株式会社ミライフ,,,,,,info@freee.co.jp,0.4,,,https://www.freee.co.jp/,D,非公開,,人事部 ご採用ご担当者様,,,,,,2026-06-14T12:04:58.914Z
株式会社エイコー,,,,,,info@freee.co.jp,0.4,,,https://www.freee.co.jp/,D,非公開,,人事部 ご採用ご担当者様,,,,,,2026-06-14T12:05:04.862Z
株式会社コーユービジネス,,,,,,info@freee.co.jp,0.4,,,https://www.freee.co.jp/,D,非公開,,人事部 ご採用ご担当者様,,,,,,2026-06-14T12:05:10.741Z
丸二倉庫株式会社,,,,,,info@npb.jp,0.4,,,https://npb.jp/,D,非公開,,人事部 ご採用ご担当者様,,,,,,2026-06-14T12:05:13.039Z
日鉄ソリューションズ関西株式会社,,,,,,info@nipponsteel.com,0.4,,03-6867-2242,https://www.nipponsteel.com/,D,非公開,,人事部 ご採用ご担当者様,,,,,,2026-06-14T12:05:14.063Z
日本ICS株式会社,,,,,,info@cao.go.jp,0.4,,03-5253-2111,https://www.cao.go.jp/,D,非公開,,人事部 ご採用ご担当者様,,,,,,2026-06-14T12:05:17.819Z
株式会社栗菱コンピューターズ,,,,,,info@freee.co.jp,0.4,,,https://www.freee.co.jp/,D,非公開,,人事部 ご採用ご担当者様,,,,,,2026-06-14T12:05:22.478Z
内外電機株式会社,,,,,,,0,,,https://support.microsoft.com/ja-jp,D,非公開,,人事部 ご採用ご担当者様,,,,,,2026-06-14T12:05:29.458Z
テス・エンジニアリング株式会社,,,,,,info@tess-hd.co.jp,0.4,,06-6308-2794,https://www.tess-hd.co.jp/,D,非公開,,人事部 ご採用ご担当者様,,,,,,2026-06-14T12:05:30.316Z
レンゴー株式会社,,,,,,info@rengo.co.jp,0.4,,06-6223-2371,https://www.rengo.co.jp/,D,非公開,,人事部 ご採用ご担当者様,,,,,,2026-06-14T12:05:30.804Z
株式会社カネカ,,者がお答えす,採用担当,,,info@kaneka.co.jp,0.4,0.7,,https://www.kaneka.co.jp/,B,正規表現抽出,https://www.kaneka.co.jp/recruit/,人事部 ご採用ご担当者様,,,,,,2026-06-14T12:05:34.169Z
帝人株式会社,,,,,,info@teijin.co.jp,0.4,,03-3506-4529,https://www.teijin.co.jp/,D,非公開,,人事部 ご採用ご担当者様,,,,,,2026-06-14T12:05:40.513Z
中西金属株式会社,,,,,,info@nakanishi.co.jp,0.4,,06-6791-1111,https://www.nakanishi.co.jp/,D,非公開,,人事部 ご採用ご担当者様,,,,,,2026-06-14T12:05:43.017Z
大和冷機工業株式会社,,,,,,info@daiwa-dp.co.jp,0.4,,076-220-1111,https://www.daiwa-dp.co.jp/,D,非公開,,人事部 ご採用ご担当者様,,,,,,2026-06-14T12:05:43.368Z
株式会社フジキン,,,,,,info@freee.co.jp,0.4,,,https://www.freee.co.jp/,D,非公開,,人事部 ご採用ご担当者様,,,,,,2026-06-14T12:05:47.665Z
東洋アルミニウム株式会社,,,,,,info@toyo.ac.jp,0.4,,03-3945-8172,https://www.toyo.ac.jp/,D,非公開,,人事部 ご採用ご担当者様,,,,,,2026-06-14T12:05:52.595Z
和田精密歯研株式会社,,,,,,info@wadamiya.jp,0.4,,078-652-1551,https://www.wadamiya.jp/,D,非公開,,人事部 ご採用ご担当者様,,,,,,2026-06-14T12:05:53.218Z
ザ・パック株式会社,,,,,,info@weblio.jp,0.4,,,https://www.weblio.jp/,D,非公開,,人事部 ご採用ご担当者様,,,,,,2026-06-14T12:05:59.461Z
ダイハツインフィニアース株式会社,,,,,,info@daihatsu.co.jp,0.4,,,https://www.daihatsu.co.jp/top.htm,D,非公開,,人事部 ご採用ご担当者様,,,,,,2026-06-14T12:06:02.228Z
株式会社レクザム,,,,,,info@freee.co.jp,0.4,,,https://www.freee.co.jp/,D,非公開,,人事部 ご採用ご担当者様,,,,,,2026-06-14T12:06:04.970Z
株式会社中山製鋼所,,,,,,info@freee.co.jp,0.4,,,https://www.freee.co.jp/,D,非公開,,人事部 ご採用ご担当者様,,,,,,2026-06-14T12:06:05.864Z
株式会社メイワパックス,,,,,,info@freee.co.jp,0.4,,,https://www.freee.co.jp/,D,非公開,,人事部 ご採用ご担当者様,,,,,,2026-06-14T12:06:08.778Z
株式会社初田製作所,,,,,,info@freee.co.jp,0.4,,,https://www.freee.co.jp/,D,非公開,,人事部 ご採用ご担当者様,,,,,,2026-06-14T12:06:09.569Z
株式会社ドウシシャ,,,,,,info@freee.co.jp,0.4,,,https://www.freee.co.jp/,D,非公開,,人事部 ご採用ご担当者様,,,,,,2026-06-14T12:06:22.236Z
株式会社東研サーモテック,,,,,,info@freee.co.jp,0.4,,,https://www.freee.co.jp/,D,非公開,,人事部 ご採用ご担当者様,,,,,,2026-06-14T12:06:22.688Z
タツタ電線株式会社,,,,,,,0,,,https://www.commentcamarche.net/,D,非公開,,人事部 ご採用ご担当者様,,,,,,2026-06-14T12:06:22.767Z
大喜工業株式会社,,,,,,info@query.ai,0.4,,,https://www.query.ai/,D,非公開,,人事部 ご採用ご担当者様,,,,,,2026-06-14T12:06:23.603Z
日本精線株式会社,,,,,,info@cao.go.jp,0.4,,03-5253-2111,https://www.cao.go.jp/,D,非公開,,人事部 ご採用ご担当者様,,,,,,2026-06-14T12:06:25.307Z
新コスモス電機株式会社,,,,,,,0,,,https://kanji.jitenon.jp/,D,非公開,,人事部 ご採用ご担当者様,,,,,,2026-06-14T12:06:26.092Z
株式会社NSCホールディングス,,,,,,info@freee.co.jp,0.4,,,https://www.freee.co.jp/,D,非公開,,人事部 ご採用ご担当者様,,,,,,2026-06-14T12:06:39.406Z
瑞光株式会社,,,,,,,0,,06-6226-7539,https://zuikou.net/,D,非公開,,人事部 ご採用ご担当者様,,,,,,2026-06-14T12:06:39.471Z
モリ工業株式会社,,,,,,info@mory.co.jp,0.4,,06-6635-0221,https://www.mory.co.jp/,D,非公開,,人事部 ご採用ご担当者様,,,,,,2026-06-14T12:06:41.725Z
株式会社デジタル,,,,,,info@freee.co.jp,0.4,,,https://www.freee.co.jp/,D,非公開,,人事部 ご採用ご担当者様,,,,,,2026-06-14T12:06:43.352Z
サンキン株式会社,,,,,,info@sun-gp.jp,0.4,,0944-87-0393,https://www.sun-gp.jp/,D,非公開,,人事部 ご採用ご担当者様,,,,,,2026-06-14T12:06:44.004Z
OSPアドバンス株式会社,,,,,,,0,,,https://es.xhamster.com/,D,非公開,,人事部 ご採用ご担当者様,,,,,,2026-06-14T12:06:45.263Z
桃栄金属工業株式会社,,,,,,info@ameblo.jp,0.4,,,https://ameblo.jp/,D,非公開,,人事部 ご採用ご担当者様,,,,,,2026-06-14T12:06:54.995Z
株式会社ハート,,,,,,info@freee.co.jp,0.4,,,https://www.freee.co.jp/,D,非公開,,人事部 ご採用ご担当者様,,,,,,2026-06-14T12:06:58.024Z
大同DMソリューション株式会社,,,,,,info@daido.co.jp,0.4,,052-963-7501,https://www.daido.co.jp/,D,非公開,,人事部 ご採用ご担当者様,,,,,,2026-06-14T12:06:59.295Z
ウメトク株式会社,,,,,,info@uekipedia.jp,0.4,,,https://www.uekipedia.jp/,D,非公開,,人事部 ご採用ご担当者様,,,,,,2026-06-14T12:06:59.923Z
株式会社多久製作所,,,,,,info@freee.co.jp,0.4,,,https://www.freee.co.jp/,D,非公開,,人事部 ご採用ご担当者様,,,,,,2026-06-14T12:07:00.580Z
株式会社太洋工作所,,,,,,info@freee.co.jp,0.4,,,https://www.freee.co.jp/,D,非公開,,人事部 ご採用ご担当者様,,,,,,2026-06-14T12:07:05.082Z
ハート封筒株式会社,,,,,,info@heart-group.co.jp,0.4,,06-6945-1029,https://www.heart-group.co.jp/,D,非公開,,人事部 ご採用ご担当者様,,,,,,2026-06-14T12:07:11.612Z
大阪ガスケミカル株式会社,,,,,,info@osaka-info.jp,0.4,,06-6131-4550,https://osaka-info.jp/,D,非公開,,人事部 ご採用ご担当者様,,,,,,2026-06-14T12:07:15.163Z
株式会社エムジー,,,,,,info@freee.co.jp,0.4,,,https://www.freee.co.jp/,D,非公開,,人事部 ご採用ご担当者様,,,,,,2026-06-14T12:07:16.062Z
株式会社大紀アルミニウム工業所,,,,,,info@freee.co.jp,0.4,,,https://www.freee.co.jp/,D,非公開,,人事部 ご採用ご担当者様,,,,,,2026-06-14T12:07:17.221Z
三精テクノロジーズ株式会社,,,,,,,0,,,https://kanji.jitenon.jp/,D,非公開,,人事部 ご採用ご担当者様,,,,,,2026-06-14T12:07:22.243Z
株式会社ヨドコウ,,,,,,info@freee.co.jp,0.4,,,https://www.freee.co.jp/,D,非公開,,人事部 ご採用ご担当者様,,,,,,2026-06-14T12:07:22.503Z
パナソニック防災システムズ株式会社,,,,,,info@panasonic.jp,0.4,,0120-007-414,https://panasonic.jp/,D,非公開,,人事部 ご採用ご担当者様,,,,,,2026-06-14T12:07:23.901Z
八州電工株式会社,,,,,,info@yashimadenko.co.jp,0.4,,06-6222-3234,https://www.yashimadenko.co.jp/,D,非公開,,人事部 ご採用ご担当者様,,,,,,2026-06-14T12:07:32.360Z
平井精密工業株式会社,,,,,,,0,,,https://kenhirai.jp/,D,非公開,,人事部 ご採用ご担当者様,,,,,,2026-06-14T12:07:34.806Z
株式会社中北製作所,,,,,,info@freee.co.jp,0.4,,,https://www.freee.co.jp/,D,非公開,,人事部 ご採用ご担当者様,,,,,,2026-06-14T12:07:34.814Z
ナガセルータック株式会社,,,,,,,,,,https://www.zhihu.com,D,非公開,,人事部 ご採用ご担当者様,,,,,,2026-06-14T12:07:36.859Z
信和株式会社,,,,,,info@shinwa-hp.co.jp,0.4,,06-6443-3430,https://www.shinwa-hp.co.jp/,D,非公開,,人事部 ご採用ご担当者様,,,,,,2026-06-14T12:07:39.415Z
ジェイ-ワイテックス株式会社,,,,,,info@js-educe.co.jp,0.4,,0120-551-918,https://www.js-educe.co.jp/,D,非公開,,人事部 ご採用ご担当者様,,,,,,2026-06-14T12:07:39.649Z
株式会社PILLAR,,,,,,info@freee.co.jp,0.4,,,https://www.freee.co.jp/,D,非公開,,人事部 ご採用ご担当者様,,,,,,2026-06-14T12:07:48.075Z
株式会社エースパック,,,,,,info@freee.co.jp,0.4,,,https://www.freee.co.jp/,D,非公開,,人事部 ご採用ご担当者様,,,,,,2026-06-14T12:07:51.598Z
モリテックスチール株式会社,,,,,,info@doramori.co.jp,0.4,,0946-21-0008,https://www.doramori.co.jp/,D,非公開,,人事部 ご採用ご担当者様,,,,,,2026-06-14T12:07:51.896Z
株式会社共和,,,,,,info@freee.co.jp,0.4,,,https://www.freee.co.jp/,D,非公開,,人事部 ご採用ご担当者様,,,,,,2026-06-14T12:07:52.141Z
京セラ株式会社,,,,,,,0,,,https://www.kyocera.co.jp/,D,非公開,,人事部 ご採用ご担当者様,,,,,,2026-06-14T12:07:55.711Z
パナソニック株式会社,,,,,,info@panasonic.jp,0.4,,0120-007-414,https://panasonic.jp/,D,非公開,,人事部 ご採用ご担当者様,,,,,,2026-06-14T12:08:05.338Z
シャープ株式会社,,,,,,,0,,,https://jp.sharp/,D,非公開,,人事部 ご採用ご担当者様,,,,,,2026-06-14T12:08:06.354Z
松尾電機株式会社,,,,,,info@calculator.com,0.4,,,https://calculator.com/,D,非公開,,人事部 ご採用ご担当者様,,,,,,2026-06-14T12:08:09.397Z
日東電工株式会社,,,,,,info@nito.co.jp,0.4,,,https://www.nito.co.jp/,D,非公開,,人事部 ご採用ご担当者様,,,,,,2026-06-14T12:08:09.487Z
積水化学工業株式会社,,,,,,,0,,03-6748-6460,https://www.sekisui.co.jp/,D,非公開,,人事部 ご採用ご担当者様,,,,,,2026-06-14T12:08:11.867Z
株式会社マンダム,,,,,,info@freee.co.jp,0.4,,,https://www.freee.co.jp/,D,非公開,,人事部 ご採用ご担当者様,,,,,,2026-06-14T12:08:13.427Z
関西ペイント株式会社,,,,,,info@kansai.or.jp,0.4,,06-6223-7204,https://kansai.or.jp/,D,非公開,,人事部 ご採用ご担当者様,,,,,,2026-06-14T12:08:18.717Z
日本ハム株式会社,,,,,,info@cao.go.jp,0.4,,03-5253-2111,https://www.cao.go.jp/,D,非公開,,人事部 ご採用ご担当者様,,,,,,2026-06-14T12:08:18.798Z
丸大食品株式会社,,,,,,,0,,,https://www.marudai.jp/,D,非公開,,人事部 ご採用ご担当者様,,,,,,2026-06-14T12:08:24.436Z
LINEヤフー株式会社,,,,,,info@line.me,0.4,,,https://www.line.me/ja/,D,非公開,,人事部 ご採用ご担当者様,,,,,,2026-06-14T12:08:30.953Z
株式会社ミンカブ・ジ・インフォノイド,,,,,,info@freee.co.jp,0.4,,,https://www.freee.co.jp/,D,非公開,,人事部 ご採用ご担当者様,,,,,,2026-06-14T12:08:34.038Z
環境設計株式会社,,公式,採用担当,,,info@env.go.jp,0.4,0.7,03-3581-3351,https://www.env.go.jp/,B,正規表現抽出,https://www.env.go.jp/guide/saiyo/,人事部 ご採用ご担当者様,,,,,,2026-06-14T12:08:35.562Z
株式会社フィール,,,,,,info@freee.co.jp,0.4,,,https://www.freee.co.jp/,D,非公開,,人事部 ご採用ご担当者様,,,,,,2026-06-14T12:08:39.358Z
エア・ウォーター株式会社,,,,,,info@awi.co.jp,0.4,,06-6252-5411,https://www.awi.co.jp/ja/index.html,D,非公開,,人事部 ご採用ご担当者様,,,,,,2026-06-14T12:08:43.423Z
岩谷産業株式会社,,,,,,info@iwatani.co.jp,0.4,,,https://www.iwatani.co.jp/jpn/,D,非公開,,人事部 ご採用ご担当者様,,,,,,2026-06-14T12:08:43.865Z
テスホールディングス株式会社,,,,,,info@tess-hd.co.jp,0.4,,06-6308-2794,https://www.tess-hd.co.jp/,D,非公開,,人事部 ご採用ご担当者様,,,,,,2026-06-14T12:08:44.130Z
日本ガスエンジニアリング株式会社,,,,,,info@cao.go.jp,0.4,,03-5253-2111,https://www.cao.go.jp/,D,非公開,,人事部 ご採用ご担当者様,,,,,,2026-06-14T12:08:51.302Z
シューワ株式会社,,,,,,info@cotta.jp,0.4,,,https://www.cotta.jp/,D,非公開,,人事部 ご採用ご担当者様,,,,,,2026-06-14T12:08:52.796Z
アバンテ都島株式会社,,,,,,info@abante.co.jp,0.4,,072-338-5858,https://www.abante.co.jp/,D,非公開,,人事部 ご採用ご担当者様,,,,,,2026-06-14T12:08:56.123Z
株式会社深田ガスサービス,,,,,,info@freee.co.jp,0.4,,,https://www.freee.co.jp/,D,非公開,,人事部 ご採用ご担当者様,,,,,,2026-06-14T12:08:57.708Z
株式会社水上電機製作所,,,,,,info@freee.co.jp,0.4,,,https://www.freee.co.jp/,D,非公開,,人事部 ご採用ご担当者様,,,,,,2026-06-14T12:08:58.378Z
イーエルジー株式会社,,,,,,info@eplus.jp,0.4,,,https://eplus.jp/,D,非公開,,人事部 ご採用ご担当者様,,,,,,2026-06-14T12:09:00.026Z
エネルギーパワー株式会社,,,,,,,,,,https://www.enecho.meti.go.jp,D,非公開,,人事部 ご採用ご担当者様,,,,,,2026-06-14T12:09:07.223Z
株式会社布施メンテナンス,,,,,,info@freee.co.jp,0.4,,,https://www.freee.co.jp/,D,非公開,,人事部 ご採用ご担当者様,,,,,,2026-06-14T12:09:12.392Z
日本ガス工業株式会社,,,,,,info@cao.go.jp,0.4,,03-5253-2111,https://www.cao.go.jp/,D,非公開,,人事部 ご採用ご担当者様,,,,,,2026-06-14T12:09:13.698Z
株式会社アースインフィニティ,,,,,,info@freee.co.jp,0.4,,,https://www.freee.co.jp/,D,非公開,,人事部 ご採用ご担当者様,,,,,,2026-06-14T12:09:14.836Z
大和熔材株式会社,,,,,,info@daiwa-dp.co.jp,0.4,,076-220-1111,https://www.daiwa-dp.co.jp/,D,非公開,,人事部 ご採用ご担当者様,,,,,,2026-06-14T12:09:14.913Z
浪速酸素株式会社,,,,,,info@naniwa.ed.jp,0.4,,06-6693-4031,https://www.naniwa.ed.jp/,D,非公開,,人事部 ご採用ご担当者様,,,,,,2026-06-14T12:09:17.263Z
株式会社マスコール,,,,,,info@freee.co.jp,0.4,,,https://www.freee.co.jp/,D,非公開,,人事部 ご採用ご担当者様,,,,,,2026-06-14T12:09:29.592Z
高圧ガス工業株式会社,,,,,,,0,,,https://denki.insweb.co.jp/,D,非公開,,人事部 ご採用ご担当者様,,,,,,2026-06-14T12:09:29.831Z
株式会社シエル石油大阪発売所,,,,,,info@freee.co.jp,0.4,,,https://www.freee.co.jp/,D,非公開,,人事部 ご採用ご担当者様,,,,,,2026-06-14T12:09:31.012Z
大和石油ガス株式会社,,,,,,,0,,,https://pvp.wanmei.com/,D,非公開,,人事部 ご採用ご担当者様,,,,,,2026-06-14T12:09:31.823Z
帝燃産業株式会社,,,,,,,0,,,https://kanji.jitenon.jp/,D,非公開,,人事部 ご採用ご担当者様,,,,,,2026-06-14T12:09:39.045Z
株式会社FUNOVA,,,,,,info@freee.co.jp,0.4,,,https://www.freee.co.jp/,D,非公開,,人事部 ご採用ご担当者様,,,,,,2026-06-14T12:09:46.663Z
大商油化学株式会社,,,,,,info@stackoverflow.com,0.4,,,https://stackoverflow.com/questions,D,非公開,,人事部 ご採用ご担当者様,,,,,,2026-06-14T12:09:47.471Z
株式会社パワーホールディングス,,,,,,info@freee.co.jp,0.4,,,https://www.freee.co.jp/,D,非公開,,人事部 ご採用ご担当者様,,,,,,2026-06-14T12:09:50.193Z
伸和工業株式会社,,,,,,info@napsinwa.co.jp,0.4,,077-587-2056,http://www.napsinwa.co.jp/,D,非公開,,人事部 ご採用ご担当者様,,,,,,2026-06-14T12:09:56.471Z
トーヨーエナジー株式会社,,,,,,,,,,https://www.sohu.com,D,非公開,,人事部 ご採用ご担当者様,,,,,,2026-06-14T12:09:57.495Z
河内長野ガス株式会社,,,,,,info@city.kawachinagano.lg.jp,0.4,,0721-53-1111,https://www.city.kawachinagano.lg.jp/,D,非公開,,人事部 ご採用ご担当者様,,,,,,2026-06-14T12:10:05.828Z
エコ健システム株式会社,,,,,,,0,,,https://mirai-eco2026.mlit.go.jp/,D,非公開,,人事部 ご採用ご担当者様,,,,,,2026-06-14T12:10:07.048Z
株式会社KOC,,,,,,info@freee.co.jp,0.4,,,https://www.freee.co.jp/,D,非公開,,人事部 ご採用ご担当者様,,,,,,2026-06-14T12:10:09.464Z
株式会社日本電気保安協会,,,,,,info@freee.co.jp,0.4,,,https://www.freee.co.jp/,D,非公開,,人事部 ご採用ご担当者様,,,,,,2026-06-14T12:10:11.547Z
ガスワークオカゲ株式会社,,,,,,info@nichigas.co.jp,0.4,,0120-428-057,https://www.nichigas.co.jp/,D,非公開,,人事部 ご採用ご担当者様,,,,,,2026-06-14T12:10:14.379Z
片江石油株式会社,,,,,,,,,,https://www.britannica.com,D,非公開,,人事部 ご採用ご担当者様,,,,,,2026-06-14T12:10:16.007Z
京立商事株式会社,,,,,,,0,,,https://kanji.jitenon.jp/,D,非公開,,人事部 ご採用ご担当者様,,,,,,2026-06-14T12:10:23.013Z
岩谷液化ガスターミナル株式会社,,,,,,info@iwatani.co.jp,0.4,,,https://www.iwatani.co.jp/jpn/,D,非公開,,人事部 ご採用ご担当者様,,,,,,2026-06-14T12:10:23.794Z
株式会社中西工業所,,,,,,info@freee.co.jp,0.4,,,https://www.freee.co.jp/,D,非公開,,人事部 ご採用ご担当者様,,,,,,2026-06-14T12:10:24.187Z
洋也株式会社,,,,,,,0,,,https://kanji.jitenon.jp/,D,非公開,,人事部 ご採用ご担当者様,,,,,,2026-06-14T12:10:27.392Z
大阪ニッタン株式会社,,,,,,info@osaka-info.jp,0.4,,06-6131-4550,https://osaka-info.jp/,D,非公開,,人事部 ご採用ご担当者様,,,,,,2026-06-14T12:10:28.115Z
ツバメ産業株式会社,,,,,,info@yachozukan.com,0.4,,,https://yachozukan.com/,D,非公開,,人事部 ご採用ご担当者様,,,,,,2026-06-14T12:10:39.611Z
株式会社ガスパル近畿,,,,,,info@freee.co.jp,0.4,,,https://www.freee.co.jp/,D,非公開,,人事部 ご採用ご担当者様,,,,,,2026-06-14T12:10:41.655Z
大丸エナウィン株式会社,,,,,,info@daimaru.co.jp,0.4,,050-1790-3000,https://www.daimaru.co.jp/,D,非公開,,人事部 ご採用ご担当者様,,,,,,2026-06-14T12:10:41.827Z
阪奈瓦斯株式会社,,,,,,info@marksandspencer.com,0.4,,,https://www.marksandspencer.com/,D,非公開,,人事部 ご採用ご担当者様,,,,,,2026-06-14T12:10:44.572Z
関西電力株式会社,,,,,,info@kansai.or.jp,0.4,,06-6223-7204,https://kansai.or.jp/,D,非公開,,人事部 ご採用ご担当者様,,,,,,2026-06-14T12:10:45.108Z
岩谷瓦斯株式会社,,,,,,,0,,06-6530-1011,https://www.iwatanigas.co.jp/,D,非公開,,人事部 ご採用ご担当者様,,,,,,2026-06-14T12:10:49.180Z
青木産業株式会社,,,,,,info@aoki-style.com,0.4,,,https://www.aoki-style.com/,D,非公開,,人事部 ご採用ご担当者様,,,,,,2026-06-14T12:10:57.194Z
大阪瓦斯株式会社,,,,,,info@osaka-info.jp,0.4,,06-6131-4550,https://osaka-info.jp/,D,非公開,,人事部 ご採用ご担当者様,,,,,,2026-06-14T12:10:59.226Z
株式会社アイコンホールディングス,,,,,,info@freee.co.jp,0.4,,,https://www.freee.co.jp/,D,非公開,,人事部 ご採用ご担当者様,,,,,,2026-06-14T12:10:59.335Z
有限会社茂木商事,,,,,,,,,,,D,非公開,,人事部 ご採用ご担当者様,,,,,,2026-06-14T12:11:04.230Z
株式会社ミスジ,,,,,,info@freee.co.jp,0.4,,,https://www.freee.co.jp/,D,非公開,,人事部 ご採用ご担当者様,,,,,,2026-06-14T12:11:05.039Z
大阪ガスリキッド株式会社,,,,,,info@osaka-info.jp,0.4,,06-6131-4550,https://osaka-info.jp/,D,非公開,,人事部 ご採用ご担当者様,,,,,,2026-06-14T12:11:05.595Z
株式会社白晃トレーディング,,,,,,info@freee.co.jp,0.4,,,https://www.freee.co.jp/,D,非公開,,人事部 ご採用ご担当者様,,,,,,2026-06-14T12:11:15.618Z
株式会社ソルトラボ石垣島,,,,,,info@freee.co.jp,0.4,,,https://www.freee.co.jp/,D,非公開,,人事部 ご採用ご担当者様,,,,,,2026-06-14T12:11:15.712Z
株式会社KDP,,,,,,info@freee.co.jp,0.4,,,https://www.freee.co.jp/,D,非公開,,人事部 ご採用ご担当者様,,,,,,2026-06-14T12:11:16.679Z
サカタウエアハウス株式会社,,,,,,info@sakataseed.co.jp,0.4,,045-945-8800,https://www.sakataseed.co.jp/,D,非公開,,人事部 ご採用ご担当者様,,,,,,2026-06-14T12:11:18.440Z
株式会社ネオレックス,,,,,,info@freee.co.jp,0.4,,,https://www.freee.co.jp/,D,非公開,,人事部 ご採用ご担当者様,,,,,,2026-06-14T12:11:21.972Z
ニュートラル株式会社,,,,,,,0,,,https://kotobank.jp/,D,非公開,,人事部 ご採用ご担当者様,,,,,,2026-06-14T12:11:22.060Z
株式会社豆蔵ホールディングス,,,,,,info@freee.co.jp,0.4,,,https://www.freee.co.jp/,D,非公開,,人事部 ご採用ご担当者様,,,,,,2026-06-14T12:11:32.380Z
中部日本放送株式会社,,,,,,,,,,https://www.reddit.com,D,非公開,,人事部 ご採用ご担当者様,,,,,,2026-06-14T12:11:33.207Z
ダイコク電機株式会社,,,,,,info@outlook.com,0.4,,,https://www.microsoft.com/ja-jp/microsoft-365/outlook/email-and-calendar-software-microsoft-outlook?deeplink=%2Fmail%2F&sdf=0,D,非公開,,人事部 ご採用ご担当者様,,,,,,2026-06-14T12:11:33.707Z
ブラザー工業株式会社,,,,,,,,,,https://www.brother.co.jp,D,非公開,,人事部 ご採用ご担当者様,,,,,,2026-06-14T12:11:38.122Z
株式会社トヨタシステムズ,,,,,,info@freee.co.jp,0.4,,,https://www.freee.co.jp/,D,非公開,,人事部 ご採用ご担当者様,,,,,,2026-06-14T12:11:38.232Z
トランコム株式会社,,執行役員,採用担当,,,info@trancom.co.jp,0.4,0.7,,https://www.trancom.co.jp/,B,正規表現抽出,https://www.trancom.co.jp/whatstrancom/overview/,人事部 ご採用ご担当者様,,,,,,2026-06-14T12:11:39.192Z
株式会社エイチーム,,,,,,info@freee.co.jp,0.4,,,https://www.freee.co.jp/,D,非公開,,人事部 ご採用ご担当者様,,,,,,2026-06-14T12:11:44.169Z
トビラシステムズ株式会社,,,,,,info@line.me,0.4,,,https://www.line.me/ja/,D,非公開,,人事部 ご採用ご担当者様,,,,,,2026-06-14T12:11:49.085Z
株式会社プロトコーポレーション,,,,,,info@freee.co.jp,0.4,,,https://www.freee.co.jp/,D,非公開,,人事部 ご採用ご担当者様,,,,,,2026-06-14T12:11:53.676Z
株式会社デンソークリエイト,,,,,,info@freee.co.jp,0.4,,,https://www.freee.co.jp/,D,非公開,,人事部 ご採用ご担当者様,,,,,,2026-06-14T12:11:55.349Z
株式会社スタメン,,,,,,info@freee.co.jp,0.4,,,https://www.freee.co.jp/,D,非公開,,人事部 ご採用ご担当者様,,,,,,2026-06-14T12:11:57.740Z
株式会社中電シーティーアイ,,,,,,info@freee.co.jp,0.4,,,https://www.freee.co.jp/,D,非公開,,人事部 ご採用ご担当者様,,,,,,2026-06-14T12:12:02.538Z
株式会社NTTデータ東海,,,,,,info@freee.co.jp,0.4,,,https://www.freee.co.jp/,D,非公開,,人事部 ご採用ご担当者様,,,,,,2026-06-14T12:12:11.744Z
CDS株式会社,,,,,,info@cds-japan.jp,0.4,,052-587-5410,https://www.cds-japan.jp/ja/,D,非公開,,人事部 ご採用ご担当者様,,,,,,2026-06-14T12:12:12.012Z
株式会社テスク,,,,,,info@freee.co.jp,0.4,,,https://www.freee.co.jp/,D,非公開,,人事部 ご採用ご担当者様,,,,,,2026-06-14T12:12:12.739Z
トヨタテクニカルディベロップメント株式会社,,,,,,,0,,,https://toyota.jp/,D,非公開,,人事部 ご採用ご担当者様,,,,,,2026-06-14T12:12:13.172Z
エヌ・エス・シー株式会社,,,,,,info@16ku.jp,0.4,,0120-301-116,https://www.16ku.jp/,D,非公開,,人事部 ご採用ご担当者様,,,,,,2026-06-14T12:12:14.595Z
デンソーテクノ株式会社,,,,,,,,,,https://www.denso.com,D,非公開,,人事部 ご採用ご担当者様,,,,,,2026-06-14T12:12:19.434Z
アビームシステムズ株式会社,,矢賀部 宛て,人事担当,矢賀部,,info@abbey2007.com,0.4,0.7,03-5774-5774,https://www.abbey2007.com/,B,正規表現抽出,https://www.abbey2007.com/recruit,人事部 ご採用ご担当者様,,,,,,2026-06-14T12:12:25.360Z
株式会社豊田自動織機ITソリューションズ,,,,,,info@freee.co.jp,0.4,,,https://www.freee.co.jp/,D,非公開,,人事部 ご採用ご担当者様,,,,,,2026-06-14T12:12:28.429Z
中部テレコミュニケーション株式会社,,,,,,info@58.com,0.4,,,https://bj.58.com/,D,非公開,,人事部 ご採用ご担当者様,,,,,,2026-06-14T12:12:28.709Z
NDSソリューション株式会社,,,,,,info@iibf.org.in,0.4,,080-6926-0710,https://iibf.org.in/,D,非公開,,人事部 ご採用ご担当者様,,,,,,2026-06-14T12:12:29.432Z
トヨタコネクティッド株式会社,,,,,,,0,,,https://toyota.jp/,D,非公開,,人事部 ご採用ご担当者様,,,,,,2026-06-14T12:12:34.618Z
株式会社フューチャーイン,,,,,,info@freee.co.jp,0.4,,,https://www.freee.co.jp/,D,非公開,,人事部 ご採用ご担当者様,,,,,,2026-06-14T12:12:37.404Z
株式会社エスワイシステム,,,,,,info@freee.co.jp,0.4,,,https://www.freee.co.jp/,D,非公開,,人事部 ご採用ご担当者様,,,,,,2026-06-14T12:12:45.172Z
株式会社グローバルキャスト,,,,,,info@freee.co.jp,0.4,,,https://www.freee.co.jp/,D,非公開,,人事部 ご採用ご担当者様,,,,,,2026-06-14T12:12:46.877Z
トーテックアメニティ株式会社,,,,,,info@jp.toto.com,0.4,,0120-101-005,https://jp.toto.com/,D,非公開,,人事部 ご採用ご担当者様,,,,,,2026-06-14T12:12:54.368Z
株式会社システムリサーチ,,,,,,info@freee.co.jp,0.4,,,https://www.freee.co.jp/,D,非公開,,人事部 ご採用ご担当者様,,,,,,2026-06-14T12:13:02.079Z
株式会社豊通シスコム,,,,,,info@freee.co.jp,0.4,,,https://www.freee.co.jp/,D,非公開,,人事部 ご採用ご担当者様,,,,,,2026-06-14T12:13:03.352Z
豊田通商システムズ株式会社,,,,,,,0,,,https://toyota.jp/,D,非公開,,人事部 ご採用ご担当者様,,,,,,2026-06-14T12:13:05.169Z
東邦ガス情報システム株式会社,,,,,,info@tohogas.co.jp,0.4,,052-872-9319,https://www.tohogas.co.jp/,D,非公開,,人事部 ご採用ご担当者様,,,,,,2026-06-14T12:13:12.649Z
MHIエアロスペースシステムズ株式会社,,,,,,info@mhint.jp,0.4,,03-3371-1481,https://www.mhint.jp/,D,非公開,,人事部 ご採用ご担当者様,,,,,,2026-06-14T12:13:19.492Z
株式会社メイテツコム,,,,,,info@freee.co.jp,0.4,,,https://www.freee.co.jp/,D,非公開,,人事部 ご採用ご担当者様,,,,,,2026-06-14T12:13:19.835Z
ネットフォース株式会社,,,,,,,,,,,D,非公開,,人事部 ご採用ご担当者様,,,,,,2026-06-14T12:13:27.017Z
中部テレココミュニケーション株式会社,,,,,,info@amazon.de,0.4,,,https://www.amazon.de/,D,非公開,,人事部 ご採用ご担当者様,,,,,,2026-06-14T12:13:28.384Z
日本インフォメーション株式会社,,,,,,info@cao.go.jp,0.4,,03-5253-2111,https://www.cao.go.jp/,D,非公開,,人事部 ご採用ご担当者様,,,,,,2026-06-14T12:13:31.034Z
テクノホライゾン株式会社,,,,,,info@techno-d.jp,0.4,,096-287-4400,https://www.techno-d.jp/,D,非公開,,人事部 ご採用ご担当者様,,,,,,2026-06-14T12:13:34.331Z
東海ソフト株式会社,,,,,,info@jr-central.co.jp,0.4,,,https://jr-central.co.jp/,D,非公開,,人事部 ご採用ご担当者様,,,,,,2026-06-14T12:13:36.834Z
名古屋電機工業株式会社,,,,,,info@nagoya-info.jp,0.4,,052-202-1146,https://www.nagoya-info.jp/,D,非公開,,人事部 ご採用ご担当者様,,,,,,2026-06-14T12:13:37.799Z
株式会社アイビス,,,,,,info@freee.co.jp,0.4,,,https://www.freee.co.jp/,D,非公開,,人事部 ご採用ご担当者様,,,,,,2026-06-14T12:13:48.024Z
日本エコシステム株式会社,,,,,,info@cao.go.jp,0.4,,03-5253-2111,https://www.cao.go.jp/,D,非公開,,人事部 ご採用ご担当者様,,,,,,2026-06-14T12:13:51.201Z
サン電子株式会社,,,,,,info@sun-gp.jp,0.4,,0944-87-0393,https://www.sun-gp.jp/,D,非公開,,人事部 ご採用ご担当者様,,,,,,2026-06-14T12:13:55.264Z
東海エレクトロニクス株式会社,,,,,,info@jr-central.co.jp,0.4,,,https://jr-central.co.jp/,D,非公開,,人事部 ご採用ご担当者様,,,,,,2026-06-14T12:13:58.391Z
東洋電機株式会社,,,,,,info@toyo.ac.jp,0.4,,03-3945-8172,https://www.toyo.ac.jp/,D,非公開,,人事部 ご採用ご担当者様,,,,,,2026-06-14T12:14:01.342Z
公益財団法人名古屋観光コンベンションビューロー,,,,,,,,,,https://linux.do,D,非公開,,人事部 ご採用ご担当者様,,,,,,2026-06-14T12:14:04.526Z
名古屋中小企業投資育成株式会社,,,,,,info@nagoya-info.jp,0.4,,052-202-1146,https://www.nagoya-info.jp/,D,非公開,,人事部 ご採用ご担当者様,,,,,,2026-06-14T12:14:08.106Z
学校法人愛知朝鮮学園,,,,,,info@takahagi-school.jp,0.4,,,http://takahagi-school.jp/,D,非公開,,人事部 ご採用ご担当者様,,,,,,2026-06-14T12:14:08.412Z
株式会社アドバ,,,,,,info@freee.co.jp,0.4,,,https://www.freee.co.jp/,D,非公開,,人事部 ご採用ご担当者様,,,,,,2026-06-14T12:14:09.991Z
サンエスサービス株式会社,,,,,,,0,,072-633-8030,https://www.suns.co.jp/textile/,D,非公開,,人事部 ご採用ご担当者様,,,,,,2026-06-14T12:14:15.415Z
株式会社LOVELEDGE,,,,,,info@freee.co.jp,0.4,,,https://www.freee.co.jp/,D,非公開,,人事部 ご採用ご担当者様,,,,,,2026-06-14T12:14:17.499Z
株式会社トップ,,,,,,info@oa-top.co.jp,0.4,,0120-519-199,https://oa-top.co.jp/,D,非公開,,人事部 ご採用ご担当者様,,,,,,2026-06-14T12:14:18.718Z
日本郵便株式会社,,,,,,info@msn.com,0.4,,,https://www.msn.com/ja-jp,D,非公開,,人事部 ご採用ご担当者様,,,,,,2026-06-14T12:14:25.684Z
産業株式会社,,,,,,,,,,https://www.meti.go.jp,D,非公開,,人事部 ご採用ご担当者様,,,,,,2026-06-14T12:14:25.976Z
首都高速道路株式会社,,非常勤職員,採用,,,,0,0.7,03-5321-1111,https://www.metro.tokyo.lg.jp/,B,正規表現抽出,https://www.metro.tokyo.lg.jp/purpose/selection?utm_source=search&utm_medium=internal&utm_id=sidebar,人事部 ご採用ご担当者様,,,,,,2026-06-14T12:14:27.193Z
日本貨物鉄道株式会社,,,,,,info@dafunda.com,0.4,,,https://dafunda.com/,D,非公開,,人事部 ご採用ご担当者様,,,,,,2026-06-14T12:14:31.818Z
オートコムジャパン株式会社,,,,,,info@ohto.co.jp,0.4,,,https://ohto.co.jp/,D,非公開,,人事部 ご採用ご担当者様,,,,,,2026-06-14T12:14:35.357Z
旧横浜船渠株式会社,,,,,,,0,,,https://kotobank.jp/,D,非公開,,人事部 ご採用ご担当者様,,,,,,2026-06-14T12:14:42.918Z
株式会社ゼンリン,,,,,,info@freee.co.jp,0.4,,,https://www.freee.co.jp/,D,非公開,,人事部 ご採用ご担当者様,,,,,,2026-06-14T12:14:44.528Z
ニシム電子工業株式会社,,,,,,,0,,,https://www.nicovideo.jp/,D,非公開,,人事部 ご採用ご担当者様,,,,,,2026-06-14T12:14:56.524Z
株式会社RKB毎日ホールディングス,,,,,,info@nhentai.net,0.4,,,https://nhentai.net/,D,非公開,,人事部 ご採用ご担当者様,,,,,,2026-06-14T12:14:58.920Z
メディカル・データ・ビジョン株式会社,,,,,,info@medicalonline.jp,0.4,,03-5577-5877,https://www.medicalonline.jp/,D,非公開,,人事部 ご採用ご担当者様,,,,,,2026-06-14T12:15:01.585Z
株式会社アイキューブドシステムズ,,,,,,,,,,https://www.espncricinfo.com,D,非公開,,人事部 ご採用ご担当者様,,,,,,2026-06-14T12:15:02.974Z
株式会社QPS研究所,,,,,,info@health.harvard.edu,0.4,,,https://www.health.harvard.edu/,D,非公開,,人事部 ご採用ご担当者様,,,,,,2026-06-14T12:15:04.404Z
メディアファイブ株式会社,,,,,,,0,,,https://job.migi-nanameue.co.jp/,D,非公開,,人事部 ご採用ご担当者様,,,,,,2026-06-14T12:15:08.127Z
Qsol株式会社,,,,,,info@qsolcorp.co.jp,0.4,,092-781-9671,https://www.qsolcorp.co.jp/,D,非公開,,人事部 ご採用ご担当者様,,,,,,2026-06-14T12:15:14.059Z
株式会社YE,,,,,,info@freee.co.jp,0.4,,,https://www.freee.co.jp/,D,非公開,,人事部 ご採用ご担当者様,,,,,,2026-06-14T12:15:16.272Z
西部ガス情報システム株式会社,,,,,,,0,,,https://www.seiburailway.jp/,D,非公開,,人事部 ご採用ご担当者様,,,,,,2026-06-14T12:15:22.312Z
株式会社ディジテック,,,,,,info@freee.co.jp,0.4,,,https://www.freee.co.jp/,D,非公開,,人事部 ご採用ご担当者様,,,,,,2026-06-14T12:15:30.348Z
株式会社安川電機,,,,,,info@freee.co.jp,0.4,,,https://www.freee.co.jp/,D,非公開,,人事部 ご採用ご担当者様,,,,,,2026-06-14T12:15:32.272Z
株式会社ランテック,,,,,,info@runtec.co.jp,0.4,,,https://www.runtec.co.jp/,D,非公開,,人事部 ご採用ご担当者様,,,,,,2026-06-14T12:15:32.428Z
LINEヤフーコミュニケーションズ株式会社,,,,,,info@line.me,0.4,,,https://www.line.me/ja/,D,非公開,,人事部 ご採用ご担当者様,,,,,,2026-06-14T12:15:34.263Z
株式会社正興電機製作所,,,,,,info@freee.co.jp,0.4,,,https://www.freee.co.jp/,D,非公開,,人事部 ご採用ご担当者様,,,,,,2026-06-14T12:15:40.360Z
東芝EIコントロールシステム株式会社,,,,,,,0,,,https://www.global.toshiba/jp/top.html,D,非公開,,人事部 ご採用ご担当者様,,,,,,2026-06-14T12:15:40.893Z
株式会社NTTデータ九州,,,,,,info@freee.co.jp,0.4,,,https://www.freee.co.jp/,D,非公開,,人事部 ご採用ご担当者様,,,,,,2026-06-14T12:15:44.709Z
株式会社シティアスコム,,,,,,info@freee.co.jp,0.4,,,https://www.freee.co.jp/,D,非公開,,人事部 ご採用ご担当者様,,,,,,2026-06-14T12:15:47.720Z
日鉄ソリューションズ九州株式会社,,,,,,info@nipponsteel.com,0.4,,03-6867-2242,https://www.nipponsteel.com/,D,非公開,,人事部 ご採用ご担当者様,,,,,,2026-06-14T12:15:48.921Z
株式会社インフォセンス,,,,,,info@freee.co.jp,0.4,,,https://www.freee.co.jp/,D,非公開,,人事部 ご採用ご担当者様,,,,,,2026-06-14T12:15:53.787Z
株式会社BCC,,,,,,info@freee.co.jp,0.4,,,https://www.freee.co.jp/,D,非公開,,人事部 ご採用ご担当者様,,,,,,2026-06-14T12:15:55.879Z
応研株式会社,,,,,,info@ohken.co.jp,0.4,,03-3299-0789,https://www.ohken.co.jp/,D,非公開,,人事部 ご採用ご担当者様,,,,,,2026-06-14T12:15:57.449Z
株式会社ベガコーポレーション,,,,,,info@freee.co.jp,0.4,,,https://www.freee.co.jp/,D,非公開,,人事部 ご採用ご担当者様,,,,,,2026-06-14T12:16:01.451Z
安川メカトレック末松九機株式会社,,,,,,info@yaskawa.co.jp,0.4,,0120-502-495,https://www.yaskawa.co.jp/,D,非公開,,人事部 ご採用ご担当者様,,,,,,2026-06-14T12:16:05.192Z
チクシ電気株式会社,,,,,,,,,,https://www.anime-chi.jp,D,非公開,,人事部 ご採用ご担当者様,,,,,,2026-06-14T12:16:05.567Z
株式会社ソフトサービス,,,,,,info@freee.co.jp,0.4,,,https://www.freee.co.jp/,D,非公開,,人事部 ご採用ご担当者様,,,,,,2026-06-14T12:16:10.392Z
SCSK九州株式会社,,制度,人事,,,info@scsk.jp,0.4,0.7,,https://www.scsk.jp/,B,正規表現抽出,https://www.scsk.jp/recruit/career/feature/index.html,人事部 ご採用ご担当者様,,,,,,2026-06-14T12:16:10.517Z
株式会社チェンジ,,,,,,info@change-jp.com,0.4,,03-6435-7348,https://www.change-jp.com/,D,非公開,,人事部 ご採用ご担当者様,,,,,,2026-06-14T12:16:11.179Z
シスメックスCNA株式会社,,,,,,,,,,https://www.zhihu.com,D,非公開,,人事部 ご採用ご担当者様,,,,,,2026-06-14T12:16:12.347Z
シンカ株式会社,,,,,,,0,,,https://www.shin-kamen-rider.jp/,D,非公開,,人事部 ご採用ご担当者様,,,,,,2026-06-14T12:16:18.429Z
TIS西日本株式会社,,,,,,info@tis.co.jp,0.4,,080-0600-9810,https://www.tis.co.jp/,D,非公開,,人事部 ご採用ご担当者様,,,,,,2026-06-14T12:16:25.728Z
株式会社ヌーラボ,,,,,,info@freee.co.jp,0.4,,,https://www.freee.co.jp/,D,非公開,,人事部 ご採用ご担当者様,,,,,,2026-06-14T12:16:25.979Z
株式会社九州DTS,,,,,,info@freee.co.jp,0.4,,,https://www.freee.co.jp/,D,非公開,,人事部 ご採用ご担当者様,,,,,,2026-06-14T12:16:26.457Z
株式会社レイヤード,,,,,,info@freee.co.jp,0.4,,,https://www.freee.co.jp/,D,非公開,,人事部 ご採用ご担当者様,,,,,,2026-06-14T12:16:26.834Z
株式会社オートメイション・テクノロジー,,,,,,info@freee.co.jp,0.4,,,https://www.freee.co.jp/,D,非公開,,人事部 ご採用ご担当者様,,,,,,2026-06-14T12:16:27.220Z
TOTOインフォム株式会社,,,,,,info@jp.toto.com,0.4,,0120-101-005,https://jp.toto.com/,D,非公開,,人事部 ご採用ご担当者様,,,,,,2026-06-14T12:16:35.264Z
富士通Japanソリューションズ九州株式会社,,,,,,,0,,,https://fujitsu.recruiting.jp.fujitsu.com/,D,非公開,,人事部 ご採用ご担当者様,,,,,,2026-06-14T12:16:42.939Z
株式会社ルネックスプラスティ,,,,,,info@freee.co.jp,0.4,,,https://www.freee.co.jp/,D,非公開,,人事部 ご採用ご担当者様,,,,,,2026-06-14T12:16:43.161Z
株式会社HERO,,,,,,info@freee.co.jp,0.4,,,https://www.freee.co.jp/,D,非公開,,人事部 ご採用ご担当者様,,,,,,2026-06-14T12:16:43.226Z
東亜建設技術株式会社,,,,,,info@horoscope.com,0.4,,,https://www.horoscope.com/us/index.aspx,D,非公開,,人事部 ご採用ご担当者様,,,,,,2026-06-14T12:16:43.465Z
株式会社Fusic,,,,,,info@freee.co.jp,0.4,,,https://www.freee.co.jp/,D,非公開,,人事部 ご採用ご担当者様,,,,,,2026-06-14T12:16:45.137Z
株式会社ネクシス,,,,,,info@freee.co.jp,0.4,,,https://www.freee.co.jp/,D,非公開,,人事部 ご採用ご担当者様,,,,,,2026-06-14T12:16:52.161Z
株式会社サンテク,,,,,,info@freee.co.jp,0.4,,,https://www.freee.co.jp/,D,非公開,,人事部 ご採用ご担当者様,,,,,,2026-06-14T12:16:59.492Z
日米電子株式会社,,,,,,,,,,https://www.mofa.go.jp,D,非公開,,人事部 ご採用ご担当者様,,,,,,2026-06-14T12:17:00.384Z
株式会社パーキングソリューションズ,,,,,,info@freee.co.jp,0.4,,,https://www.freee.co.jp/,D,非公開,,人事部 ご採用ご担当者様,,,,,,2026-06-14T12:17:00.788Z
株式会社ソルネット,,,,,,info@freee.co.jp,0.4,,,https://www.freee.co.jp/,D,非公開,,人事部 ご採用ご担当者様,,,,,,2026-06-14T12:17:01.796Z
西日本イシダ株式会社,,,,,,,0,,,https://kanji.jitenon.jp/,D,非公開,,人事部 ご採用ご担当者様,,,,,,2026-06-14T12:17:05.175Z
株式会社テクノ・カルチャー・システム,,,,,,info@freee.co.jp,0.4,,,https://www.freee.co.jp/,D,非公開,,人事部 ご採用ご担当者様,,,,,,2026-06-14T12:17:10.393Z
九州地理情報株式会社,,,,,,info@avsforum.com,0.4,,,https://www.avsforum.com/,D,非公開,,人事部 ご採用ご担当者様,,,,,,2026-06-14T12:17:10.603Z
ITF合同会社,,,,,,info@itftennis.com,0.4,,03-9914-4000,https://www.itftennis.com/en/,D,非公開,,人事部 ご採用ご担当者様,,,,,,2026-06-14T12:17:16.693Z
日本コンピューター株式会社,,,,,,info@cao.go.jp,0.4,,03-5253-2111,https://www.cao.go.jp/,D,非公開,,人事部 ご採用ご担当者様,,,,,,2026-06-14T12:17:17.344Z
株式会社アステック,,,,,,info@astecpaints.jp,0.4,,,https://astecpaints.jp/,D,非公開,,人事部 ご採用ご担当者様,,,,,,2026-06-14T12:17:19.562Z
久留米情報システム株式会社,,,,,,info@city.kurume.fukuoka.jp,0.4,,0942-30-9000,https://www.city.kurume.fukuoka.jp/,D,非公開,,人事部 ご採用ご担当者様,,,,,,2026-06-14T12:17:23.695Z
株式会社シンク,,,,,,info@freee.co.jp,0.4,,,https://www.freee.co.jp/,D,非公開,,人事部 ご採用ご担当者様,,,,,,2026-06-14T12:17:27.841Z
株式会社Workthy,,,,,,info@freee.co.jp,0.4,,,https://www.freee.co.jp/,D,非公開,,人事部 ご採用ご担当者様,,,,,,2026-06-14T12:17:33.667Z
アイコムソフト株式会社,,,,,,info@icom.co.jp,0.4,,0120-156-313,https://www.icom.co.jp/,D,非公開,,人事部 ご採用ご担当者様,,,,,,2026-06-14T12:17:34.048Z
ネットイーグル株式会社,,,,,,info@thrillophilia.com,0.4,,0123-45-6789,https://www.thrillophilia.com/,D,非公開,,人事部 ご採用ご担当者様,,,,,,2026-06-14T12:17:42.035Z
株式会社九州テン,,,,,,info@freee.co.jp,0.4,,,https://www.freee.co.jp/,D,非公開,,人事部 ご採用ご担当者様,,,,,,2026-06-14T12:17:48.559Z
フォーサイトシステム株式会社,,,,,,info@kinarino.jp,0.4,,,https://kinarino.jp/,D,非公開,,人事部 ご採用ご担当者様,,,,,,2026-06-14T12:17:53.276Z
日本足袋株式会社,,,,,,info@cao.go.jp,0.4,,03-5253-2111,https://www.cao.go.jp/,D,非公開,,人事部 ご採用ご担当者様,,,,,,2026-06-14T12:17:54.864Z
一般財団法人神戸観光局,,,,,,,0,,,https://kotobank.jp/,D,非公開,,人事部 ご採用ご担当者様,,,,,,2026-06-14T12:18:06.295Z
株式会社神戸市,,,,,,info@freee.co.jp,0.4,,,https://www.freee.co.jp/,D,非公開,,人事部 ご採用ご担当者様,,,,,,2026-06-14T12:18:08.431Z
深江化成株式会社,,,,,,,,,,https://www.nexusmods.com,D,非公開,,人事部 ご採用ご担当者様,,,,,,2026-06-14T12:18:10.749Z
ニックス株式会社,,者より,採用,,,info@nix.co.jp,0.4,0.7,,https://www.nix.co.jp/,B,正規表現抽出,https://www.nix.co.jp/,人事部 ご採用ご担当者様,,,,,,2026-06-14T12:18:10.972Z
スウィフト・エックスアイ株式会社,,,,,,info@suzuki.co.jp,0.4,,0120-402-253,https://www.suzuki.co.jp/,D,非公開,,人事部 ご採用ご担当者様,,,,,,2026-06-14T12:18:16.169Z
一般社団法人埼玉県物産観光協会,,,,,,,0,,,https://kotobank.jp/,D,非公開,,人事部 ご採用ご担当者様,,,,,,2026-06-14T12:18:18.579Z
首都圏新都市鉄道株式会社,,非常勤職員,採用,,,,0,0.7,03-5321-1111,https://www.metro.tokyo.lg.jp/,B,正規表現抽出,https://www.metro.tokyo.lg.jp/purpose/selection?utm_source=search&utm_medium=internal&utm_id=sidebar,人事部 ご採用ご担当者様,,,,,,2026-06-14T12:18:25.428Z
株式会社協和埼玉銀行,,,,,,info@freee.co.jp,0.4,,,https://www.freee.co.jp/,D,非公開,,人事部 ご採用ご担当者様,,,,,,2026-06-14T12:18:26.413Z
埼玉高速鉄道株式会社,,,,,,info@pref.saitama.lg.jp,0.4,,048-824-2111,https://www.pref.saitama.lg.jp/,D,非公開,,人事部 ご採用ご担当者様,,,,,,2026-06-14T12:18:27.229Z
東京地下鉄株式会社,,非常勤職員,採用,,,,0,0.7,03-5321-1111,https://www.metro.tokyo.lg.jp/,B,正規表現抽出,https://www.metro.tokyo.lg.jp/purpose/selection?utm_source=search&utm_medium=internal&utm_id=sidebar,人事部 ご採用ご担当者様,,,,,,2026-06-14T12:18:32.918Z
一般社団法人デジタル放送推進協会,,,,,,,0,,,https://kotobank.jp/,D,非公開,,人事部 ご採用ご担当者様,,,,,,2026-06-14T12:18:38.898Z
丸文松島汽船株式会社,,,,,,info@npb.jp,0.4,,,https://npb.jp/,D,非公開,,人事部 ご採用ご担当者様,,,,,,2026-06-14T12:18:40.753Z
株式会社プレスアート,,,,,,info@freee.co.jp,0.4,,,https://www.freee.co.jp/,D,非公開,,人事部 ご採用ご担当者様,,,,,,2026-06-14T12:18:46.724Z
株式会社プランニング・オフィス,,,,,,info@freee.co.jp,0.4,,,https://www.freee.co.jp/,D,非公開,,人事部 ご採用ご担当者様,,,,,,2026-06-14T12:18:49.048Z
一般社団法人村山市観光物産協会,,,,,,,0,,,https://kotobank.jp/,D,非公開,,人事部 ご採用ご担当者様,,,,,,2026-06-14T12:18:51.419Z
錦エステート株式会社,,,,,,,0,,,https://kanji.jitenon.jp/,D,非公開,,人事部 ご採用ご担当者様,,,,,,2026-06-14T12:18:59.457Z
有限会社風,,,,,,,,,,https://www.tenforums.com,D,非公開,,人事部 ご採用ご担当者様,,,,,,2026-06-14T12:19:00.004Z
東北リゾートサービス株式会社,,,,,,,0,,022-721-1291,https://www.tohokukanko.jp/,D,非公開,,人事部 ご採用ご担当者様,,,,,,2026-06-14T12:19:05.411Z
有限会社東北工芸製作所,,,,,,,0,,,https://google-ads-editor.en.softonic.com/,D,非公開,,人事部 ご採用ご担当者様,,,,,,2026-06-14T12:19:05.584Z
有限会社伊豆沼農産,,,,,,,,,,https://www.zhihu.com,D,非公開,,人事部 ご採用ご担当者様,,,,,,2026-06-14T12:19:05.606Z
株式会社クラスコファニチャー,,,,,,info@freee.co.jp,0.4,,,https://www.freee.co.jp/,D,非公開,,人事部 ご採用ご担当者様,,,,,,2026-06-14T12:19:11.650Z
株式会社ホワイトストーンR,,,,,,info@freee.co.jp,0.4,,,https://www.freee.co.jp/,D,非公開,,人事部 ご採用ご担当者様,,,,,,2026-06-14T12:19:16.844Z
一般社団法人南三陸町観光協会,,,,,,,0,,,https://kotobank.jp/,D,非公開,,人事部 ご採用ご担当者様,,,,,,2026-06-14T12:19:22.591Z
株式会社阿部蒲鉾店,,,,,,info@freee.co.jp,0.4,,,https://www.freee.co.jp/,D,非公開,,人事部 ご採用ご担当者様,,,,,,2026-06-14T12:19:23.313Z
株式会社一路,,,,,,info@freee.co.jp,0.4,,,https://www.freee.co.jp/,D,非公開,,人事部 ご採用ご担当者様,,,,,,2026-06-14T12:19:23.577Z
株式会社エネコム,,,,,,info@iq.com,0.4,,,https://www.iq.com/?lang=ja,D,非公開,,人事部 ご採用ご担当者様,,,,,,2026-06-14T12:19:27.256Z
株式会社日立ソリューションズ西日本,,,,,,info@freee.co.jp,0.4,,,https://www.freee.co.jp/,D,非公開,,人事部 ご採用ご担当者様,,,,,,2026-06-14T12:19:28.684Z
株式会社NTTデータ中国,,,,,,info@freee.co.jp,0.4,,,https://www.freee.co.jp/,D,非公開,,人事部 ご採用ご担当者様,,,,,,2026-06-14T12:19:33.506Z
ヒロコン株式会社,,,,,,,0,,,https://kanji.jitenon.jp/,D,非公開,,人事部 ご採用ご担当者様,,,,,,2026-06-14T12:19:40.796Z
株式会社ケーシーエス,,,,,,info@freee.co.jp,0.4,,,https://www.freee.co.jp/,D,非公開,,人事部 ご採用ご担当者様,,,,,,2026-06-14T12:19:40.975Z
株式会社セブンティエイトアイティ,,,,,,info@freee.co.jp,0.4,,,https://www.freee.co.jp/,D,非公開,,人事部 ご採用ご担当者様,,,,,,2026-06-14T12:19:42.856Z
株式会社ピージーシステム,,,,,,info@freee.co.jp,0.4,,,https://www.freee.co.jp/,D,非公開,,人事部 ご採用ご担当者様,,,,,,2026-06-14T12:19:47.065Z
株式会社ネクスト・テクノロジー,,,,,,info@freee.co.jp,0.4,,,https://www.freee.co.jp/,D,非公開,,人事部 ご採用ご担当者様,,,,,,2026-06-14T12:19:50.420Z
株式会社ソルコム,,,,,,info@freee.co.jp,0.4,,,https://www.freee.co.jp/,D,非公開,,人事部 ご採用ご担当者様,,,,,,2026-06-14T12:19:58.059Z
新川電機株式会社,,,,,,info@shinkawa.co.jp,0.4,,01-2345-6789,https://www.shinkawa.co.jp/,D,非公開,,人事部 ご採用ご担当者様,,,,,,2026-06-14T12:19:58.149Z
株式会社熊平製作所,,,,,,info@freee.co.jp,0.4,,,https://www.freee.co.jp/,D,非公開,,人事部 ご採用ご担当者様,,,,,,2026-06-14T12:19:59.322Z
株式会社ミウラ,,,,,,info@miura1.co.jp,0.4,,0248-86-2662,https://www.miura1.co.jp/,D,非公開,,人事部 ご採用ご担当者様,,,,,,2026-06-14T12:20:02.481Z
株式会社サンネット,,,,,,info@freee.co.jp,0.4,,,https://www.freee.co.jp/,D,非公開,,人事部 ご採用ご担当者様,,,,,,2026-06-14T12:20:03.837Z
株式会社新星工業社,,,,,,info@freee.co.jp,0.4,,,https://www.freee.co.jp/,D,非公開,,人事部 ご採用ご担当者様,,,,,,2026-06-14T12:20:07.143Z
株式会社ハイエレコン,,,,,,info@freee.co.jp,0.4,,,https://www.freee.co.jp/,D,非公開,,人事部 ご採用ご担当者様,,,,,,2026-06-14T12:20:14.966Z
株式会社インタフェース,,,,,,info@freee.co.jp,0.4,,,https://www.freee.co.jp/,D,非公開,,人事部 ご採用ご担当者様,,,,,,2026-06-14T12:20:15.344Z
理研産業株式会社,,者の皆さまへ,採用担当,,,info@riken.jp,0.4,0.7,048-462-1111,https://www.riken.jp/,B,正規表現抽出,https://www.riken.jp/,人事部 ご採用ご担当者様,,,,,,2026-06-14T12:20:15.849Z
株式会社コトブキソリューション,,,,,,info@freee.co.jp,0.4,,,https://www.freee.co.jp/,D,非公開,,人事部 ご採用ご担当者様,,,,,,2026-06-14T12:20:17.548Z
株式会社広島情報シンフォニー,,,,,,info@freee.co.jp,0.4,,,https://www.freee.co.jp/,D,非公開,,人事部 ご採用ご担当者様,,,,,,2026-06-14T12:20:17.929Z
株式会社ヒューマックス,,,,,,info@freee.co.jp,0.4,,,https://www.freee.co.jp/,D,非公開,,人事部 ご採用ご担当者様,,,,,,2026-06-14T12:20:20.991Z
株式会社エースシステムズ,,,,,,info@freee.co.jp,0.4,,,https://www.freee.co.jp/,D,非公開,,人事部 ご採用ご担当者様,,,,,,2026-06-14T12:20:23.584Z
株式会社ネクストビジョン,,,,,,info@freee.co.jp,0.4,,,https://www.freee.co.jp/,D,非公開,,人事部 ご採用ご担当者様,,,,,,2026-06-14T12:20:32.085Z
株式会社プロテック,,者メッセージ,採用,,,info@pro-110-119.jp,0.4,0.7,084-943-6444,https://www.pro-110-119.jp/,B,正規表現抽出,https://www.pro-110-119.jp/recruit/,人事部 ご採用ご担当者様,,,,,,2026-06-14T12:20:32.111Z
株式会社アイ・エル・シー,,,,,,info@freee.co.jp,0.4,,,https://www.freee.co.jp/,D,非公開,,人事部 ご採用ご担当者様,,,,,,2026-06-14T12:20:34.224Z
有限会社シー・アイ・エス,,,,,,,,,,,D,非公開,,人事部 ご採用ご担当者様,,,,,,2026-06-14T12:20:34.385Z
株式会社TSSソフトウェア,,,,,,info@freee.co.jp,0.4,,,https://www.freee.co.jp/,D,非公開,,人事部 ご採用ご担当者様,,,,,,2026-06-14T12:20:35.748Z
東洋電装株式会社,,,,,,,,,,https://www.espncricinfo.com,D,非公開,,人事部 ご採用ご担当者様,,,,,,2026-06-14T12:20:37.551Z
株式会社レスコ,,,,,,info@freee.co.jp,0.4,,,https://www.freee.co.jp/,D,非公開,,人事部 ご採用ご担当者様,,,,,,2026-06-14T12:20:40.090Z
株式会社アドバンステクノロジー,,,,,,info@freee.co.jp,0.4,,,https://www.freee.co.jp/,D,非公開,,人事部 ご採用ご担当者様,,,,,,2026-06-14T12:20:44.296Z
株式会社TCC,,,,,,info@freee.co.jp,0.4,,,https://www.freee.co.jp/,D,非公開,,人事部 ご採用ご担当者様,,,,,,2026-06-14T12:20:44.962Z
データシステムソリューション株式会社,,,,,,,0,,,https://datadeliver.net/,D,非公開,,人事部 ご採用ご担当者様,,,,,,2026-06-14T12:20:48.939Z
株式会社アプレット,,,,,,info@freee.co.jp,0.4,,,https://www.freee.co.jp/,D,非公開,,人事部 ご採用ご担当者様,,,,,,2026-06-14T12:20:50.799Z
株式会社ダイセック,,,,,,info@freee.co.jp,0.4,,,https://www.freee.co.jp/,D,非公開,,人事部 ご採用ご担当者様,,,,,,2026-06-14T12:20:52.457Z
株式会社アスペック,,,,,,info@freee.co.jp,0.4,,,https://www.freee.co.jp/,D,非公開,,人事部 ご採用ご担当者様,,,,,,2026-06-14T12:20:57.300Z
株式会社エム・アイ・ティシステム開発,,,,,,info@freee.co.jp,0.4,,,https://www.freee.co.jp/,D,非公開,,人事部 ご採用ご担当者様,,,,,,2026-06-14T12:21:01.231Z
株式会社エム・アール・ピー,,,,,,info@freee.co.jp,0.4,,,https://www.freee.co.jp/,D,非公開,,人事部 ご採用ご担当者様,,,,,,2026-06-14T12:21:01.502Z
株式会社エー・ワイ・ティ,,,,,,info@freee.co.jp,0.4,,,https://www.freee.co.jp/,D,非公開,,人事部 ご採用ご担当者様,,,,,,2026-06-14T12:21:07.514Z
株式会社ハイネットシステム,,,,,,info@freee.co.jp,0.4,,,https://www.freee.co.jp/,D,非公開,,人事部 ご採用ご担当者様,,,,,,2026-06-14T12:21:08.940Z
ケイ・エヌ情報システム株式会社,,,,,,info@keinet.ne.jp,0.4,,,https://www.keinet.ne.jp/,D,非公開,,人事部 ご採用ご担当者様,,,,,,2026-06-14T12:21:10.005Z
株式会社インプレステック,,,,,,info@freee.co.jp,0.4,,,https://www.freee.co.jp/,D,非公開,,人事部 ご採用ご担当者様,,,,,,2026-06-14T12:21:14.388Z
中央教育研究所株式会社,,,,,,info@chuo-u.ac.jp,0.4,,,https://www.chuo-u.ac.jp/,D,非公開,,人事部 ご採用ご担当者様,,,,,,2026-06-14T12:21:17.999Z
株式会社システムイン国際,,,,,,info@freee.co.jp,0.4,,,https://www.freee.co.jp/,D,非公開,,人事部 ご採用ご担当者様,,,,,,2026-06-14T12:21:20.011Z
株式会社エービット,,,,,,info@freee.co.jp,0.4,,,https://www.freee.co.jp/,D,非公開,,人事部 ご採用ご担当者様,,,,,,2026-06-14T12:21:25.290Z
アイソック株式会社,,,,,,info@gamewith.jp,0.4,,,https://gamewith.jp/,D,非公開,,人事部 ご採用ご担当者様,,,,,,2026-06-14T12:21:25.313Z
株式会社シービーエックス,,,,,,info@freee.co.jp,0.4,,,https://www.freee.co.jp/,D,非公開,,人事部 ご採用ご担当者様,,,,,,2026-06-14T12:21:25.625Z
株式会社ウィンシステムズ,,,,,,info@freee.co.jp,0.4,,,https://www.freee.co.jp/,D,非公開,,人事部 ご採用ご担当者様,,,,,,2026-06-14T12:21:34.178Z
株式会社ENCOM,,,,,,info@freee.co.jp,0.4,,,https://www.freee.co.jp/,D,非公開,,人事部 ご採用ご担当者様,,,,,,2026-06-14T12:21:37.124Z
株式会社シーポイント,,,,,,info@freee.co.jp,0.4,,,https://www.freee.co.jp/,D,非公開,,人事部 ご採用ご担当者様,,,,,,2026-06-14T12:21:40.043Z
株式会社ビーライズ,,,,,,info@freee.co.jp,0.4,,,https://www.freee.co.jp/,D,非公開,,人事部 ご採用ご担当者様,,,,,,2026-06-14T12:21:42.059Z
福山エビス印刷株式会社,,,,,,info@city.fukuyama.hiroshima.jp,0.4,,084-921-2111,https://www.city.fukuyama.hiroshima.jp/,D,非公開,,人事部 ご採用ご担当者様,,,,,,2026-06-14T12:21:42.329Z
株式会社シャイン,,,,,,info@freee.co.jp,0.4,,,https://www.freee.co.jp/,D,非公開,,人事部 ご採用ご担当者様,,,,,,2026-06-14T12:21:44.273Z
株式会社ユニエイド,,,,,,info@freee.co.jp,0.4,,,https://www.freee.co.jp/,D,非公開,,人事部 ご採用ご担当者様,,,,,,2026-06-14T12:21:51.137Z
コンピユータリサーチ株式会社,,,,,,,0,,,https://goku-uma.nikkansports.com/,D,非公開,,人事部 ご採用ご担当者様,,,,,,2026-06-14T12:21:53.629Z
株式会社アール・エス・アール,,,,,,info@freee.co.jp,0.4,,,https://www.freee.co.jp/,D,非公開,,人事部 ご採用ご担当者様,,,,,,2026-06-14T12:21:56.540Z
株式会社TWINKLE,,,,,,info@freee.co.jp,0.4,,,https://www.freee.co.jp/,D,非公開,,人事部 ご採用ご担当者様,,,,,,2026-06-14T12:21:58.564Z
株式会社リマック,,,,,,info@freee.co.jp,0.4,,,https://www.freee.co.jp/,D,非公開,,人事部 ご採用ご担当者様,,,,,,2026-06-14T12:21:58.899Z
株式会社呉電子計算センター,,,,,,info@freee.co.jp,0.4,,,https://www.freee.co.jp/,D,非公開,,人事部 ご採用ご担当者様,,,,,,2026-06-14T12:22:00.782Z
株式会社ネットワークシステム,,,,,,info@nwsh.co.jp,0.4,,082-276-4441,https://www.nwsh.co.jp/,D,非公開,,人事部 ご採用ご担当者様,,,,,,2026-06-14T12:22:08.335Z
株式会社日美,,,,,,info@freee.co.jp,0.4,,,https://www.freee.co.jp/,D,非公開,,人事部 ご採用ご担当者様,,,,,,2026-06-14T12:22:13.744Z
株式会社和泉光和堂,,,,,,info@freee.co.jp,0.4,,,https://www.freee.co.jp/,D,非公開,,人事部 ご採用ご担当者様,,,,,,2026-06-14T12:22:15.290Z
一般財団法人広島陸上競技協会,,,,,,,0,,,https://kotobank.jp/,D,非公開,,人事部 ご採用ご担当者様,,,,,,2026-06-14T12:22:15.572Z
公益社団法人静岡県観光協会,,,,,,info@koekisha.co.jp,0.4,,0120-888-627,https://www.koekisha.co.jp/,D,非公開,,人事部 ご採用ご担当者様,,,,,,2026-06-14T12:22:17.706Z
島田瓦斯株式会社,,,,,,,0,,0547-36-7163,https://www.city.shimada.shizuoka.jp/,D,非公開,,人事部 ご採用ご担当者様,,,,,,2026-06-14T12:22:19.026Z
学校法人国際総合学園,,,,,,info@takahagi-school.jp,0.4,,,http://takahagi-school.jp/,D,非公開,,人事部 ご採用ご担当者様,,,,,,2026-06-14T12:22:21.344Z
フラー株式会社,,,,,,info@fuller-inc.com,0.4,,,https://www.fuller-inc.com/,D,非公開,,人事部 ご採用ご担当者様,,,,,,2026-06-14T12:22:30.693Z
株式会社アルコン,,,,,,info@freee.co.jp,0.4,,,https://www.freee.co.jp/,D,非公開,,人事部 ご採用ご担当者様,,,,,,2026-06-14T12:22:31.802Z
株式会社メビウス,,,,,,info@mob.co.jp,0.4,,025-242-3123,https://www.mob.co.jp/,D,非公開,,人事部 ご採用ご担当者様,,,,,,2026-06-14T12:22:35.663Z
株式会社NS・コンピュータサービス,,,,,,info@freee.co.jp,0.4,,,https://www.freee.co.jp/,D,非公開,,人事部 ご採用ご担当者様,,,,,,2026-06-14T12:22:35.753Z
キヤノンイメージングシステムズ株式会社,,,,,,,0,,0570-08-0033,https://canon.jp/,D,非公開,,人事部 ご採用ご担当者様,,,,,,2026-06-14T12:22:36.183Z
デビフペット株式会社,,,,,,,,,,,D,非公開,,人事部 ご採用ご担当者様,,,,,,2026-06-14T12:22:38.755Z
ソリマチ株式会社,,,,,,info@sorimachi.co.jp,0.4,,03-6773-7530,https://sorimachi.co.jp/,D,非公開,,人事部 ご採用ご担当者様,,,,,,2026-06-14T12:22:40.183Z
株式会社エヌ・テイ・エス,,,,,,info@freee.co.jp,0.4,,,https://www.freee.co.jp/,D,非公開,,人事部 ご採用ご担当者様,,,,,,2026-06-14T12:22:48.755Z
株式会社オスポック,,,,,,info@freee.co.jp,0.4,,,https://www.freee.co.jp/,D,非公開,,人事部 ご採用ご担当者様,,,,,,2026-06-14T12:22:51.467Z
株式会社キザシオ,,,,,,info@freee.co.jp,0.4,,,https://www.freee.co.jp/,D,非公開,,人事部 ご採用ご担当者様,,,,,,2026-06-14T12:22:52.199Z
新潟通信機株式会社,,,,,,info@pref.niigata.lg.jp,0.4,,025-285-5511,https://www.pref.niigata.lg.jp/,D,非公開,,人事部 ご採用ご担当者様,,,,,,2026-06-14T12:23:03.295Z
株式会社生活サポーター,,,,,,info@freee.co.jp,0.4,,,https://www.freee.co.jp/,D,非公開,,人事部 ご採用ご担当者様,,,,,,2026-06-14T12:23:06.125Z
株式会社カシックス,,,,,,info@freee.co.jp,0.4,,,https://www.freee.co.jp/,D,非公開,,人事部 ご採用ご担当者様,,,,,,2026-06-14T12:23:07.886Z
株式会社フォーワテック・ジャパン,,,,,,info@freee.co.jp,0.4,,,https://www.freee.co.jp/,D,非公開,,人事部 ご採用ご担当者様,,,,,,2026-06-14T12:23:07.889Z
株式会社ジャパンネット,,,,,,info@freee.co.jp,0.4,,,https://www.freee.co.jp/,D,非公開,,人事部 ご採用ご担当者様,,,,,,2026-06-14T12:23:08.820Z
株式会社ユニテック,,,,,,info@unitec-lca.co.jp,0.4,,072-832-8177,http://www.unitec-lca.co.jp/,D,非公開,,人事部 ご採用ご担当者様,,,,,,2026-06-14T12:23:20.080Z
株式会社テクノクラフト,,,,,,info@freee.co.jp,0.4,,,https://www.freee.co.jp/,D,非公開,,人事部 ご採用ご担当者様,,,,,,2026-06-14T12:23:23.019Z
株式会社プレスメディア,,,,,,info@freee.co.jp,0.4,,,https://www.freee.co.jp/,D,非公開,,人事部 ご採用ご担当者様,,,,,,2026-06-14T12:23:24.347Z
株式会社サンケイ情報ファシリティ,,,,,,info@freee.co.jp,0.4,,,https://www.freee.co.jp/,D,非公開,,人事部 ご採用ご担当者様,,,,,,2026-06-14T12:23:25.335Z
株式会社Gugenka,,,,,,info@freee.co.jp,0.4,,,https://www.freee.co.jp/,D,非公開,,人事部 ご採用ご担当者様,,,,,,2026-06-14T12:23:25.778Z
大虎運輸新潟株式会社,,,,,,,0,,,https://forum.sunmc.ru/,D,非公開,,人事部 ご採用ご担当者様,,,,,,2026-06-14T12:23:26.043Z
株式会社エスエフシー新潟,,,,,,info@freee.co.jp,0.4,,,https://www.freee.co.jp/,D,非公開,,人事部 ご採用ご担当者様,,,,,,2026-06-14T12:23:40.334Z
株式会社ソリマチ技研,,,,,,info@freee.co.jp,0.4,,,https://www.freee.co.jp/,D,非公開,,人事部 ご採用ご担当者様,,,,,,2026-06-14T12:23:40.845Z
株式会社ネットシスジャパン,,,,,,info@freee.co.jp,0.4,,,https://www.freee.co.jp/,D,非公開,,人事部 ご採用ご担当者様,,,,,,2026-06-14T12:23:41.784Z
株式会社シアンス,,,,,,info@freee.co.jp,0.4,,,https://www.freee.co.jp/,D,非公開,,人事部 ご採用ご担当者様,,,,,,2026-06-14T12:23:42.158Z
双峰通信工業株式会社,,,,,,,0,,,https://m4.xhamster.com/,D,非公開,,人事部 ご採用ご担当者様,,,,,,2026-06-14T12:23:46.525Z
株式会社メディック,,,,,,info@freee.co.jp,0.4,,,https://www.freee.co.jp/,D,非公開,,人事部 ご採用ご担当者様,,,,,,2026-06-14T12:23:52.870Z
株式会社トラスト,,,,,,info@trust-ltd.co.jp,0.4,,052-219-9058,https://www.trust-ltd.co.jp/,D,非公開,,人事部 ご採用ご担当者様,,,,,,2026-06-14T12:23:57.193Z
株式会社ジェイ・エス・エス,,,,,,info@freee.co.jp,0.4,,,https://www.freee.co.jp/,D,非公開,,人事部 ご採用ご担当者様,,,,,,2026-06-14T12:23:57.271Z
オーエムネットワーク株式会社,,,,,,,0,,,https://store.moc-o.com/,D,非公開,,人事部 ご採用ご担当者様,,,,,,2026-06-14T12:23:58.284Z
株式会社クリップス,,,,,,info@freee.co.jp,0.4,,,https://www.freee.co.jp/,D,非公開,,人事部 ご採用ご担当者様,,,,,,2026-06-14T12:23:58.558Z
インネット株式会社,,,,,,info@toyoko-inn.com,0.4,,03-3731-4545,https://www.toyoko-inn.com/,D,非公開,,人事部 ご採用ご担当者様,,,,,,2026-06-14T12:24:10.060Z
株式会社コンピュータ・ワークス,,,,,,info@freee.co.jp,0.4,,,https://www.freee.co.jp/,D,非公開,,人事部 ご採用ご担当者様,,,,,,2026-06-14T12:24:10.061Z
株式会社システムウェーブ,,,,,,info@freee.co.jp,0.4,,,https://www.freee.co.jp/,D,非公開,,人事部 ご採用ご担当者様,,,,,,2026-06-14T12:24:10.294Z
株式会社エヌエスアイ,,,,,,info@freee.co.jp,0.4,,,https://www.freee.co.jp/,D,非公開,,人事部 ご採用ご担当者様,,,,,,2026-06-14T12:24:13.859Z
株式会社トクサス,,,,,,info@freee.co.jp,0.4,,,https://www.freee.co.jp/,D,非公開,,人事部 ご採用ご担当者様,,,,,,2026-06-14T12:24:16.264Z
株式会社フジテック,,,,,,info@fujitec.co.jp,0.4,,0120-807-922,https://www.fujitec.co.jp/,D,非公開,,人事部 ご採用ご担当者様,,,,,,2026-06-14T12:24:18.269Z
株式会社サン・システム,,,,,,info@freee.co.jp,0.4,,,https://www.freee.co.jp/,D,非公開,,人事部 ご採用ご担当者様,,,,,,2026-06-14T12:24:27.447Z
株式会社ソネット,,,,,,info@freee.co.jp,0.4,,,https://www.freee.co.jp/,D,非公開,,人事部 ご採用ご担当者様,,,,,,2026-06-14T12:24:27.985Z
株式会社プライムネット,,,,,,info@freee.co.jp,0.4,,,https://www.freee.co.jp/,D,非公開,,人事部 ご採用ご担当者様,,,,,,2026-06-14T12:24:31.313Z
株式会社アイビーシステム,,,,,,info@tinhn.com,0.4,,,https://tinhn.com/,D,非公開,,人事部 ご採用ご担当者様,,,,,,2026-06-14T12:24:32.190Z
株式会社ビーアイテック,,,,,,info@freee.co.jp,0.4,,,https://www.freee.co.jp/,D,非公開,,人事部 ご採用ご担当者様,,,,,,2026-06-14T12:24:32.720Z
ウォーターセル株式会社,,,,,,info@premium-water.net,0.4,,0120-062-032,https://premium-water.net/,D,非公開,,人事部 ご採用ご担当者様,,,,,,2026-06-14T12:24:34.896Z
株式会社新潟ソフトストラクチャ,,,,,,info@freee.co.jp,0.4,,,https://www.freee.co.jp/,D,非公開,,人事部 ご採用ご担当者様,,,,,,2026-06-14T12:24:45.070Z
株式会社SIC桑原,,,,,,info@freee.co.jp,0.4,,,https://www.freee.co.jp/,D,非公開,,人事部 ご採用ご担当者様,,,,,,2026-06-14T12:24:45.493Z
株式会社システムコム,,,,,,info@freee.co.jp,0.4,,,https://www.freee.co.jp/,D,非公開,,人事部 ご採用ご担当者様,,,,,,2026-06-14T12:24:47.837Z
株式会社BELLSOFT,,,,,,info@freee.co.jp,0.4,,,https://www.freee.co.jp/,D,非公開,,人事部 ご採用ご担当者様,,,,,,2026-06-14T12:24:49.179Z
株式会社マイシステム,,,,,,info@freee.co.jp,0.4,,,https://www.freee.co.jp/,D,非公開,,人事部 ご採用ご担当者様,,,,,,2026-06-14T12:24:56.083Z
株式会社ファンタジスタ,,,,,,info@fantasista-net.jp,0.4,,,https://fantasista-net.jp/,D,非公開,,人事部 ご採用ご担当者様,,,,,,2026-06-14T12:24:56.909Z
株式会社アテンド,,,,,,info@freee.co.jp,0.4,,,https://www.freee.co.jp/,D,非公開,,人事部 ご採用ご担当者様,,,,,,2026-06-14T12:25:02.142Z
株式会社BSNアイネット,,,,,,info@freee.co.jp,0.4,,,https://www.freee.co.jp/,D,非公開,,人事部 ご採用ご担当者様,,,,,,2026-06-14T12:25:02.202Z
株式会社ビット・エイ,,,,,,info@freee.co.jp,0.4,,,https://www.freee.co.jp/,D,非公開,,人事部 ご採用ご担当者様,,,,,,2026-06-14T12:25:04.304Z
CEC新潟情報サービス株式会社,,,,,,info@cec-ltd.co.jp,0.4,,03-5789-2441,https://www.cec-ltd.co.jp/,D,非公開,,人事部 ご採用ご担当者様,,,,,,2026-06-14T12:25:05.558Z
株式会社第四北越ITソリューションズ,,,,,,info@freee.co.jp,0.4,,,https://www.freee.co.jp/,D,非公開,,人事部 ご採用ご担当者様,,,,,,2026-06-14T12:25:12.294Z
株式会社ジェイマックソフト,,,,,,info@freee.co.jp,0.4,,,https://www.freee.co.jp/,D,非公開,,人事部 ご採用ご担当者様,,,,,,2026-06-14T12:25:13.221Z
株式会社新潟県農協電算センター,,,,,,info@freee.co.jp,0.4,,,https://www.freee.co.jp/,D,非公開,,人事部 ご採用ご担当者様,,,,,,2026-06-14T12:25:17.839Z
株式会社アイテック,,,,,,info@itec.co.jp,0.4,,03-6877-6312,https://www.itec.co.jp/,D,非公開,,人事部 ご採用ご担当者様,,,,,,2026-06-14T12:25:19.561Z
株式会社ツガミ,,,,,,info@freee.co.jp,0.4,,,https://www.freee.co.jp/,D,非公開,,人事部 ご採用ご担当者様,,,,,,2026-06-14T12:25:19.694Z
社名は株式会社,,,,,,info@freee.co.jp,0.4,,,https://www.freee.co.jp/,D,非公開,,人事部 ご採用ご担当者様,,,,,,2026-06-14T12:25:20.864Z
自治体・学校法人,,,,,,info@jichi.ac.jp,0.4,,0285-44-2111,https://www.jichi.ac.jp/,D,非公開,,人事部 ご採用ご担当者様,,,,,,2026-06-14T12:25:29.125Z
学校法人徳野学園,,,,,,info@takahagi-school.jp,0.4,,,http://takahagi-school.jp/,D,非公開,,人事部 ご採用ご担当者様,,,,,,2026-06-14T12:25:29.660Z
株式会社ビューティガレージ代表取締役CEO兼COO,,,,,,info@freee.co.jp,0.4,,,https://www.freee.co.jp/,D,非公開,,人事部 ご採用ご担当者様,,,,,,2026-06-14T12:25:36.995Z
能登印刷株式会社,,,,,,info@hot-ishikawa.jp,0.4,,,https://www.hot-ishikawa.jp/,D,非公開,,人事部 ご採用ご担当者様,,,,,,2026-06-14T12:25:37.177Z