企業名,法人番号,新卒フラグ,掲載媒体,掲載媒体数,採用予定人数,取得日,採用ページ有無,採用ページURL,新卒言及,職種,外部採用媒体,根拠
株式会社アイ・アイ・エム,1010001000055,,,0,,2026-06-14,,,,,,
スズデン株式会社,1010001003966,,,0,,2026-06-14,,,,,,
五洋建設株式会社,1010001000006,,,0,,2026-06-14,○,https://www.penta-ocean.co.jp/company/recruit/index.html,,,,top-anchor
日産化学株式会社,1010001008734,,,0,,2026-06-14,,,,,,
株式会社片平新日本技研,1010001001854,○,,0,,2026-06-14,○,https://www.katahira.co.jp/recruit/,○,施工管理/コンサル,job.mynavi.jp,top-anchor
ＪＦＥスチール株式会社,1010001008668,○,,0,,2026-06-14,○,https://www.jfe-steel.co.jp/saiyou/recruit/message.html,○,営業,job.axol.jp/axol.jp,top-anchor
住友商事株式会社,1010001008692,○,,0,,2026-06-14,○,https://www.sumitomocorp.com/ja/jp/employ,○,営業,sumitomocorp-recruiting.com/scg-recruit.jp/sumisho-sws.com,top-anchor
ＤＯＷＡホールディングス株式会社,1010001008750,○,,0,,2026-06-14,○,https://hd.dowa.co.jp/ja/recruit.html,○,,,top-anchor
三井物産株式会社,1010001008767,○,,0,,2026-06-14,○,https://www.mitsui.com/jp/ja/careers/mitsuigroup/index.html,○,企画/販売/コンサル,career.mitsui.com,top-anchor
ウシオ電機株式会社,1010001008651,,,0,,2026-06-14,○,https://ushio-recruit.jp/,,,ushio-recruit.jp,external-only
日本曹達株式会社,1010001008833,,,0,,2026-06-14,○,https://www.nippon-soda.co.jp/recruitment/saiyo/,,営業,nippon-soda.snar.jp,top-anchor
アース環境サービス株式会社,1010001009823,,,0,,2026-06-14,,,,,,
ピーエス・コンストラクション株式会社,1010001008742,,,0,,2026-06-14,○,https://recruit.psc.co.jp/,,,recruit.psc.co.jp,external-only
東京電力ホールディングス株式会社,1010001008825,,,0,,2026-06-14,,,,,,top-fetch-failed
株式会社アスク,1010001009831,,,0,,2026-06-14,,,,,,
石福金属興業株式会社,1010001010624,,,0,,2026-06-14,○,https://recruit.ishifuku-kinzoku.co.jp/,,営業/技術職,recruit.ishifuku-kinzoku.co.jp,common-path
商船三井ロジスティクス株式会社,1010001012546,,,0,,2026-06-14,,,,,,
イチカワ株式会社,1010001000708,○,,0,,2026-06-14,○,https://www.ik-felt.co.jp/Portals/0/recruit/index.html,○,営業/販売,,top-anchor
ＮＴＴ都市開発株式会社,1010001012372,,,0,,2026-06-14,,,,,,top-fetch-failed
株式会社大塚商会,1010001012983,○,,0,,2026-06-14,○,https://www.otsuka-shokai.co.jp/corporate/recruit/,○,介護,,top-anchor
日本高周波鋼業株式会社,1010001016852,,,0,,2026-06-14,,,,,,
株式会社グロービス,1010001015334,,,0,,2026-06-14,○,https://globis.co.jp/careers/,,エンジニア/デザイナー,recruiting.globis.co.jp,top-anchor
株式会社ニッスイ,1010001016860,○,,0,,2026-06-14,○,https://www.nissui.co.jp/recruit/index.html,○,エンジニア/営業/総合職/技術職/事務,,top-anchor
株式会社ミクニ,1010001008791,,,0,,2026-06-14,○,https://www.mikuni.co.jp/recruit/special/,,営業/事務/介護/販売,mikuni-recruit.snar.jp,top-anchor
ジャパンプロテクション株式会社,1010001019236,,,0,,2026-06-14,,,,,,
株式会社オーヤラツクス,1010001013305,,,0,,2026-06-14,,,,,,no-recruit-link
株式会社ザイエンス,1010001017941,,,0,,2026-06-14,,,,,,
株式会社ＣＡＣ　Ｈｏｌｄｉｎｇｓ,1010001019335,,,0,,2026-06-14,,,,,,
住商エアロシステム株式会社,1010001020185,○,,0,,2026-06-14,○,https://www.sc-aero.co.jp/recruit/,○,総合職,,top-anchor
ソリッドコミュニケーション株式会社,1010001021349,,,0,,2026-06-14,,,,,,
ミズホ株式会社,1010001007612,○,,0,,2026-06-14,○,https://www.mizuho.co.jp/recruit,○,営業/技術職/販売,,top-anchor
株式会社第一管理代行,1010001021381,,,0,,2026-06-14,,,,,,
株式会社中央経済社ホールディングス,1010001022710,,,0,,2026-06-14,,,,,,
株式会社ティ・オー・エス,1010001023378,,,0,,2026-06-14,,,,,,
東洋計測器株式会社,1010001024129,,,0,,2026-06-14,,,,,,
株式会社内藤一水社,1010001025135,,,0,,2026-06-14,,,,,,
東光電気工事株式会社,1010001024087,,,0,,2026-06-14,○,http://www.tokodenko.co.jp/recruit/career/,,営業/企画,recruit.tokodenko.co.jp,top-anchor
イー・アンド・エム株式会社,1010001010847,,,0,,2026-06-14,,,,,,top-fetch-failed
ＮＸ商事株式会社,1010001025515,,,0,,2026-06-14,,,,,,
日信防災株式会社,1010001025449,○,,0,,2026-06-14,○,https://www.nissin-b.co.jp/recruit,○,営業/施工管理/介護,,top-anchor
株式会社はとバスエージェンシー,1010001026819,,,0,,2026-06-14,,,,,,
山崎金属産業株式会社,1010001031109,,,0,,2026-06-14,,,,,,
株式会社野澤組,1010001026166,○,,0,,2026-06-14,○,https://www.nosawa.co.jp/recruit/,○,販売,doda.jp/nosawa.jp,top-anchor
株式会社エフエム東京,1010001012439,,,0,,2026-06-14,○,https://www.tfm.co.jp/company/about/recruit/career,,総合職,,common-path
株式会社共立メンテナンス,1010001014427,,,0,,2026-06-14,○,https://www.kyoritsugroup.co.jp/en/recruit/,,,,top-anchor
株式会社読売アルスＡ,1010001031728,,,0,,2026-06-14,,,,,,top-fetch-failed
株式会社ＪＰＦ,1010001033237,○,,0,,2026-06-14,○,https://www.jpf.co.jp/recruit/,○,営業/事務/企画,,top-anchor
ＣＨＥＭＩＰＡＺ株式会社,1010001033609,○,,0,,2026-06-14,○,https://www.chemipaz.com/recruit/new-graduates/,○,営業/事務/企画,,top-anchor
株式会社テレコムスクエア,1010001026918,○,,0,,2026-06-14,○,https://www.telecomsquare.net/recruit/,○,営業/企画/デザイナー/介護/マーケティング,,top-anchor
株式会社内田洋行,1010001034730,,,0,,2026-06-14,○,https://www.uchida.co.jp/recruit/index.html,,営業/企画/デザイナー/施工管理,,top-anchor
株式会社岡三証券グループ,1010001034747,,,0,,2026-06-14,,,,,,
三菱ＵＦＪファクター株式会社,1010001022149,,,0,,2026-06-14,○,https://www.muf.bk.mufg.jp/recruit/,,営業/総合職/事務/企画/コンサル,,top-anchor
ＤＭ三井製糖株式会社,1010001034929,,,0,,2026-06-14,,,,,,
株式会社資生堂,1010001034813,,,0,,2026-06-14,○,https://corp.shiseido.com/jp/careers/,,マーケティング,careers.shiseido.com,top-anchor
日清オイリオグループ株式会社,1010001034887,,,0,,2026-06-14,○,https://www.nisshin-oillio.com/company/recruit/shinsotu/,,営業/企画/販売,hrmos.co,top-anchor
Ｂｉｔｃｏｉｎ　Ｊａｐａｎ株式会社,1010001034953,,,0,,2026-06-14,○,https://www.hotta-marusho.co.jp/recruit/,,営業/事務/企画/デザイナー/販売,,top-anchor
株式会社ジェイエイシーリクルートメント,1010001019483,○,,0,,2026-06-14,○,https://corp.jac-recruitment.jp/recruit/,○,,jac-recruitment.jp,common-path
日本紙パルプ商事株式会社,1010001034978,○,,0,,2026-06-14,○,http://www.kamipa.co.jp/careers/,○,販売/コンサル,,top-anchor
株式会社松屋,1010001034945,,,0,,2026-06-14,,,,,,no-recruit-link
わかもと製薬株式会社,1010001035010,,,0,,2026-06-14,,,,,,
日本パーカライジング株式会社,1010001034994,,,0,,2026-06-14,○,https://www.parker.co.jp/recruit/index.html,,営業,job.mynavi.jp/recruit.parker.co.jp,top-anchor
東海東京フィナンシャル・ホールディングス株式会社,1010001034202,,,0,,2026-06-14,○,https://www.tokaitokyo-fh.jp/recruit/saiyo/,,営業,armg.jp,top-anchor
株式会社教映社,1120001000341,○,,0,,2026-06-14,○,https://www.kyoeisha.com/recruit,○,営業/企画/販売,,top-anchor
シャープマーケティングジャパン株式会社,1040001008905,○,,0,,2026-06-14,○,https://smj.jp.sharp/recruiting/,○,営業/販売/マーケティング,,top-anchor
株式会社かんこう,1120001007221,,,0,,2026-06-14,,,,,,
近代警備保障株式会社,1120001007337,,,0,,2026-06-14,,,,,,
加陽印刷株式会社,1120001007205,,,0,,2026-06-14,○,https://kayo.co.jp/recruit/,,営業,,top-anchor
平和不動産株式会社,1010001034920,,,0,,2026-06-14,○,https://www.heiwa-net.co.jp/recruit/shinsotsu/,,企画/介護,,top-anchor
ＳＡＮＥＩ株式会社,1120001012428,,,0,,2026-06-14,○,https://www.sanei.ltd/library/recruit/,,営業/技術職/事務/企画/介護,,top-anchor
ＦＣＭ株式会社,1120001011859,○,,0,,2026-06-14,○,https://fc-m.co.jp/mid-career-recruit/,○,営業/介護,,top-anchor
株式会社ぐるなび,1010001034565,○,,0,,2026-06-14,○,https://corporate.gnavi.co.jp/recruit/,○,エンジニア/営業/事務/介護,hr.corporate.gnavi.co.jp,top-anchor
永大化工株式会社,1120001019704,○,,0,,2026-06-14,○,https://recruit.eidaikako.co.jp/,○,営業/販売,recruit.eidaikako.co.jp,common-path
アイコム株式会社,1120001019349,,,0,,2026-06-14,○,https://www.icom.co.jp/job/recruit/,,,job.icom.co.jp,top-anchor
大日本塗料株式会社,1120001026551,,,0,,2026-06-14,,,,,,
ホシザキ京阪株式会社,1120001025289,○,,0,,2026-06-14,○,https://hoshizaki-keihan.co.jp/recruite,○,営業/販売/コンサル,,top-anchor
阪神警備保障株式会社,1120001031502,,,0,,2026-06-14,,,,,,
株式会社大森屋,1120001034595,,,0,,2026-06-14,,,,,,
大阪製鐵株式会社,1120001028390,○,,0,,2026-06-14,○,https://www.osaka-seitetu.co.jp/recruit,○,営業/総合職/企画/介護,job.mynavi.jp,top-anchor
毎美エンジニアリング株式会社,1120001036427,,,0,,2026-06-14,,,,,,
日本インシュレーション株式会社,1120001040610,,,0,,2026-06-14,,,,,,
株式会社クボタ,1120001037978,○,,0,,2026-06-14,○,https://www.kubota.co.jp/recruit/careers/index.html,○,企画/施工管理/販売,,top-anchor
帝国製鋲株式会社,1120001029380,○,,0,,2026-06-14,○,https://teikoku-seibyo.com/recruit/,○,営業/総合職/事務,,top-anchor
株式会社オートメーション．サービス,1120001042136,,,0,,2026-06-14,,,,,,
因幡電機産業株式会社,1120001041352,○,,0,,2026-06-14,○,https://www.inaba.co.jp/recruit/gradu/,○,エンジニア/営業/販売,,top-anchor
サムテック株式会社,1120001043522,,,0,,2026-06-14,,,,,,top-fetch-failed
株式会社浜正,1120001046590,,,0,,2026-06-14,,,,,,
南海化学株式会社,1120001046120,,,0,,2026-06-14,,,,,,
中外商工株式会社,1120001045403,,,0,,2026-06-14,○,https://www.chugai-af.co.jp/,,エンジニア/営業,recruit-chugai.com,common-path
株式会社マコト電気,1120001047424,,,0,,2026-06-14,,,,,,
サンキン株式会社,1120001043596,,,0,,2026-06-14,○,https://sankin-g.com/recruit/,,,sankin-g.com,external-only
株式会社栗本鐵工所,1120001048991,,,0,,2026-06-14,,,,,,
株式会社山善,1120001049040,,,0,,2026-06-14,,,,,,
株式会社サガミホールディングス,1180001000443,,,0,,2026-06-14,,,,,,top-fetch-failed
株式会社つむら工芸,1120001045502,○,,0,,2026-06-14,○,https://tsumura-kogei.com/recruitwork/,○,営業,job.mynavi.jp,top-anchor
中部資材株式会社,1180001006837,,,0,,2026-06-14,,,,,,
レンゴー株式会社,1120001036880,○,,0,,2026-06-14,○,https://www.rengo.co.jp/recruit/top/,○,営業/デザイナー/マーケティング,,top-anchor
明星工業株式会社,1120001049032,,,0,,2026-06-14,○,https://www.meisei-kogyo.co.jp/recruit/,,営業,,top-anchor
日邦産業株式会社,1120901007832,○,,0,,2026-06-14,○,https://www.nip.co.jp/recruit/fresh,○,営業/企画,,top-anchor
朝日金属株式会社,1180001011481,○,,0,,2026-06-14,○,https://www.asahi-metal.com/recruit/,○,営業/事務,asahi-metal.com,common-path
ニプロバスキュラー株式会社,1180001001887,○,,0,,2026-06-14,○,https://www.nipro-vas.com/recruit/newgrad_entry.html,○,,,top-anchor
株式会社ニットー,1180001013107,○,,0,,2026-06-14,○,https://www.nittoh-info.co.jp/recruit/special,○,総合職/事務,,top-anchor
株式会社チップトン,1180001014914,○,,0,,2026-06-14,○,https://www.tipton.co.jp/recruit/,○,営業,,top-anchor
大同メタル工業株式会社,1180001012595,,,0,,2026-06-14,○,https://www.daidometal.com/contact-us/careers/,,,recruit.daidometal.com,common-path
愛知株式会社,1180001015879,,,0,,2026-06-14,,,,,,
名古屋酸素株式会社,1180001007067,,,0,,2026-06-14,○,https://nagoya-sanso.co.jp/recruit/,,営業/事務,,top-anchor
株式会社スズケン,1180001017009,○,,0,,2026-06-14,○,http://www.suzuken.co.jp/recruit/fresh/,○,介護,,top-anchor
敷島製パン株式会社,1180001016877,○,,0,,2026-06-14,○,https://www.pasconet.co.jp/saiyo/,○,,,top-anchor
株式会社新日,1180001019673,,,0,,2026-06-14,,,,,,
カネ美食品株式会社,1180001023411,,,0,,2026-06-14,,,,,,
クロスプラス株式会社,1180001025507,,,0,,2026-06-14,,,,,,
株式会社アオキスーパー,1180001029202,○,,0,,2026-06-14,○,https://aokisuper.co.jp/recruit,○,,,top-anchor
株式会社ＥＶＥＲＹＦＯＯＤ,1180001001037,○,,0,,2026-06-14,○,https://everygroup.co.jp/ef/recruit,○,,,top-anchor
東海ソフト株式会社,1180001031538,,,0,,2026-06-14,,,,,,
メイラ株式会社,1180001031884,,,0,,2026-06-14,,,,,,
ＭＨＩエアロテクノロジーズ株式会社,1180001031934,,,0,,2026-06-14,,,,,,
教育産業株式会社,1180001035456,○,,0,,2026-06-14,○,https://www.ksg.co.jp/recruit/,○,,,top-anchor
名工建設株式会社,1180001027354,,,0,,2026-06-14,○,https://meikokensetsu-recruit.com/,,,meikokensetsu-recruit.com,external-only
興和株式会社,1180001035811,,,0,,2026-06-14,○,https://www.kowa.co.jp/news/2026/press260507.pdf,,,kowa-recruit.jp,top-anchor
株式会社コアズ,1180001035761,○,,0,,2026-06-14,○,https://corps-inc.jp/recruit/,○,営業/事務/施工管理/販売,,top-anchor
大同興業株式会社,1180001037502,,,0,,2026-06-14,,,,,,
株式会社新東通信,1180001036792,○,,0,,2026-06-14,○,https://www.shinto-tsushin.co.jp/recruit-info,○,販売/マーケティング,,top-anchor
オイレス工業株式会社,1010401006049,,,0,,2026-06-14,,,,,,
川北電気工業株式会社,1180001035290,○,,0,,2026-06-14,○,https://www.kawakita.co.jp/recruit/,○,,,top-anchor
株式会社ＣＢＣクリエイション,1180001036669,,,0,,2026-06-14,,,,,,no-recruit-link
株式会社アート,1010701014775,○,,0,,2026-06-14,○,https://www.art-japan.co.jp/recruit/career,○,営業/技術職/販売,,top-anchor
株式会社小野測器,1020001001886,,,0,,2026-06-14,,,,,,
日本飛行機株式会社,1020001006613,,,0,,2026-06-14,,,,,,
海洋電子工業株式会社,1020001006043,,,0,,2026-06-14,,,,,,
株式会社信友建設,1020001007520,,,0,,2026-06-14,,,,,,
ラピスセミコンダクタ株式会社,1010101008452,,,0,,2026-06-14,,,,,,no-recruit-link
株式会社アルファ,1020001005862,○,,0,,2026-06-14,○,https://www.kk-alpha.com/cp/recruit/career.html,○,営業/介護,,top-anchor
株式会社シバックス,1020001008907,,,0,,2026-06-14,,,,,,
ハーベスト株式会社,1020001010441,,,0,,2026-06-14,,,,,,
株式会社明光社,1020001013873,,,0,,2026-06-14,,,,,,
ジオマテック株式会社,1020001015003,,,0,,2026-06-14,,,,,,
横浜植木株式会社,1020001013956,○,,0,,2026-06-14,○,https://www.yokohamaueki.co.jp/recruit/114/,○,営業/総合職/企画/施工管理,,top-anchor
株式会社ＣＩＪ,1020001015606,○,,0,,2026-06-14,○,https://recruit.cij.co.jp/,○,,recruit.cij.co.jp,common-path
株式会社浜銀総合研究所,1020001015795,○,,0,,2026-06-14,○,https://www.yokohama-ri.co.jp/recruit/new_graduate/index.html,○,営業/企画/介護/看護/コンサル,,top-anchor
レーザーテック株式会社,1020001022180,,,0,,2026-06-14,,,,,,
株式会社ＫＳＰ,1020001026487,,,0,,2026-06-14,,,,,,
株式会社宇徳,1020001025489,,,0,,2026-06-14,,,,,,
ソルブ株式会社,1020001027295,,,0,,2026-06-14,,,,,,
株式会社ジャスト,1020001011844,,,0,,2026-06-14,,,,,,no-recruit-link
株式会社日商物産,1020001028194,,,0,,2026-06-14,,,,,,
株式会社ホンマ,1020001028855,,,0,,2026-06-14,,,,,,
横浜高速鉄道株式会社,1020001029440,,,0,,2026-06-14,○,https://www.mm21railway.co.jp/info/corpo/employment.html,,,,top-anchor
ＡＬＳＯＫ神奈川株式会社,1020001030159,,,0,,2026-06-14,,,,,,
横浜冷凍株式会社,1020001030638,○,,0,,2026-06-14,○,https://www.yokorei.co.jp/recruit/,○,エンジニア/総合職/販売,,top-anchor
株式会社テイン,1020001033780,○,リクナビ,1,,2026-06-14,○,https://www.tein.co.jp/company_profile/,,企画/販売,,top-anchor
株式会社アルテサロンホールディングス（閉鎖）,1020001033236,,,0,,2026-06-14,,,,,,
株式会社ティー・アール・シー,1020001033203,,,0,,2026-06-14,,,,,,
株式会社旭広告社,1020001029894,○,,0,,2026-06-14,○,https://asahi-ad.co.jp/recruiting/,○,,,top-anchor
トキコシステムソリューションズ株式会社,1020001033723,○,,0,,2026-06-14,○,http://www.tokicosys.com/topics/other/000493/,○,販売,recruit.tokicosys.com,top-anchor
ＳＧＳジャパン株式会社,1020001034622,,,0,,2026-06-14,,,,,,top-fetch-failed
インバースネット株式会社,1020001036619,○,,0,,2026-06-14,○,https://www.inversenet.co.jp/recruit/,○,営業/販売,,top-anchor
株式会社クロステック,1020001037212,○,,0,,2026-06-14,○,https://www.xtec.co.jp/recruit/requirements/student,○,,,top-anchor
株式会社アナザーウェア,1020001038458,,,0,,2026-06-14,,,,,,top-fetch-failed
株式会社横浜グランドインターコンチネンタルホテル,1020001016001,,,0,,2026-06-14,,,,,,top-fetch-failed
株式会社エスシーサポート,1240001047429,,,0,,2026-06-14,,,,,,
イリソ電子工業株式会社,1020001053696,○,,0,,2026-06-14,○,https://www.irisoele.com/jp/recruit/newgrads/,○,営業/販売,,top-anchor
シンカ株式会社,1290001001769,,,0,,2026-06-14,,,,,,
グリーンシッピング株式会社,1250001005360,,,0,,2026-06-14,,,,,,top-fetch-failed
株式会社ニシコー,1290001009498,,,0,,2026-06-14,,,,,,
林兼エスト株式会社,1290001009738,,,0,,2026-06-14,○,https://www.h-est.co.jp/recruit/,,,,top-anchor
株式会社インフォグラム,1290001011611,,,0,,2026-06-14,,,,,,
株式会社医療事務サービス,1290001011660,,,0,,2026-06-14,,,,,,
株式会社キューオキ,1290001012337,,,0,,2026-06-14,,,,,,
九州総合サービス株式会社,1290001012411,,,0,,2026-06-14,,,,,,
建設サービス株式会社,1290001012989,,,0,,2026-06-14,,,,,,
株式会社福岡銀行,1290001004367,,,0,,2026-06-14,,,,,,top-fetch-failed
株式会社カンサイ,1290001012221,,,0,,2026-06-14,○,https://kansaihd.co.jp/recruit-top/,,営業/販売/コンサル,recruit.kansai-dengyo.co.jp,top-anchor
博多湾環境整備株式会社,1290001015728,,,0,,2026-06-14,○,https://www.kankyou-seibi.co.jp/recruit/,,,,top-anchor
空研工業株式会社,1290001007221,○,,0,,2026-06-14,○,https://www.kuken.com/recruit/,○,営業/事務/施工管理,,top-anchor
株式会社リサーチアンドソリューション,1290001017278,○,,0,,2026-06-14,○,http://www.rands-co.com/recruit/,○,営業,,top-anchor
福博綜合印刷株式会社,1290001016263,,,0,,2026-06-14,○,https://www.fsp.co.jp/career.php,,営業/デザイナー,,top-anchor
福岡センコー運輸株式会社,1290001019349,,,0,,2026-06-14,,,,,,
ＪＲ九州商事株式会社,1290001019794,,,0,,2026-06-14,,,,,,
メディアファイブ株式会社,1290001018160,○,,0,,2026-06-14,○,https://www.media5.co.jp/category/recruit/,○,エンジニア,,top-anchor
株式会社ジェイウェイブ,1290001020686,,,0,,2026-06-14,,,,,,
株式会社オービット,1290001020645,,,0,,2026-06-14,,,,,,
ホシザキ北九株式会社,1290001016577,,,0,,2026-06-14,○,https://www.hoshizaki-kitakyu.co.jp/careers,,営業/企画,recruitment.hoshizaki-kitakyu.co.jp,common-path
イワタニ九州株式会社,1290001024695,,,0,,2026-06-14,,,,,,
株式会社ＩＮＧ・ワールド,1290001026378,,,0,,2026-06-14,,,,,,
株式会社アカシヤビルサービス,1430001000384,,,0,,2026-06-14,,,,,,
池田煖房工業株式会社,1430001001267,○,,0,,2026-06-14,○,http://www.ikedan.co.jp/recruit/index.html,○,,,top-anchor
岡本興業株式会社,1430001003222,,,0,,2026-06-14,,,,,,
株式会社ビルマネージメント,1290001025818,,,0,,2026-06-14,○,http://www.buil-manage.com/recruit-hotel,,介護,,top-anchor
株式会社開発工営社,1430001003528,,,0,,2026-06-14,,,,,,
株式会社セイビ九州,1290001014110,,,0,,2026-06-14,○,https://seibiq-saiyo.jp/-/top/index.html,,,seibiq-saiyo.jp,external-only
株式会社清風堂,1430001008691,,,0,,2026-06-14,,,,,,
株式会社じょうてつ,1430001007925,○,,0,,2026-06-14,○,https://www.jotetsu.co.jp/recruit/entry/career.html,○,営業/総合職/事務/企画/介護,,top-anchor
株式会社アルテクス,1290001023417,○,,0,,2026-06-14,○,https://altecs.com/recruit-info,○,エンジニア/営業/介護,,top-anchor
日本乾溜工業株式会社,1290001028382,,,0,,2026-06-14,○,https://www.kanryu.co.jp/recruit/,,,instagram.com,top-anchor
株式会社なの花北海道,1430001005219,,,0,,2026-06-14,,,,,,top-fetch-failed
札商美装興業株式会社,1430001006811,,,0,,2026-06-14,○,https://jp.indeed.com/q-%E6%9C%AD%E5%95%86%E7%BE%8E%E8%A3%85%E8%88%88%E6%A5%AD%E6%A0%AA%E5%BC%8F%E4%BC%9A%E7%A4%BE-%E6%B1%82%E4%BA%BA.html?vjk=c811201b2cfca240,,,jp.indeed.com,external-only
株式会社シムス,1430001009847,,,0,,2026-06-14,,,,,,
株式会社通電技術,1430001010557,○,,0,,2026-06-14,○,https://tsuuden.co.jp/publics/index/123/,○,企画/コンサル,,top-anchor
株式会社ミライト・モバイル・イースト,1430001012727,,,0,,2026-06-14,,,,,,
北菱産業埠頭株式会社,1430001015614,,,0,,2026-06-14,,,,,,
株式会社双葉工業社,1430001015201,,,0,,2026-06-14,○,http://www.k-futaba.co.jp/recu.html,,,,top-anchor
株式会社クリーンコーポレーション,1430001005061,,,0,,2026-06-14,○,http://www.clean-corp.co.jp/recruit/?v=1,,,,top-anchor
北盛電設株式会社,1430001014789,,,0,,2026-06-14,,,,,,top-fetch-failed
株式会社アークス,1430001018377,,,0,,2026-06-14,,,,,,
株式会社アインホールディングス,1430001020787,,,0,,2026-06-14,,,,,,
マックスバリュ北海道株式会社（閉鎖）,1430001020267,,,0,,2026-06-14,,,,,,
日本ニューホランド株式会社,1430001021026,,,0,,2026-06-14,,,,,,
日本高圧コンクリート株式会社,1430001020829,○,,0,,2026-06-14,○,https://www.nihonkoatsu.co.jp/recruit/career_recruitment/,○,営業/事務/施工管理/介護/販売,job.mynavi.jp,top-anchor
株式会社ユニテック,1430001021645,,,0,,2026-06-14,,,,,,
株式会社モロオ,1430001017032,,,0,,2026-06-14,○,https://recruit.moroo.co.jp/news/career-msls/,,,recruit.moroo.co.jp,external-only
ＡＬＳＯＫ北海道株式会社,1430001021959,,,0,,2026-06-14,,,,,,
株式会社北海道日立,1430001022461,,,0,,2026-06-14,,,,,,
株式会社北海道ダイケン,1430001022180,,,0,,2026-06-14,,,,,,
株式会社エコミック,1430001023947,,,0,,2026-06-14,,,,,,
中道リース株式会社,1430001024094,,,0,,2026-06-14,,,,,,
株式会社プライムツーワン,1430001026974,,,0,,2026-06-14,,,,,,
セントラルリーシングシステム株式会社,1430001024268,,,0,,2026-06-14,,,,,,
ビットスター株式会社,1430001037773,,,0,,2026-06-14,,,,,,
北燃商事株式会社,1430001046650,,,0,,2026-06-14,,,,,,
馬淵建設株式会社,1430001046675,,,0,,2026-06-14,,,,,,
北海道ガソン株式会社,1430001049752,,,0,,2026-06-14,,,,,,
株式会社第一岸本臨床検査センター,1430001055197,,,0,,2026-06-14,,,,,,
株式会社調和技研,1430001041759,○,,0,,2026-06-14,○,https://www.chowagiken.co.jp/recruit/,○,エンジニア/コンサル,,top-anchor
株式会社南組,1430001055619,,,0,,2026-06-14,,,,,,
日鋼室蘭サービス株式会社,1430001057045,,,0,,2026-06-14,,,,,,
株式会社三井Ｅ＆Ｓ　ＤＵ,1010001230569,,,0,,2026-06-14,,,,,,
株式会社松本鉄工所,1430001053845,,,0,,2026-06-14,○,https://www.matsumoto-tekkosho.co.jp/recruit/,,営業,tenshoku.mynavi.jp/job.mynavi.jp,top-anchor
株式会社シマブンコーポレーション,1140001003508,,,0,,2026-06-14,,,,,,
ＬＲＭ株式会社,1120001120263,○,,0,,2026-06-14,○,https://www.lrm.jp/recruit/,○,エンジニア/営業/コンサル,,top-anchor
株式会社トーホー,1140001002071,○,,0,,2026-06-14,○,https://www.to-ho.co.jp/recruit.html,○,,,top-anchor
親和パッケージ株式会社,1140001001783,○,,0,,2026-06-14,○,https://shinwa-co.co.jp/recruit/,○,,,top-anchor
コベルコビジネスパートナーズ株式会社,1140001003466,○,,0,,2026-06-14,○,https://www.kobelco-kbp.jp/recruit/,○,事務/介護/販売,,top-anchor
第一電子株式会社,1140001004992,,,0,,2026-06-14,○,https://www.ddk.ne.jp/recruit/,,エンジニア/営業,,top-anchor
株式会社イナハラ,1140001006205,○,,0,,2026-06-14,○,https://www.inahara.co.jp/recruit/,○,営業/技術職,,top-anchor
尾道造船株式会社,1140001006741,○,,0,,2026-06-14,○,https://onozo.co.jp/recruitment/,○,,,common-path
川崎重工業株式会社,1140001005719,○,,0,,2026-06-14,○,https://www.khi-saiyo.jp/,○,,khi-saiyo.jp/khi-gr.jp,common-path
共栄株式会社,1140001007137,○,,0,,2026-06-14,○,http://www.kyoyei.com/recruit/recruit.html,○,,job.mynavi.jp,top-anchor
株式会社ナガサワ文具センター,1140001009777,,,0,,2026-06-14,,,,,,
株式会社ケイテック,1140001007384,,,0,,2026-06-14,○,https://www.ktec-akashi.co.jp/recruit/index.html,,,,top-anchor
株式会社ニチリン,1140001010033,,,0,,2026-06-14,,,,,,
株式会社神戸新聞社,1140001012021,,,0,,2026-06-14,,,,,,
株式会社神戸工業試験場,1140001014570,,,0,,2026-06-14,,,,,,
株式会社トヨタレンタリース兵庫,1140001016534,,,0,,2026-06-14,,,,,,
阪神内燃機工業株式会社,1140001010149,○,,0,,2026-06-14,○,https://www.hanshin-dw.co.jp/recruit/,○,営業,,top-anchor
株式会社ＯＫＡＭＵＲＡ,1140001012707,,,0,,2026-06-14,○,https://www.okamura-industry.co.jp/recruit/,,,,top-anchor
フアーストリネンサービス株式会社,1140001017862,,,0,,2026-06-14,,,,,,
株式会社ウインウイン,1140001022532,,,0,,2026-06-14,,,,,,
株式会社大伸,1140001013449,,,0,,2026-06-14,○,http://www.daishin-gr.co.jp/careers/,,,,top-anchor
株式会社神防社,1140001030329,,,0,,2026-06-14,,,,,,
株式会社ＪＭＵアムテック,1140001039675,,,0,,2026-06-14,,,,,,
スプリングエイトサービス株式会社,1140001039709,,,0,,2026-06-14,,,,,,
ホシザキ北海道株式会社,1430001015639,○,,0,,2026-06-14,○,https://www.hoshizaki-hokkaido.co.jp/topics/recruit/688/,○,営業,instagram.com,top-anchor
株式会社イボキン,1140001038603,○,,0,,2026-06-14,○,https://www.ibokin.co.jp/recruit/infomation/career/,○,営業/事務/施工管理,,top-anchor
株式会社ＲＵＴＩＬＥＡ,1010703003272,,,0,,2026-06-14,,,,,,
神栄テクノロジー株式会社,1140001027226,,,0,,2026-06-14,,,,,,top-fetch-failed
株式会社たけびし,1130001001272,,,0,,2026-06-14,,,,,,
シライ電子工業株式会社,1130001001041,○,,0,,2026-06-14,○,https://www.shiraidenshi.co.jp/homepage/recruit/index.html,○,介護,,top-anchor
株式会社東海近畿クボタ,1140001041037,,,0,,2026-06-14,,,,,,top-fetch-failed
ピアサービス株式会社,1140001035377,,,0,,2026-06-14,,,,,,top-fetch-failed
株式会社レボインターナショナル,1130001012055,,,0,,2026-06-14,,,,,,
内外エンジニアリング株式会社,1130001011313,○,,0,,2026-06-14,○,https://www.naigai-eng.co.jp/recruit/,○,エンジニア/コンサル,,top-anchor
ダイニック株式会社,1130001001198,,,0,,2026-06-14,,,,,,top-fetch-failed
株式会社キャリアパワー,1130001014217,,,0,,2026-06-14,,,,,,
ニッポンレンタカー北海道株式会社,1430001021109,,,0,,2026-06-14,,,,,,top-fetch-failed
株式会社エージェンシーアシスト,1130001013945,○,,0,,2026-06-14,○,https://www.agency-assist.co.jp/recruit/career-form/,○,営業,instagram.com,top-anchor
株式会社共栄薬研,1130001017005,,,0,,2026-06-14,,,,,,
オムロン株式会社,1130001016824,,,0,,2026-06-14,,,,,,top-fetch-failed
株式会社京進,1130001017021,○,,0,,2026-06-14,○,https://group.kyoshin.co.jp/recruit/,○,介護,kyoshin.co.jp/instagram.com/kla.ac,top-anchor
株式会社エース,1130001016650,,,0,,2026-06-14,,,,,,top-fetch-failed
株式会社ワコールキャリアサービス,1130001019323,○,,0,,2026-06-14,○,https://www.e-wacs.co.jp/about/recruit/,○,営業/企画/販売/コンサル,jobsearch.e-wacs.co.jp,top-anchor
トヨタカローラ京都株式会社,1130001021849,,,0,,2026-06-14,,,,,,
ナカライテスク株式会社,1130001021948,,,0,,2026-06-14,,,,,,
株式会社ダイワ・セキュリティー・システム,1130001025528,,,0,,2026-06-14,,,,,,
日本ニューロン株式会社,1130001037333,,,0,,2026-06-14,,,,,,
星和電機株式会社,1130001038463,○,,0,,2026-06-14,○,https://www.seiwa.co.jp/recruit/,○,営業,recruit.seiwa.co.jp,top-anchor
西武緑化管理株式会社,1012701000524,,,0,,2026-06-14,,,,,,
埼玉トヨペット株式会社,1030001003329,,,0,,2026-06-14,,,,,,
太陽管財株式会社,1030001005250,,,0,,2026-06-14,,,,,,
株式会社島忠,1030001004269,○,,0,,2026-06-14,○,https://www.shimachu.co.jp/corporate/recruit/,○,販売,,top-anchor
株式会社ハイデイ日高,1030001006892,,,0,,2026-06-14,,,,,,
株式会社丸電,1030001008006,,,0,,2026-06-14,,,,,,
株式会社むさしビルクリーナー,1030001008261,,,0,,2026-06-14,,,,,,
株式会社パレスエンタープライズ,1030001006950,,,0,,2026-06-14,○,https://www.palace-omiya.co.jp/company/recruit.html,,,,top-anchor
株式会社エクス・アドメディア,1030001014086,,,0,,2026-06-14,,,,,,
株式会社オプトエレクトロニクス,1030001020927,,,0,,2026-06-14,,,,,,
株式会社アールキューブ,1030001027922,,,0,,2026-06-14,,,,,,
埼玉西ヤクルト販売株式会社,1030001026924,,,0,,2026-06-14,,,,,,
株式会社アイチコーポレーション,1030001042723,,,0,,2026-06-14,,,,,,
ニッポンレンタカー北関東株式会社,1030001044141,,,0,,2026-06-14,,,,,,
ユー・エム・シー・エレクトロニクス株式会社,1030001044117,○,,0,,2026-06-14,○,https://www.umc.co.jp/modules/contents/recruit.html,○,販売,,top-anchor
新報国マテリアル株式会社,1030001054909,,,0,,2026-06-14,,,,,,
株式会社オプトラン,1030001056764,,,0,,2026-06-14,,,,,,
アイ・エム・アイ株式会社,1030001063447,,,0,,2026-06-14,,,,,,
旭産業株式会社,1030001060114,○,,0,,2026-06-14,○,https://www.asahi-sangyo.biz/recruit/mid-career-recruitment/,○,,,top-anchor
株式会社イハシエネルギー,1030001063604,,,0,,2026-06-14,○,https://ihashi-hd.net/recruit,,介護/販売,recruit-ihashi-hd.net,top-anchor
株式会社銚子丸,1040001001199,,,0,,2026-06-14,,,,,,
興栄燃料株式会社,1040001002206,,,0,,2026-06-14,○,https://www.koei-e.jp/recruit/,,営業/販売,koei-e.jp,common-path
千葉テレビ放送株式会社,1040001004838,,,0,,2026-06-14,○,https://www.chiba-tv.com/program/detail/1139,,,,top-anchor
株式会社エイシル,1040001009432,,,0,,2026-06-14,,,,,,
オネスティオフィスサポート株式会社,1040001011735,,,0,,2026-06-14,,,,,,
ＡＬＳＯＫ千葉株式会社,1040001008244,,,0,,2026-06-14,○,http://www.alsok-chiso.co.jp/recruit.html,,営業/事務,,top-anchor
船橋興産株式会社,1040001019365,○,,0,,2026-06-14,○,https://funabashikousan.co.jp/recruit/midcareer.php,○,営業,,top-anchor
日本サービス株式会社,1040001036451,,,0,,2026-06-14,○,https://www.ns-k.co.jp/recruit.html,,施工管理,,top-anchor
株式会社丸長青果,1040001036988,,,0,,2026-06-14,,,,,,
株式会社ＮＴＴデータ・エム・シー・エス,1040001036848,○,,0,,2026-06-14,○,https://www.mcserve.co.jp/recruit/,○,エンジニア/営業/企画/販売,,top-anchor
イケア・ジャパン株式会社,1040001021866,,,0,,2026-06-14,○,https://www.ikea.com/jp/ja/this-is-ikea/work-with-us/?itm_campaign=work-with-ikea&itm_element=Identity&itm_content=Brand,,営業,,top-anchor
株式会社ジェス,1040001042929,,,0,,2026-06-14,,,,,,
株式会社アイム,1040001042689,,,0,,2026-06-14,,,,,,
株式会社ＰＣＥＲ,1040001041971,,,0,,2026-06-14,,,,,,
株式会社シー・エス・ランバー,1040001057646,,,0,,2026-06-14,,,,,,
鈴木建設株式会社,1040001061846,,,0,,2026-06-14,,,,,,
光和管財株式会社,1140001007599,,,0,,2026-06-14,○,https://kowa-kanzai-recruit.jp/,,,kowa-kanzai-recruit.jp,external-only
株式会社アイガー,1010001035258,○,,0,,2026-06-14,○,https://field.ne.jp/recruit/,○,,,top-anchor
王子エンジニアリング株式会社,1010001039770,,,0,,2026-06-14,,,,,,
イシグロ株式会社,1010001036925,○,,0,,2026-06-14,○,https://www.ishiguro-recruit.jp/,○,営業/事務,ishiguro-recruit.jp,common-path
ザインエレクトロニクス株式会社,1010001044837,,,0,,2026-06-14,,,,,,
日本紙通商株式会社,1010001045983,,,0,,2026-06-14,○,https://www.np-t.co.jp/recruit/,,企画,,top-anchor
第一高周波工業株式会社,1010001048722,○,,0,,2026-06-14,○,https://dhf.co.jp/recruit/,○,,,common-path
高橋カーテンウォール工業株式会社,1010001049480,○,,0,,2026-06-14,○,https://t-cw.co.jp/entry/company/,○,事務/マーケティング,,top-anchor
株式会社東洋経済新報社,1010001051874,,,0,,2026-06-14,○,https://toyokeizai.net/list/genre/career-and-education,,企画/マーケティング,recruit.toyokeizai.net,top-anchor
東レプラスチック精工株式会社,1010001051932,,,0,,2026-06-14,,,,,,
株式会社東証コンピュータシステム,1010001051437,○,,0,,2026-06-14,○,https://www.tcs.co.jp/recruit/new/,○,営業/総合職/技術職/介護,,top-anchor
東洋熱工業株式会社,1010001051916,○,,0,,2026-06-14,○,https://www.tonets.co.jp/recruit/tabid/222/Default.aspx,○,営業/総合職/事務/施工管理,,top-anchor
ジャパンフィールド株式会社,1140001028777,,,0,,2026-06-14,,,,,,no-recruit-link
株式会社ビッグアビリティ,1010001055157,,,0,,2026-06-14,,,,,,
西川株式会社,1010001053631,○,,0,,2026-06-14,○,https://www.nishikawa1566.com/company/recruit/,○,事務/販売,,top-anchor
株式会社廣瀬商会,1010001054927,,,0,,2026-06-14,○,https://www.hiroseshokai.co.jp/recruit/index.html,,,,top-anchor
丸三証券株式会社,1010001057236,,,0,,2026-06-14,,,,,,
株式会社東京エコール,1010001059174,,,0,,2026-06-14,,,,,,
株式会社堀場製作所,1130001011676,,,0,,2026-06-14,,,,,,no-recruit-link
株式会社ヨネイ,1010001060074,○,,0,,2026-06-14,○,https://www.yonei.co.jp/recruit/entry.html,○,営業,,top-anchor
東京貿易テクノシステム株式会社,1010001061642,,,0,,2026-06-14,○,https://www.tbts.co.jp/recruit/,,エンジニア/販売,,top-anchor
日本検査キューエイ株式会社,1010001062013,,,0,,2026-06-14,,,,,,
株式会社アヴァンティスタッフ,1010001061972,○,,0,,2026-06-14,○,https://www.avantistaff.com/recruit/,○,営業/総合職,,top-anchor
株式会社日本デザインセンター,1010001062302,○,,0,,2026-06-14,○,https://www.ndc.co.jp/recruit/,○,デザイナー,,top-anchor
グローブシップ総合管理株式会社,1010001062434,○,,0,,2026-06-14,○,https://www.gs-tm.jp/recruit/,○,,,top-anchor
株式会社ジェイック,1010001066022,,,0,,2026-06-14,,,,,,
株式会社第一ビルデイング,1010001065445,○,,0,,2026-06-14,○,https://www.dai-ichi-building.co.jp/recruit,○,,,top-anchor
いちご株式会社,1010001068118,○,,0,,2026-06-14,○,https://www.ichigo.gr.jp/recruit/career/,○,販売,,top-anchor
株式会社一六堂,1010001065395,,,0,,2026-06-14,○,https://www.ichirokudo.com/recruit,,,,top-anchor
株式会社パソナ,1010001067359,,,0,,2026-06-14,○,https://www.pasona.co.jp/xtech-jobsearch/,,エンジニア/営業/企画/デザイナー/マーケティング,pasonaelpis.my.site.com/pasonagroup.co.jp,top-anchor
株式会社ＮＴＴドコモ,1010001067912,○,,0,,2026-06-14,○,https://www.docomo.ne.jp/corporate/recruit/?icid=CRP_menu_to_CRP_CORP_recruit,○,,nba.docomo.ne.jp,top-anchor
株式会社イーブックイニシアティブジャパン（閉鎖）,1010001069108,,,0,,2026-06-14,,,,,,
株式会社ＩＤＯＭ,1010001069520,,,0,,2026-06-14,,,,,,
株式会社プロシップ,1010001073852,○,,0,,2026-06-14,○,https://www.proship.co.jp/contact/form-recruit/,○,,,top-anchor
株式会社フェローテック,1010001075980,,,0,,2026-06-14,,,,,,
商船三井テクノトレード株式会社,1010001074512,○,,0,,2026-06-14,○,https://www.motech.co.jp/recruit/,○,営業/事務/企画/販売,job.mynavi.jp,top-anchor
株式会社ＫＰＭＧ　ＦＡＳ,1010001075808,,,0,,2026-06-14,○,https://kpmg.com/jp/ja/careers/fas/year-round-recruitment.html,,事務/コンサル,marr.jp/recruit.kpmg-fas.jp,top-anchor
株式会社ＲＤサポート,1010001078018,○,,0,,2026-06-14,○,https://www.rdsupport.co.jp/recruit/,○,営業/マーケティング/コンサル,rdsupport-tenshoku.jp,top-anchor
株式会社アイ・ラーニング,1010001081896,,,0,,2026-06-14,,,,,,
フロンティアコンストラクション＆パートナーズ株式会社,1010001083026,,,0,,2026-06-14,,,,,,
レオス・キャピタルワークス株式会社,1010001082655,○,,0,,2026-06-14,○,https://www.rheos.jp/recruit/,○,看護/販売,,top-anchor
株式会社ライトワークス,1010001084197,,,0,,2026-06-14,,,,,,
株式会社トレードワークス,1010001085245,,,0,,2026-06-14,,,,,,
ランスタッド株式会社,1010001084148,○,,0,,2026-06-14,○,https://www.randstad.co.jp/recruit/career/,○,エンジニア/事務/企画/マーケティング/コンサル,services.randstad.co.jp,top-anchor
東洋炭素株式会社,1120001050238,,,0,,2026-06-14,○,https://www.toyotanso.co.jp/Recruit/,,営業/総合職,job.mynavi.jp,top-anchor
日新興業株式会社,1120001057571,,,0,,2026-06-14,,,,,,
株式会社公文教育研究会,1120001054949,○,,0,,2026-06-14,○,https://www.kumon.ne.jp/job/recruitment/info.html,○,介護/マーケティング/コンサル,axol.jp/tenshoku.mynavi.jp,top-anchor
スミセイ情報システム株式会社,1120001056193,,,0,,2026-06-14,,,,,,top-fetch-failed
日本インターシステムズ株式会社,1120001059320,,,0,,2026-06-14,,,,,,
エイチ・ツー・オーリテイリング株式会社,1120001059683,,,0,,2026-06-14,,,,,,
株式会社アイビックス関西,1120001059857,,,0,,2026-06-14,,,,,,
積水化学工業株式会社,1120001059650,○,,0,,2026-06-14,○,https://www.sekisui.co.jp/person/,○,営業,,top-anchor
西日本旅客鉄道株式会社,1120001059675,,,0,,2026-06-14,○,https://www.westjr.co.jp/company/recruit/,,,,top-anchor
朝日建物管理株式会社,1120001060014,○,,0,,2026-06-14,○,https://www.asahitatemonokanri.co.jp/recruit/,○,営業/総合職/技術職,,top-anchor
株式会社パソナジョイナス,1120001062472,,,0,,2026-06-14,,,,,,
積水ハウス不動産株式会社,1120001062571,,,0,,2026-06-14,,,,,,
株式会社きんでん,1120001063033,,,0,,2026-06-14,,,,,,
大成機工株式会社,1120001066556,,,0,,2026-06-14,,,,,,
東洋紡エンジニアリング株式会社,1120001067827,,,0,,2026-06-14,,,,,,
株式会社ジェイエスエス,1120001064799,○,,0,,2026-06-14,○,https://www.jss-group.co.jp/recruit,○,,,top-anchor
阪神千代田株式会社,1120001069253,,,0,,2026-06-14,,,,,,
株式会社ＣＹＬＬＥＮＧＥ,1120001070120,,,0,,2026-06-14,,,,,,
株式会社魚国総本社,1120001074930,○,,0,,2026-06-14,○,https://www.uokuni-s.co.jp/recruit/,○,総合職/企画,,top-anchor
小泉産業株式会社,1120001077413,,,0,,2026-06-14,,,,,,
井澤金属株式会社,1120001077347,,,0,,2026-06-14,,,,,,
株式会社関西アーバン銀行（閉鎖）,1120001076365,,,0,,2026-06-14,,,,,,
株式会社イムラ,1120001074740,,,0,,2026-06-14,○,https://www.imura.co.jp/careers/,,営業/総合職/企画/販売,,top-anchor
任天堂株式会社,1130001011420,,,0,,2026-06-14,,,,,,no-recruit-link
株式会社リヒトラブ,1120001077594,,,0,,2026-06-14,,,,,,
キンセイマテック株式会社,1120001078320,,,0,,2026-06-14,○,https://www.kinseimatec.co.jp/recruit/,,エンジニア,,top-anchor
株式会社コノエ,1120001079491,,,0,,2026-06-14,○,https://www.konoe.co.jp/recruit/,,販売,,top-anchor
株式会社コーユービジネス,1120001079599,,,0,,2026-06-14,,,,,,
シキボウリネン株式会社,1120001080945,,,0,,2026-06-14,,,,,,
株式会社出版文化社,1120001081431,,,0,,2026-06-14,,,,,,
イオンディライト株式会社,1120001081381,,,0,,2026-06-14,○,https://www.aeondelight.co.jp/jobs/,,営業/企画,aeondelight-recruit.net,top-anchor
清和肥料工業株式会社,1120001082578,,,0,,2026-06-14,,,,,,
株式会社サイネックス,1120001079723,○,,0,,2026-06-14,○,https://www.scinex.co.jp/recruitment/new-graduate/,○,,,top-anchor
株式会社タクミナ,1120001083948,,,0,,2026-06-14,,,,,,
東邦レオ株式会社,1120001085408,○,,0,,2026-06-14,○,https://www.toho-leo.co.jp/recruit/,○,,,top-anchor
株式会社パルグループホールディングス,1120001087503,,,0,,2026-06-14,,,,,,
株式会社バルニバービ,1120001087528,,,0,,2026-06-14,,,,,,
株式会社チクマ,1120001084293,,,0,,2026-06-14,○,https://www.chikuma.co.jp/recruit/recruit.html,,,,top-anchor
株式会社日阪製作所,1120001087750,○,,0,,2026-06-14,○,https://www.hisaka.co.jp/recruiting/career.html,○,エンジニア/営業/介護/看護,,top-anchor
株式会社翻訳センター,1120001089458,,,0,,2026-06-14,○,https://www.honyakuctr.com/recruit/career/,,事務,,top-anchor
パーソルエクセルＨＲパートナーズ株式会社,1120001089788,,,0,,2026-06-14,○,https://persol-hrpartners.co.jp/haken/,,エンジニア/営業/事務/販売/マーケティング,denkiya-san.persol-hrpartners.co.jp/job.persol-factorypartners.co.jp/job-journey.persol-hrpartners.co.jp,top-anchor
株式会社マンダム,1120001090234,○,,0,,2026-06-14,○,https://www.mandom.co.jp/careers/new.html,○,デザイナー,,top-anchor
ミズノスポーツサービス株式会社,1120001090341,,,0,,2026-06-14,,,,,,top-fetch-failed
株式会社三橋商会,1120001090515,,,0,,2026-06-14,○,https://www.mitsuhashi-net.co.jp/recruit.html,,営業/事務,,top-anchor
株式会社ワークステーション,1120001092585,,,0,,2026-06-14,,,,,,
株式会社フュートレック（閉鎖）,1120001095092,,,0,,2026-06-14,,,,,,
株式会社レタス,1120001092346,,,0,,2026-06-14,○,https://www.letus.co.jp/letus_recruit/,,エンジニア/介護,,top-anchor
株式会社ウィル・インターナショナル,1120001094367,,,0,,2026-06-14,,,,,,
佐々木化学薬品株式会社,1130001012716,,,0,,2026-06-14,,,,,,no-recruit-link
株式会社タスクフォース,1120001098013,,,0,,2026-06-14,,,,,,
株式会社イオシス,1120001098434,,,0,,2026-06-14,,,,,,
日本設備管理株式会社,1040001066176,,,0,,2026-06-14,,,,,,no-recruit-link
株式会社中日総合サービス,1180001037956,,,0,,2026-06-14,,,,,,
ダイナパック株式会社,1180001037535,○,,0,,2026-06-14,○,https://www.dynapac-gr.co.jp/careers/,○,営業/事務,,top-anchor
株式会社ＦＯＶＡテック,1180001038459,,,0,,2026-06-14,,,,,,
富士ビジネス・マシンズ株式会社,1180001040299,,,0,,2026-06-14,,,,,,
大阪有機化学工業株式会社,1120001093014,,,0,,2026-06-14,○,https://www.ooc.co.jp/recruit/,,,,top-anchor
株式会社エースベーキング,1180001045182,,,0,,2026-06-14,,,,,,
株式会社宮崎,1180001045546,,,0,,2026-06-14,,,,,,
中央紙器工業株式会社,1180001045224,○,,0,,2026-06-14,○,http://www.mcpack.co.jp/recruit/mid_career/,○,,,top-anchor
株式会社ＯＪＴソリューションズ,1180001051222,,,0,,2026-06-14,,,,,,
株式会社アビリブ,1180001056163,○,,0,,2026-06-14,○,https://www.ab-net.co.jp/recruit,○,エンジニア/営業/企画/デザイナー/マーケティング,,top-anchor
ＮＤＳインフォス株式会社,1180001056171,○,,0,,2026-06-14,○,https://www.nds-infos.co.jp/recruit/,○,介護,,top-anchor
東建コーポレーション株式会社,1180001054828,○,,0,,2026-06-14,○,https://www.token.co.jp/recruit/,○,営業/施工管理/販売/コンサル,,top-anchor
マスプロ電工株式会社,1180001067276,,,0,,2026-06-14,○,https://www.maspro.co.jp/recruit/,,総合職/技術職/企画,,top-anchor
株式会社ナンシン,1010001053053,,,0,,2026-06-14,,,,,,no-recruit-link
株式会社コモ,1180001075799,,,0,,2026-06-14,,,,,,
岩田食品株式会社,1180001082184,,,0,,2026-06-14,,,,,,
オークマ株式会社,1180001081319,○,,0,,2026-06-14,○,https://www.okuma.co.jp/support/contact/recruit.php,○,営業,okuma-saiyou.jp,top-anchor
株式会社今仙電機製作所,1180001080700,○,,0,,2026-06-14,○,https://www.imasen.co.jp/recruit/boshu/recruit_boshu/,○,総合職,,top-anchor
東名通信工業株式会社,1180001086061,,,0,,2026-06-14,,,,,,
ミツワ電機株式会社,1010001058408,,,0,,2026-06-14,○,https://www.mitsuwadenki-recruit.com/,,,mitsuwadenki-recruit.com,external-only
ＮＫＫスイッチズ株式会社,1020001066839,,,0,,2026-06-14,,,,,,
セントラル総業株式会社,1020001067993,,,0,,2026-06-14,,,,,,
東芝電材マーケティング株式会社,1020001063613,,,0,,2026-06-14,○,https://www.tsdm.co.jp/tsdm/recruit/index_j.htm,,営業/マーケティング,,top-anchor
株式会社研空社,1020001064041,○,,0,,2026-06-14,○,https://www.kenk.jp/recruit/,○,,,top-anchor
秋山商事株式会社,1020001071780,,,0,,2026-06-14,,,,,,
株式会社リロエクセル,1120001075375,,,0,,2026-06-14,,,,,,no-recruit-link
株式会社日本海洋科学,1020001077159,,,0,,2026-06-14,,,,,,
ＪＦＥ東日本ジーエス株式会社,1020001072119,,,0,,2026-06-14,○,https://www.jfe-hgs.co.jp/recruit/,,販売,,top-anchor
株式会社秀光,1020001077472,○,,0,,2026-06-14,○,https://www.shukoh.co.jp/recruit/,○,エンジニア/企画,,top-anchor
東芝電波プロダクツ株式会社,1020001081053,,,0,,2026-06-14,,,,,,
株式会社ニッツウ警備保障,1020001086432,,,0,,2026-06-14,,,,,,
株式会社光洲産業,1020001077704,,,0,,2026-06-14,,,,,,top-fetch-failed
株式会社イチネン,1120001097972,,,0,,2026-06-14,○,https://www.ichinenhd.co.jp/recruit/,,,ichinenhd.co.jp,external-only
アイ・ティー・エックス株式会社,1020001108657,○,,0,,2026-06-14,○,https://www.itx-corp.co.jp/recruit,○,営業/企画/販売/コンサル,,top-anchor
株式会社グッドライフ,1021001000589,,,0,,2026-06-14,,,,,,
株式会社ティーファス,1180001038566,,,0,,2026-06-14,,,,,,no-recruit-link
株式会社クエリー,1021001019662,○,,0,,2026-06-14,○,https://www.query.jp/recruit/,○,事務/コンサル,,top-anchor
株式会社オービーエム管財,1021001032459,,,0,,2026-06-14,,,,,,
株式会社西原商会九州,1290001038480,,,0,,2026-06-14,,,,,,
株式会社スマイル企画,1290001045015,,,0,,2026-06-14,,,,,,
笹徳印刷株式会社,1180001069322,,,0,,2026-06-14,○,https://sasatoku-saiyou.com/?from=sasatoku_hp,,,sasatoku-saiyou.com,external-only
株式会社ＹＤＫテクノロジーズ,1021001022880,○,,0,,2026-06-14,○,https://www.ydktechs.co.jp/jp/recruit/index.html,○,事務,ydk.snar.jp,top-anchor
株式会社筑水キャニコム,1290001055179,,,0,,2026-06-14,○,https://canycom.jp/recruit/,,営業,,top-anchor
株式会社平川燃料,1290001054387,,,0,,2026-06-14,○,https://www.hirakawa-1147.jp/recruit/,,,,top-anchor
株式会社ＱＣＬ,1290001058636,,,0,,2026-06-14,,,,,,
株式会社ザイマックス九州,1290001062968,,,0,,2026-06-14,,,,,,
ＡＴＵホールディングス株式会社,1290001060575,,,0,,2026-06-14,○,https://atu.co.jp/recruit/,,事務,,top-anchor
キャタピラー九州株式会社,1290001079293,,,0,,2026-06-14,○,https://www.cat-kyushu.co.jp/lp/recruit/,,営業/販売,,top-anchor
エイジス九州株式会社,1290001100091,,,0,,2026-06-14,,,,,,
株式会社九州ダイケン,1290001081183,○,,0,,2026-06-14,○,http://www.kyushu-daiken.co.jp/?page_id=697,○,技術職,,top-anchor
株式会社アウルズ,1290801000094,,,0,,2026-06-14,○,https://www.owlsone.co.jp/careers/,,,facebook.com,top-anchor
福岡酸素株式会社,1290001049544,○,,0,,2026-06-14,○,https://fksanso.co.jp/recruit/,○,エンジニア/営業/総合職/企画/介護,,top-anchor
東洋警備保障株式会社,1290801002636,,,0,,2026-06-14,,,,,,
ＪＲ九州サービスサポート株式会社,1290801005366,,,0,,2026-06-14,,,,,,
ＴＯＴＯ株式会社,1290801002603,○,,0,,2026-06-14,○,https://jp.toto.com/career/,○,営業/総合職/技術職/企画,,top-anchor
濱田重工株式会社,1290801003064,○,,0,,2026-06-14,○,https://hamada-hi.com/2026/04/news_id=5191/,○,エンジニア/販売,recruit.hamada-hi.com,top-anchor
九州美装株式会社,1290801009128,,,0,,2026-06-14,,,,,,
安全警備株式会社,1290801009573,,,0,,2026-06-14,,,,,,
株式会社ヤマックス,1290801007338,○,,0,,2026-06-14,○,https://www.yamax-kokura.jp/faq_cat/recruitment,○,営業,,top-anchor
鉄鋼処理産業株式会社,1290801012296,,,0,,2026-06-14,,,,,,
株式会社アスモフードサービス東日本,1430001072317,,,0,,2026-06-14,,,,,,
函館環境衛生株式会社,1440001001621,,,0,,2026-06-14,,,,,,
株式会社コンピューター・ビジネス,1450001001133,,,0,,2026-06-14,,,,,,
株式会社エイアンドティー,1021001002692,,,0,,2026-06-14,,,,,,top-fetch-failed
環境コンサルタント株式会社,1460001000241,,,0,,2026-06-14,,,,,,
株式会社橋本川島コーポレーション,1450001002437,,,0,,2026-06-14,○,https://hkcorp.co.jp/,,営業/事務/企画/販売/コンサル,hkcorp-recruit.com,common-path
株式会社只石組,1450001002032,,,0,,2026-06-14,○,https://www.tadaishi.jp/publics/index/6/,,施工管理,,top-anchor
東洋株式会社,1460101001189,,,0,,2026-06-14,,,,,,
北海道道路保全株式会社,1460101001627,,,0,,2026-06-14,,,,,,
株式会社金田自動車,1450001003022,○,,0,,2026-06-14,○,http://www.kanetagroup.jp/recruit.html,○,企画/販売,,top-anchor
株式会社北土開発,1460101001569,○,,0,,2026-06-14,○,https://www.hokudo-kaihatsu.co.jp/recruit,○,技術職,,top-anchor
桑原電装株式会社,1460301000346,,,0,,2026-06-14,,,,,,
株式会社三共後藤建設,1460301001253,,,0,,2026-06-14,,,,,,
富士通株式会社,1020001071491,,,0,,2026-06-14,○,https://global.fujitsu/en-global/careers,,,fujitsu.recruiting.jp.fujitsu.com,common-path
株式会社エーティック,2430001002181,○,,0,,2026-06-14,○,https://a-tic.co.jp/recruit,○,エンジニア/営業/企画/コンサル,,top-anchor
株式会社エコニクス,2430001002289,,,0,,2026-06-14,○,https://econixe.co.jp/recruit/,,コンサル,,top-anchor
新生ビルメンテナンス株式会社,1290001048950,,,0,,2026-06-14,,,,,,top-fetch-failed
地崎商事株式会社,2430001010424,,,0,,2026-06-14,,,,,,
株式会社日総,2430001012643,,,0,,2026-06-14,,,,,,
共通Ｆロジ株式会社,2430001004673,,,0,,2026-06-14,,,,,,top-fetch-failed
株式会社シビテック,2430001007651,,,0,,2026-06-14,○,https://www.civitec.co.jp/recruit/mid-career/,,コンサル,,top-anchor
札建工業株式会社,2430001006736,,,0,,2026-06-14,○,https://www.sakkenkogyo.jp/pages/1000058/,,事務,,top-anchor
株式会社ベルックス,2430001014425,,,0,,2026-06-14,○,https://www.belx.jp/recruit/index.html,,,,top-anchor
株式会社ムトウ,2430001016743,○,,0,,2026-06-14,○,https://www.wism-mutoh.jp/recruit/,○,販売/コンサル,,top-anchor
ライラック興業株式会社,2430001018120,,,0,,2026-06-14,,,,,,
株式会社札幌映像プロダクシヨン,2430001019622,,,0,,2026-06-14,,,,,,
株式会社サンコー,2430001019011,,,0,,2026-06-14,○,https://www.sancoh.co.jp/category/data_entry,,,,top-anchor
株式会社電通北海道,2430001010952,,,0,,2026-06-14,,,,,,top-fetch-failed
三井不動産リアルティ札幌株式会社,2430001020480,○,,0,,2026-06-14,○,https://www.mf-realty.jp/recruit/shinsotsu/index.html,○,,instagram.com,top-anchor
株式会社日本旅行北海道,2430001021116,,,0,,2026-06-14,○,https://www.nta.co.jp/hokkaido/company/recruit/kojin.htm,,,,top-anchor
札幌日信電子株式会社,2430001020233,○,,0,,2026-06-14,○,https://www.sapporo-nisshin.co.jp/recruit/,○,技術職/企画/販売,,top-anchor
エア・ウォーター産業・医療ガス株式会社,2430001022196,○,,0,,2026-06-14,○,https://img-awi.co.jp/recruit/,○,エンジニア/営業/技術職/事務/施工管理,,top-anchor
丸彦渡辺建設株式会社,2430001023599,,,0,,2026-06-14,○,https://www.maruhiko.co.jp/recruit,,営業/事務,,top-anchor
ネクスト・ワン株式会社,1140001043264,○,,0,,2026-06-14,○,https://www.next-1.co.jp/recruit/,○,営業/事務,,top-anchor
株式会社ＭＣエバテック,1140001048230,,,0,,2026-06-14,○,https://www.mcet.co.jp/recruit/,,,,top-anchor
日本スピンドル製造株式会社,1140001050327,○,,0,,2026-06-14,○,https://www.spindle.co.jp/recruit/main.html,○,,hyogo.courseweb.jp,top-anchor
三共電機株式会社,1180001085856,,,0,,2026-06-14,,,,,,no-recruit-link
株式会社日興商会,1140001050558,,,0,,2026-06-14,○,https://nikko.bunguclub.co.jp/recruit/,,,,top-anchor
日本山村硝子株式会社,1140001054947,,,0,,2026-06-14,,,,,,
永井産業株式会社,1140001060318,,,0,,2026-06-14,,,,,,
ハリマ共和物産株式会社,1140001060846,,,0,,2026-06-14,,,,,,
株式会社システムリサーチ,1140001056258,○,,0,,2026-06-14,○,https://www.sr-co.co.jp/recruit/,○,エンジニア/営業/事務/介護/コンサル,,top-anchor
株式会社ワンステップ,1140001062280,,,0,,2026-06-14,,,,,,
日本電子材料株式会社,1140001050335,,,0,,2026-06-14,,,,,,top-fetch-failed
新明和ソフトテクノロジ株式会社,1140001069045,,,0,,2026-06-14,,,,,,
株式会社ジオテクノ関西,1140001068971,,,0,,2026-06-14,,,,,,
阪神園芸株式会社,1140001070003,,,0,,2026-06-14,○,https://www.hanshinengei.co.jp/recruit,,営業,,top-anchor
株式会社ＮＥＯ　ＤＡＩＳＥＩ,1140001077898,,,0,,2026-06-14,,,,,,
株式会社ハイレックスコーポレーション,1140001081875,○,,0,,2026-06-14,○,http://www.hi-lex.co.jp/recruit/index.html,○,営業/総合職/事務/介護,,top-anchor
西菱電機株式会社,1140001078509,○,,0,,2026-06-14,○,https://www.seiryodenki.co.jp/hr/new-graduate-recruitment-guidelines/,○,エンジニア/営業/事務/企画/施工管理,note.com,top-anchor
ヤンマー舶用システム株式会社,1140001083756,,,0,,2026-06-14,,,,,,top-fetch-failed
トレスエンジニアリング株式会社,2100001015489,,,0,,2026-06-14,,,,,,
株式会社山本清掃,2130001011948,,,0,,2026-06-14,,,,,,
ＳＧシステム株式会社,2130001010677,○,,0,,2026-06-14,○,https://www.sg-systems.co.jp/recruit/,○,エンジニア/営業/コンサル,,top-anchor
日本新薬株式会社,2130001012236,,,0,,2026-06-14,○,https://www.nippon-shinyaku.co.jp/recruit/career/,,営業/企画/コンサル,,top-anchor
株式会社白鳩,2130001014736,,,0,,2026-06-14,○,https://www.shirohato.co.jp/recruit/index.html,,,,top-anchor
株式会社ジェイ・エス・ビー,2130001017499,,,0,,2026-06-14,,,,,,
株式会社地域計画建築研究所,2130001018043,,,0,,2026-06-14,,,,,,
株式会社演算工房,2130001020098,,,0,,2026-06-14,,,,,,
株式会社サンコンタクトレンズ,2130001020932,,,0,,2026-06-14,○,https://www.sun-con.com/company/recruit.html,,営業,,common-path
ニチコン株式会社,2130001022029,,,0,,2026-06-14,○,http://www.nichicon.co.jp/recruit_graduates/,,営業,,top-anchor
ワールドビジネスセンター株式会社,2130001012070,,,0,,2026-06-14,○,https://www.wbc.co.jp/,,,recruit.wbc.co.jp,common-path
株式会社トーセ,2130001030304,,,0,,2026-06-14,,,,,,
株式会社日新システムズ,2130001018398,○,,0,,2026-06-14,○,https://www.co-nss.co.jp/recruit/,○,エンジニア/営業/技術職,,top-anchor
京都電子計算株式会社,2130001023349,○,,0,,2026-06-14,○,https://www.kip.co.jp/recruit/entry/,○,エンジニア/営業/企画/コンサル,,top-anchor
サイレックス・テクノロジー株式会社,2130001037373,○,,0,,2026-06-14,○,https://www.silex.jp/recruit,○,エンジニア,,top-anchor
信和商事株式会社,2130001038082,,,0,,2026-06-14,○,https://shinwasyouji.co.jp/recruit/,,営業,,top-anchor
株式会社丹新ビルサービス,2130001041160,,,0,,2026-06-14,○,https://tanshin-bs.co.jp/recruit/,,,,top-anchor
株式会社ニチダイ,2130001038818,,,0,,2026-06-14,○,https://www.nichidai.jp/recruit/,,,,top-anchor
株式会社関東甲信クボタ,1030001072877,,,0,,2026-06-14,,,,,,
日東精工株式会社,2130001041813,○,,0,,2026-06-14,○,https://www.nittoseiko.co.jp/recruit.html,○,,,top-anchor
株式会社スマイルクルー,1020001094146,,,0,,2026-06-14,,,,,,no-recruit-link
株式会社バッファロー,1030001076804,,,0,,2026-06-14,,,,,,
株式会社前澤エンジニアリングサービス,1030001082736,○,,0,,2026-06-14,○,https://www.maezawa-es.co.jp/ja/recruit/fresh.html,○,エンジニア/営業/技術職,,top-anchor
東日本メディコム株式会社,1030001087058,,,0,,2026-06-14,○,https://www.e-medicom.co.jp/recruit/,,事務/販売,,common-path
株式会社エイリイ・エンジニアリング,1030001089962,○,,0,,2026-06-14,○,https://www.alae.co.jp/recruit/,○,エンジニア/介護,job.mynavi.jp,top-anchor
株式会社グラファイトデザイン,1030001090714,○,,0,,2026-06-14,○,https://www.gd-inc.co.jp/recruit/,○,営業/介護/看護/販売,,top-anchor
関東建設マネジメント株式会社,1030001098427,,,0,,2026-06-14,,,,,,
朝日アグリア株式会社,1030001135964,,,0,,2026-06-14,,,,,,
株式会社ＤＮＰデータテクノ,1050001028118,,,0,,2026-06-14,,,,,,
朝日工業株式会社,2013301000418,,,0,,2026-06-14,,,,,,
株式会社テクアノーツ,1120901030611,,,0,,2026-06-14,○,https://www.tequanauts.co.jp/career/,,営業/事務/企画/施工管理/介護,instagram.com,top-anchor
ＡＧＳ株式会社,2030001000011,○,,0,,2026-06-14,○,https://www.ags.co.jp/saiyou/,○,,x.com,top-anchor
株式会社イマギイレ,2030001000820,,,0,,2026-06-14,○,https://www.imagiire.co.jp/employ/,,総合職/事務,,top-anchor
株式会社スズキ自販埼玉,2030001004499,○,,0,,2026-06-14,○,https://www.suzuki.co.jp/dealer/sj-saitama/recruit/,○,営業/販売,,top-anchor
日本環境クリアー株式会社,2030001006446,,,0,,2026-06-14,,,,,,
ビソー工業株式会社,2030001007106,,,0,,2026-06-14,,,,,,
株式会社サイオー,2030001012551,,,0,,2026-06-14,,,,,,
富士共同物流株式会社,2030001010670,,,0,,2026-06-14,○,https://www.fkb.co.jp/recruit/,,営業/介護,,top-anchor
株式会社ツツミ,2030001021115,○,,0,,2026-06-14,○,https://www.tsutsumi.co.jp/recruit/,○,販売,,top-anchor
株式会社ビクセン,2030001024877,,,0,,2026-06-14,,,,,,
株式会社ピックルスコーポレーション,2030001024893,,,0,,2026-06-14,○,https://www.pickles.co.jp/recruit/choose/,,,,top-anchor
札幌トヨタ自動車株式会社,2430001020191,,,0,,2026-06-14,,,,,,top-fetch-failed
株式会社奥井組,2030001026824,○,,0,,2026-06-14,○,https://okuigumi.co.jp/saiyo-career,○,営業,,top-anchor
大成ラミックグループ株式会社,2030001031015,○,,0,,2026-06-14,○,https://www.lamick.co.jp/recruit/,○,,,top-anchor
株式会社鴨川グランドホテル（閉鎖）,1040001074815,,,0,,2026-06-14,,,,,,
東日本イワタニガス株式会社,2010401057116,○,,0,,2026-06-14,○,https://www.hig-iwatani.co.jp/company_recruit.html,○,営業/事務,,top-anchor
ＪＦＥ環境テクノロジー株式会社,2010001144314,○,,0,,2026-06-14,○,https://www.jfe-et.co.jp/recruit/,○,エンジニア/企画,,top-anchor
株式会社ミック,2011101020553,,,0,,2026-06-14,,,,,,
株式会社エイド,2040001000836,,,0,,2026-06-14,,,,,,
株式会社トーホーエンジニアリング,1430002034968,,,0,,2026-06-14,○,https://toho-engineering.saiyo-joho.com/,,,toho-engineering.saiyo-joho.com,external-only
株式会社千葉銀行,2040001000019,○,,0,,2026-06-14,○,https://www.chibabank.co.jp/recruit,○,,,top-anchor
新日本建設株式会社,2040001003186,○,,0,,2026-06-14,○,https://www.shinnihon-c.co.jp/recruit/career.php,○,営業/企画/施工管理/販売,ex-ms.com,top-anchor
協和ビル管理株式会社,2040001001784,○,,0,,2026-06-14,○,https://www.kyowakeibi.co.jp/recruit/new_grad/,○,営業/コンサル,job-gear.net,top-anchor
イオンコンパス株式会社,2040001008549,○,,0,,2026-06-14,○,https://www.aeoncompass.co.jp/recruit/,○,企画/介護,,top-anchor
株式会社京葉ビル管理,2040001019257,,,0,,2026-06-14,,,,,,
株式会社市進ホールディングス,2040001025619,,,0,,2026-06-14,,,,,,
株式会社加藤新聞舗,2040001025932,,,0,,2026-06-14,,,,,,
株式会社写真工芸社,1460301003167,,,0,,2026-06-14,,,,,,no-recruit-link
株式会社一家ダイニングプロジェクト,2040001027978,○,,0,,2026-06-14,○,https://recruit.ikka-holdings.co.jp/recruit/,○,総合職/企画/マーケティング/コンサル,,common-path
株式会社マツキヨココカラ＆カンパニー,2040001040238,,,0,,2026-06-14,,,,,,
ヤマトスチール株式会社,1140001063741,,,0,,2026-06-14,,,,,,top-fetch-failed
マブチモーター株式会社,2040001036954,,,0,,2026-06-14,,,,,,top-fetch-failed
岩渕薬品株式会社,2040001046615,○,,0,,2026-06-14,○,http://www.iwabuchi-net.co.jp/recruit,○,営業,,top-anchor
ダイハツ東京販売株式会社,1010001086185,,,0,,2026-06-14,,,,,,top-fetch-failed
加賀ソルネット株式会社,1010001087332,,,0,,2026-06-14,,,,,,
イオンリテール株式会社,2040001000456,○,,0,,2026-06-14,○,https://www.aeonretail.jp/saiyo/,○,,,common-path
サミットエナジー株式会社,1010001087737,○,,0,,2026-06-14,○,https://www.summit-energy.co.jp/recruit/,○,,,top-anchor
テプコ・ソリューション・アドバンス株式会社,1010001086672,○,,0,,2026-06-14,○,https://www.tepco-sa.co.jp/ssl/recruit/,○,技術職/事務,,top-anchor
株式会社プレステージ・インターナショナル,1010001089262,,,0,,2026-06-14,○,https://www.prestigein.com/contact/recruit_inquiry.html,,,pi-recruit.jp,top-anchor
株式会社京滋マツダ,2130001024529,,,0,,2026-06-14,,,,,,no-recruit-link
株式会社セブン－イレブン・ジャパン,1010001088181,○,,0,,2026-06-14,○,https://www.sej.co.jp/recruit/,○,,,top-anchor
古河産機システムズ株式会社,1010001087927,○,,0,,2026-06-14,○,https://www.furukawa-sanki.co.jp/recruit/,○,営業/企画/施工管理,furukawakk.co.jp,top-anchor
セントラルコンサルタント株式会社,1010001088264,○,,0,,2026-06-14,○,https://www.central-con.co.jp/recruit/,○,営業/企画/コンサル,,top-anchor
ＥＮＥＯＳグローブ株式会社,1010001090889,,,0,,2026-06-14,○,https://www.eneos-globe.co.jp/news/2026/05/post-307.html,,営業,,top-anchor
アイティメディア株式会社,1010001092299,,,0,,2026-06-14,,,,,,
株式会社三友システムアプレイザル,1010001094048,,,0,,2026-06-14,,,,,,
ヤマト運輸株式会社,1010001092605,○,,0,,2026-06-14,○,https://www.kuronekoyamato.co.jp/ytc/corp/recruit/,○,総合職,,top-anchor
グローウィン・パートナーズ株式会社,1010001094857,,,0,,2026-06-14,,,,,,
第一三共株式会社,1010001095640,○,,0,,2026-06-14,○,https://www.daiichisankyo.co.jp/recruit/,○,介護,kifu-shinsei.jp,top-anchor
マザーサンヤチヨ・オートモーティブシステムズ株式会社,2030001026675,,,0,,2026-06-14,,,,,,no-recruit-link
スローガン株式会社,1010001096077,○,,0,,2026-06-14,○,https://www.slogan.jp/recruit/,○,,career.goodfind.jp,top-anchor
株式会社ケンツー,1010001098247,,,0,,2026-06-14,,,,,,
日鉄物流株式会社,1010001098619,,,0,,2026-06-14,,,,,,
アウトルックコンサルティング株式会社,1010001098759,,,0,,2026-06-14,,,,,,
株式会社ぎょうせい,1010001100425,,,0,,2026-06-14,○,https://gyosei.jp/recruit/,,,,top-anchor
株式会社バリューデザイン,1010001101786,,,0,,2026-06-14,,,,,,
株式会社クロスパワー,1010001103634,,,0,,2026-06-14,,,,,,
株式会社クリーク・アンド・リバー社,1010001101101,○,,0,,2026-06-14,○,https://www.cri.co.jp/recruit/,○,エンジニア/総合職,,common-path
日本リック株式会社,1010001101679,○,,0,,2026-06-14,○,https://recruit.nipponrick.co.jp/,○,介護,recruit.nipponrick.co.jp/my-career.jp,common-path
株式会社サンリツ,2040001020768,,,0,,2026-06-14,,,,,,no-recruit-link
サインポスト株式会社,1010001107305,,,0,,2026-06-14,,,,,,
株式会社トライ・アットリソース,1010001107536,,,0,,2026-06-14,,,,,,
株式会社セントラルユニ,1010001103857,○,,0,,2026-06-14,○,https://corporate.central-uni.co.jp/news/20250306/,○,,central-uni.co.jp/instagram.com,top-anchor
株式会社クマヒラ,1010001108872,,,0,,2026-06-14,,,,,,
株式会社アミファ,1010001110663,,,0,,2026-06-14,○,https://www.amifa.co.jp/careers/,,営業/企画/マーケティング,,top-anchor
リコージャパン株式会社,1010001110829,○,,0,,2026-06-14,○,https://jp.ricoh.com/jobs/about,○,エンジニア/販売/マーケティング,ricoh.co.jp/jrits.co.jp,top-anchor
株式会社セブン＆アイ・ホールディングス,1010001095203,,,0,,2026-06-14,,,,,,no-recruit-link
株式会社昭和メディカルサイエンス,1010001112338,○,,0,,2026-06-14,○,https://www.sms.co.jp/recruit/,○,営業,,top-anchor
ＳＭＦＬレンタル株式会社,1010001114136,,,0,,2026-06-14,○,https://www.smfl-r.co.jp/saiyo/,,営業/コンサル,,top-anchor
日本郵便株式会社,1010001112577,○,,0,,2026-06-14,○,https://www.post.japanpost.jp/employment/index.html,○,企画,,top-anchor
株式会社チームスピリット,1010001116826,,,0,,2026-06-14,,,,,,
タイムズサービス株式会社,1010001115423,○,,0,,2026-06-14,○,https://www.park24.co.jp/recruit/,○,営業,career.park24.co.jp,common-path
三機テクノサポート株式会社,1010001116842,○,,0,,2026-06-14,○,https://www.sanki.co.jp/sts/recruit/entry/,○,,,top-anchor
リックソフト株式会社,1010001124218,,,0,,2026-06-14,,,,,,
オフィスコム株式会社,1010001125570,,,0,,2026-06-14,,,,,,
サンコーテクノ株式会社,2040001040188,,,0,,2026-06-14,○,https://sanko-techno-recruit.com/career/,,,sanko-techno-recruit.com,external-only
サンライズ・エンジニアリング株式会社,1010001123335,○,,0,,2026-06-14,○,https://sec-sunrise.co.jp/saiyou/saiyou_chuto/,○,エンジニア/営業/企画/販売,,top-anchor
商船三井興産株式会社,1010001126189,,,0,,2026-06-14,○,https://www.mo-kosan.co.jp/recruit/,,,,top-anchor
日本アイ・ビー・エム株式会社,1010001128061,,,0,,2026-06-14,○,https://www.ibm.com/jp-ja/careers?lnk=hpii1us,,エンジニア/営業/デザイナー/マーケティング/コンサル,,top-anchor
ソフトブレーン株式会社（閉鎖）,1010001132006,,,0,,2026-06-14,,,,,,
ＪＣＯＭ株式会社,1010001132055,,,0,,2026-06-14,○,https://www.jcom.co.jp/sim_contact/entry_request.php?form_type=web_entry&sc_pid=globalnavi_entry_01,,,recruit.jcom.co.jp,top-anchor
株式会社エー・エム・サポート,1010001133763,,,0,,2026-06-14,,,,,,
株式会社コンステック,1120001108515,,,0,,2026-06-14,,,,,,
千葉ビル・メンテナンス株式会社,2040001054287,,,0,,2026-06-14,○,https://job-gear.net/chibabill/,,,job-gear.net,external-only
株式会社ＧＳＰ,1120001107450,○,,0,,2026-06-14,○,https://www.mic-west.co.jp/recruit/entry/,○,エンジニア/営業/企画/コンサル,,top-anchor
パナソニックデジタル株式会社,1120001110280,○,,0,,2026-06-14,○,https://digital.panasonic.co.jp/recruit/,○,企画,,top-anchor
ＭＲＫホールディングス株式会社,1120001120362,,,0,,2026-06-14,,,,,,
株式会社キングプリンターズ,1120001122177,,,0,,2026-06-14,,,,,,
株式会社カスタマーリレーションテレマーケティング,1120001123274,,,0,,2026-06-14,,,,,,
株式会社イーエフユーアドウィス,1120001129651,,,0,,2026-06-14,,,,,,
株式会社トライトエンジニアリング,1120001131178,,,0,,2026-06-14,○,https://tryt-group.co.jp/wp-content/themes/trytgroup/_assets/dl/2022403_tryt_career_plan.pdf,,,recruit.tryt-group.co.jp,top-anchor
ダイキンＭＲエンジニアリング株式会社,1120001133315,○,,0,,2026-06-14,○,https://www.dmre.daikin.co.jp/recruit/,○,エンジニア/営業/企画,,top-anchor
株式会社アクティブゲーミングメディア,1120001139972,,,0,,2026-06-14,,,,,,
株式会社アド近鉄,1120001143421,,,0,,2026-06-14,,,,,,
株式会社エクセディ,1120001147463,,,0,,2026-06-14,,,,,,
エクスポート・ジャパン株式会社,1120001129008,,,0,,2026-06-14,○,https://www.export-japan.co.jp/recruit/,,営業/介護/マーケティング/コンサル,,top-anchor
株式会社ｅＷｅＬＬ,1120001171257,,,0,,2026-06-14,,,,,,
株式会社プロディライト,1120001146779,,,0,,2026-06-14,○,https://prodelight.co.jp/company/recruit/,,,,top-anchor
株式会社サンユウ,1120001149666,,,0,,2026-06-14,○,https://www.sanyu-cfs.co.jp/recruit/,,営業/総合職/技術職/事務,,top-anchor
奥村機械株式会社,1120001155391,○,,0,,2026-06-14,○,https://www.okumura-kikai.co.jp/recruit-career/,○,営業/事務/販売,,top-anchor
株式会社Ｄｅｆ　ｔｒｉｂｅ,1120001176149,,,0,,2026-06-14,○,https://www.e-deftribe.com/recruit/,,エンジニア/営業/企画/介護,,top-anchor
株式会社ＳｃｅｎｅＬｉｖｅ,1120001163130,,,0,,2026-06-14,○,https://scene-live.com/recruit/,,営業/販売,wantedly.com/b-quotient.jp,top-anchor
田辺薬局株式会社,1010001090468,,,0,,2026-06-14,○,https://recruit.tnb.co.jp/,,,recruit.tnb.co.jp,external-only
Ｘｓｐｅａｒ　Ｃｏｎｓｕｌｔｉｎｇ株式会社,1010001103304,,,0,,2026-06-14,○,https://recruit.simplex.holdings/,,,recruit.simplex.holdings/recruit-simplex.jp,external-only
瀧上工業株式会社,1180001089667,,,0,,2026-06-14,,,,,,
愛三工業株式会社,1180001092357,,,0,,2026-06-14,○,https://www.aisan-ind.co.jp/recruit/,,営業/総合職/技術職/事務,,top-anchor
株式会社アペックス,1180001092373,○,,0,,2026-06-14,○,https://www.apex-co.co.jp/recruit/mid_career.html,○,営業/介護/販売,,top-anchor
大和機工株式会社,1180001092588,○,,0,,2026-06-14,○,https://www.daiwakiko.co.jp/recruit,○,エンジニア/営業/技術職/施工管理/販売,,top-anchor
ＣＳ警備保障株式会社,1180001101786,,,0,,2026-06-14,,,,,,
株式会社はな保育,1180001106348,,,0,,2026-06-14,,,,,,
株式会社スリール,1180001105639,,,0,,2026-06-14,,,,,,
名南Ｍ＆Ａ株式会社,1180001116041,,,0,,2026-06-14,,,,,,
名鉄交通第四株式会社,1180001120646,,,0,,2026-06-14,,,,,,
株式会社セントレック,1180001116025,,,0,,2026-06-14,○,https://www.centrec.co.jp/hp/recruit.html,,営業/事務/施工管理,,top-anchor
中部電力パワーグリッド株式会社,1180001135974,○,,0,,2026-06-14,○,https://www.chuden.co.jp/recruit/,○,販売,,top-anchor
株式会社中日ＫＵＢＡＲＵ,1180001151583,,,0,,2026-06-14,,,,,,
株式会社あいちフィナンシャルグループ,1180001153290,,,0,,2026-06-14,,,,,,
株式会社アミット,1010001112214,,,0,,2026-06-14,○,https://job.mynavi.jp/27/pc/search/corp271911/outline.html,,,job.mynavi.jp,external-only
バルテス・ホールディングス株式会社,1120001107293,,,0,,2026-06-14,○,https://recruit.valtes.co.jp/careers/business/,,,recruit.valtes.co.jp,external-only
フロンティア・マネジメント株式会社,1010001121867,,,0,,2026-06-14,○,https://www.frontier-mgmt-recruit.com/,,,frontier-mgmt-recruit.com,external-only
ヒューマンズ・ネット株式会社,1021001033060,,,0,,2026-06-14,,,,,,
富士ソフト株式会社,2010001246985,○,,0,,2026-06-14,○,https://www.fsi.co.jp/recruit/,○,営業,,top-anchor
株式会社メイテックグループホールディングス,1180001027412,○,,0,,2026-06-14,○,https://www.meitec.co.jp/recruit/index.html,○,エンジニア,recruit.meitec.co.jp,top-anchor
株式会社東芝,2010401044997,○,,0,,2026-06-14,○,https://www.global.toshiba/jp/recruit/corporate.html,○,エンジニア/事務,,top-anchor
ムラタ計測器サービス株式会社,2020001008096,,,0,,2026-06-14,,,,,,
株式会社図研,2020001008807,,,0,,2026-06-14,○,https://www.zuken.co.jp/recruit_info/freshers/,,,,top-anchor
国際自動車株式会社,2020001012817,○,,0,,2026-06-14,○,https://www.km-group.co.jp/csr/mid-career-recruitment/,○,,km-recruit.jp,top-anchor
バイオコミュニケーションズ株式会社,2020001011934,,,0,,2026-06-14,○,https://www.e-bio.co.jp/company/recruit.html,,,,top-anchor
ＪＦＥテクノス株式会社,2020001016727,,,0,,2026-06-14,,,,,,
竹田印刷株式会社,1180001150742,,,0,,2026-06-14,,,,,,top-fetch-failed
ジェイ・アール・シー特機株式会社,2020001020489,,,0,,2026-06-14,○,https://www.jrctokki.co.jp/jobs/career_recruitment/,,,,top-anchor
株式会社トーエル,2020001021033,,,0,,2026-06-14,,,,,,top-fetch-failed
株式会社アーデントスタッフ,2020001024829,○,,0,,2026-06-14,○,https://www.ardent-staff.com/recruit/,○,エンジニア/営業/総合職/事務/企画,,top-anchor
株式会社渡商会,2020001024960,○,,0,,2026-06-14,○,https://www.watari.co.jp/recruit,○,エンジニア/営業/総合職/技術職/施工管理,,top-anchor
株式会社日新アセットマネジメント,2020001028235,○,,0,,2026-06-14,○,https://www.nissin-tw.com/recruit/career/index.html,○,営業/事務,,top-anchor
株式会社ニックス,2020001028152,○,,0,,2026-06-14,○,https://nix.co.jp/recruit_top,○,事務/販売,,top-anchor
株式会社サン,1080001001575,,,0,,2026-06-14,,,,,,
宇式エンジニアリング株式会社,1080001000536,,,0,,2026-06-14,○,https://www.ushiki.co.jp/recruit/entry/,,エンジニア/営業,,top-anchor
株式会社スズキ自販静岡,1080001002284,,,0,,2026-06-14,,,,,,
日興美術株式会社,1080001003984,,,0,,2026-06-14,,,,,,
松林工業薬品株式会社,1080001004883,○,,0,,2026-06-14,○,https://www.matsubayashi-net.co.jp/recruit/,○,営業/販売,,top-anchor
株式会社ケアコネクトジャパン,1080001006310,○,,0,,2026-06-14,○,https://www.carekarte.jp/recruit/,○,営業/マーケティング,,top-anchor
協和サンシンエンジニアリング株式会社,1080001007894,,,0,,2026-06-14,,,,,,
德三運輸倉庫株式会社,1080001008810,,,0,,2026-06-14,,,,,,
常石三保造船株式会社,1080001009214,,,0,,2026-06-14,○,https://www.tsuneishi.co.jp/miho/recruit/,,エンジニア,,top-anchor
日軽産業株式会社,1080001008876,,,0,,2026-06-14,○,https://www.nikkeisangyo.co.jp/recruit/,,エンジニア,,top-anchor
ヨシコン株式会社,1080001010527,,,0,,2026-06-14,,,,,,
株式会社ディスカバリー,1120001194092,,,0,,2026-06-14,○,https://recruitment.discovery-inc.com/,,,recruitment.discovery-inc.com,external-only
日本連合警備株式会社,1080001013224,,,0,,2026-06-14,,,,,,
株式会社丸紅,1080001013298,○,,0,,2026-06-14,○,https://www.marubeni-co.jp/recruit,○,営業,,top-anchor
富士テクノロジー株式会社,1080001012804,○,,0,,2026-06-14,○,https://fut.co.jp/recruit/new-graduate,○,エンジニア/営業/総合職/技術職/事務,,top-anchor
八翔ビル管理株式会社,1120001220674,,,0,,2026-06-14,,,,,,no-recruit-link
鈴与商事株式会社,1080001002318,○,,0,,2026-06-14,○,https://www.suzuyoshoji.co.jp/company/,○,,,top-anchor
臼幸産業株式会社,1080101003959,,,0,,2026-06-14,,,,,,
伊豆総業株式会社,1080101005344,,,0,,2026-06-14,,,,,,
静岡コンサルタント株式会社,1080101005666,○,,0,,2026-06-14,○,https://www.shizuoka-con.co.jp/recruit/,○,営業/総合職/技術職/コンサル,,top-anchor
焼津水産化学工業株式会社,1080001015385,,,0,,2026-06-14,,,,,,top-fetch-failed
株式会社東亜ビルサービス,1080101009122,,,0,,2026-06-14,,,,,,
エンシュウ株式会社,1080401000672,,,0,,2026-06-14,,,,,,
イワタニ山陽株式会社,1240001000998,,,0,,2026-06-14,○,https://www.iwatani-sanyo.co.jp/form/entry_top.html,,販売,,top-anchor
株式会社イエローハット,1010001126172,,,0,,2026-06-14,○,https://yellowhat.saiyo-job.jp/dsaiyo/3djy/pc_job/list/all/all/all?sk=%E6%AD%A3%E7%A4%BE%E5%93%A1,,,yellowhat.saiyo-job.jp,external-only
合人社シティサービス株式会社,1240001003308,,,0,,2026-06-14,,,,,,
マックスバリュ東海株式会社,1080101006499,,,0,,2026-06-14,,,,,,top-fetch-failed
株式会社水光エンジニア,1240001005122,,,0,,2026-06-14,,,,,,
ＮＤＳキャリア株式会社,1180001141832,,,0,,2026-06-14,,,,,,no-recruit-link
株式会社山陽測器,1240001003737,,,0,,2026-06-14,○,https://www.sanyou-sokki.co.jp/recruit/,,営業/事務/介護/販売,,top-anchor
綜合エナジー株式会社,1240001005634,,,0,,2026-06-14,○,https://sougouenergy.jp/company/recruit/,,,,top-anchor
大井電気株式会社,2020001019746,,,0,,2026-06-14,,,,,,no-recruit-link
株式会社サンネット,1240001012779,○,,0,,2026-06-14,○,http://www.csunnet.co.jp/recruit/,○,エンジニア/介護/コンサル,,top-anchor
深川医療器株式会社,1240001017514,,,0,,2026-06-14,,,,,,
株式会社ＮＴＴデータ中国,1240001012853,○,,0,,2026-06-14,○,http://www.nttdata-chugoku.co.jp/recruit/,○,,,top-anchor
株式会社アビリティ・インタービジネス・ソリューションズ,1240001015633,○,,0,,2026-06-14,○,https://www.a-ibs.com/careers/,○,営業/事務,,top-anchor
東邦化工建設株式会社,1080101006409,,,0,,2026-06-14,○,https://www.t-cec.co.jp/recruit/,,エンジニア/営業/総合職/技術職/事務,,top-anchor
株式会社三明,1080001008018,,,0,,2026-06-14,○,https://recruit.sanmei.co.jp/,,,recruit.sanmei.co.jp,external-only
東光印刷株式会社,1240001007440,○,,0,,2026-06-14,○,https://www.tokoinsatsu.co.jp/recruit.html,○,エンジニア/営業/事務/企画,,top-anchor
株式会社大竹山工業所,1240001027240,,,0,,2026-06-14,,,,,,
株式会社アクトシステムズ,1240001029699,,,0,,2026-06-14,,,,,,
株式会社熊平製作所,1240001018108,○,,0,,2026-06-14,○,https://www.kumahira.co.jp/recruit/,○,販売,recruit.kumahira.co.jp,top-anchor
株式会社西井製作所,1240001008315,○,,0,,2026-06-14,○,https://www.hiroshima-nishii.co.jp/recruit/index.html,○,営業/総合職/企画/販売,,top-anchor
青山商事株式会社,1240001029674,,,0,,2026-06-14,,,,,,top-fetch-failed
いすゞ自動車中国四国株式会社,1240001018413,○,,0,,2026-06-14,○,https://isuzu-chushi.co.jp/mid-career-recruitment/,○,エンジニア/営業/事務/販売,,top-anchor
中国塗料株式会社,1240001028478,,,0,,2026-06-14,○,https://www.cmp.co.jp/recruit_fresh.html,,,,top-anchor
株式会社日本総合科学,1240001032884,,,0,,2026-06-14,,,,,,
株式会社自重堂,1240001033610,,,0,,2026-06-14,,,,,,
株式会社荒谷商会,1240001029113,,,0,,2026-06-14,○,https://aratanishoukai.jp/recruit/entry.shtml,,,,top-anchor
シモハナ物流株式会社,1240001036407,,,0,,2026-06-14,,,,,,
五洋医療器株式会社,1240001039582,,,0,,2026-06-14,,,,,,
株式会社パナソニックシステムネットワークス開発研究所,1370001001190,,,0,,2026-06-14,,,,,,
株式会社植松商会,1370001002651,,,0,,2026-06-14,,,,,,
株式会社エス・ビー・エム,1080001009767,,,0,,2026-06-14,○,https://shizuoka-sbm-saiyo.jp/-/top/index.html,,,shizuoka-sbm-saiyo.jp,external-only
シブヤ食品株式会社,1370001003187,,,0,,2026-06-14,,,,,,
株式会社オービス,1240001030054,○,,0,,2026-06-14,○,https://www.orvis.co.jp/recruit/,○,営業/事務/施工管理,orvis.co.jp,common-path
葵工業株式会社,1370001004540,,,0,,2026-06-14,,,,,,
株式会社アスコン,1240001029690,○,,0,,2026-06-14,○,https://www.ascon.co.jp/recruit/,○,マーケティング,,top-anchor
福山通運株式会社,1240001032736,,,0,,2026-06-14,○,https://corp.fukutsu.co.jp/corp/inquiry/entry/,,,,top-anchor
株式会社ビルワーク・ジャパン,1370001002131,,,0,,2026-06-14,,,,,,top-fetch-failed
オリックスレンタカー・カメイ株式会社,1370001007493,,,0,,2026-06-14,,,,,,
株式会社セント,1370001008806,,,0,,2026-06-14,,,,,,
株式会社七十七銀行,1370001003352,,,0,,2026-06-14,,,,,,top-fetch-failed
テスコ株式会社,1370001009259,,,0,,2026-06-14,,,,,,
同和興業株式会社,1370001009416,,,0,,2026-06-14,,,,,,
株式会社オオケン,1240001001765,,,0,,2026-06-14,,,,,,no-recruit-link
宮城日野自動車株式会社,1370001005258,○,,0,,2026-06-14,○,https://www.miyagi-hino.co.jp/recruit/index.html,○,営業/総合職/事務/販売,,top-anchor
株式会社ユーメディア,1370001004227,,,0,,2026-06-14,○,https://www.u-media.jp/media/magazine_recruit,,介護/マーケティング/コンサル,recruit.u-media.jp,top-anchor
株式会社東北朝日プロダクション,1370001011371,,,0,,2026-06-14,,,,,,
株式会社三協技術,1370001005118,○,,0,,2026-06-14,○,https://sankyocc.jp/recruit/graduates1.html,○,コンサル,job.mynavi.jp/suikon.or.jp,top-anchor
株式会社日立ソリューションズ東日本,1370001009911,○,,0,,2026-06-14,○,https://www.hitachi-solutions-east.co.jp/recruitment/,○,営業,,top-anchor
日本製紙石巻テクノ株式会社,1370301000974,,,0,,2026-06-14,,,,,,
仙台トヨペツト株式会社,1370001006652,○,,0,,2026-06-14,○,https://www.p-sendai.co.jp/recruit/graduates,○,営業/総合職/販売,,top-anchor
株式会社復建技術コンサルタント,1370001010010,○,,0,,2026-06-14,○,https://www.fgc.jp/recruit_top/,○,,,top-anchor
積水ハウスシャーメゾンＰＭ東北株式会社,1370001011272,,,0,,2026-06-14,○,https://www.sekisuihouse-f-tohoku.co.jp/recruit/,,,sekisuihouse-f.jp,common-path
古川電気工業株式会社,1370001006009,○,,0,,2026-06-14,○,https://furukawa-denki.com/recruit/,○,エンジニア,,top-anchor
宮城中央ヤクルト販売株式会社,1370801000276,,,0,,2026-06-14,,,,,,
株式会社ひまわり,1370601003025,,,0,,2026-06-14,,,,,,
宮城熊さん株式会社,2370001002378,,,0,,2026-06-14,,,,,,
東北放送株式会社,2370001002452,,,0,,2026-06-14,,,,,,
ユキグニファクトリー株式会社,1010001185037,,,0,,2026-06-14,,,,,,
株式会社シバタインテック,2370001003186,,,0,,2026-06-14,,,,,,robots-disallow
株式会社倉元製作所,1370201003004,,,0,,2026-06-14,,,,,,top-fetch-failed
若生工業株式会社,1370301001436,,,0,,2026-06-14,○,http://www.wakoinc.co.jp/recruit/index.html,,営業/技術職/事務/施工管理/介護,,top-anchor
ラミコジャパン株式会社,1110001003295,,,0,,2026-06-14,,,,,,
株式会社トップカルチャー,1110001003592,,,0,,2026-06-14,,,,,,
カガク興商株式会社,1370301000322,,,0,,2026-06-14,○,http://www.kagaku-k.co.jp/recruit.html,,販売,mynavisendai-ladies.jp,top-anchor
株式会社新潟電装,1110001003956,,,0,,2026-06-14,,,,,,
ＵＤトラックス新潟株式会社,1110001007255,,,0,,2026-06-14,,,,,,
共栄エンジニアリング株式会社,1110001012362,,,0,,2026-06-14,,,,,,
東北特殊鋼株式会社,2370001002444,,,0,,2026-06-14,○,https://www.tohokusteel.com/recruit/,,総合職,,top-anchor
森井紙器工業株式会社,1110001016140,,,0,,2026-06-14,,,,,,
株式会社大原鉄工所,1110001022254,,,0,,2026-06-14,,,,,,
越後交通株式会社,1110001022221,,,0,,2026-06-14,,,,,,
株式会社大谷商会,1110001000879,,,0,,2026-06-14,○,https://www.otani-shokai.com/recruit/,,エンジニア,recruit.otani-shokai.com,common-path
仙台ガスサービス株式会社,1370001006710,,,0,,2026-06-14,○,https://www.sgs-jp.net/recruit,,営業/技術職/事務,,top-anchor
株式会社太陽工機,1110001022782,,,0,,2026-06-14,,,,,,
株式会社トーシス新潟,1110001003477,,,0,,2026-06-14,○,https://www.ts-niigata.co.jp/recruit/index.html,,営業/企画/施工管理,,top-anchor
環境をサポートする株式会社きらめき,1110001001720,,,0,,2026-06-14,○,https://kirameki.co.jp/error/?e=404,,,1049.cc,common-path
株式会社有沢製作所,1110001018789,,,0,,2026-06-14,○,https://www.arisawa.co.jp/jp/recruit/inquiry.html,,,arisawa-saiyo.com,top-anchor
中越運送株式会社,2110001003294,,,0,,2026-06-14,,,,,,
株式会社キタック,2110001001637,,,0,,2026-06-14,○,https://kitac.co.jp/recruit/,,コンサル,,top-anchor
株式会社グリーン美装,1100001000855,,,0,,2026-06-14,,,,,,
グリーン産業株式会社,2110001001769,○,,0,,2026-06-14,○,https://www.green-s.co.jp/recruit/,○,営業/事務/施工管理/介護/コンサル,job.rikunabi.com,top-anchor
東京法令出版株式会社,1100001002125,,,0,,2026-06-14,,,,,,
株式会社ナガレイ,1100001001333,,,0,,2026-06-14,,,,,,
株式会社高助,2110001003113,○,,0,,2026-06-14,○,https://www.takasuke-n.co.jp/recruit/,○,営業,,top-anchor
株式会社イートラスト,1110001022452,○,,0,,2026-06-14,○,https://www.etrust.ne.jp/recruit/,○,,,top-anchor
長野リネンサプライ株式会社,1100001002554,,,0,,2026-06-14,,,,,,
株式会社スズキ自販長野,1100001001580,,,0,,2026-06-14,,,,,,top-fetch-failed
株式会社長野ナブコ,1100001002471,,,0,,2026-06-14,,,,,,
八十二リース株式会社,1100001002835,,,0,,2026-06-14,,,,,,
不二越機械工業株式会社,1100001002967,,,0,,2026-06-14,,,,,,
株式会社電算,1100001002083,○,,0,,2026-06-14,○,https://www.ndensan.co.jp/recruit/,○,エンジニア/営業/総合職/販売/マーケティング,,top-anchor
株式会社ＳＲＩ,2110001002817,,,0,,2026-06-14,○,https://www.sri-group.work/srigroup-recruit/,,営業/コンサル,,top-anchor
サクラ精機株式会社,1100001006191,○,,0,,2026-06-14,○,https://www.sakurajp.com/recruit,○,販売/マーケティング,job.mynavi.jp/ten.1049.cc,top-anchor
双信電機株式会社,1100001008031,,,0,,2026-06-14,,,,,,
株式会社竹花組,1100001007330,○,,0,,2026-06-14,○,https://www.takehanagumi.co.jp/recruit/entry/,○,,en-gage.net/instagram.com,top-anchor
株式会社ユーシン,1010401030214,○,,0,,2026-06-14,○,https://www.u-shin-ltd.com/recruit/tabid/245/Default.aspx,○,営業,minebeamitsumi.com,top-anchor
日精樹脂工業株式会社,1100001011530,○,,0,,2026-06-14,○,https://www.nisseijushi.co.jp/recruit/,○,営業/技術職/企画/介護/看護,,top-anchor
株式会社ウィルトス,1100001014129,,,0,,2026-06-14,,,,,,
中日本メディカルリンク株式会社,1100001015044,,,0,,2026-06-14,,,,,,
株式会社アスピア,1100001014038,○,,0,,2026-06-14,○,https://asupia.co.jp/recruit/,○,,job.mynavi.jp,top-anchor
株式会社鈴勇商店,1370301000702,,,0,,2026-06-14,,,,,,no-recruit-link
木下建設株式会社,1100001022395,,,0,,2026-06-14,,,,,,
株式会社デリクックちくま,1100005001461,,,0,,2026-06-14,,,,,,
高沢産業株式会社,2100001001852,,,0,,2026-06-14,,,,,,
長野日産自動車株式会社,2100001002470,,,0,,2026-06-14,,,,,,
長野日野自動車株式会社,2100001002512,,,0,,2026-06-14,,,,,,
信越放送株式会社,2100001001266,,,0,,2026-06-14,,,,,,robots-disallow
株式会社エラン,1100001014640,,,0,,2026-06-14,○,https://www.kkelan.com/contact/recruit/,,事務,recruit.kkelan.com,common-path
岐阜プラスチック工業株式会社,1200001001471,○,,0,,2026-06-14,○,https://www.risu.co.jp/recruit/,○,営業/事務/企画/販売/マーケティング,,top-anchor
株式会社トコロ,1200001003699,,,0,,2026-06-14,,,,,,
ＫＯＡ株式会社,1100001020696,,,0,,2026-06-14,○,https://www.koaglobal.com/recruit/recruiting_new,,営業,,top-anchor
株式会社市川工務店,1200001000374,○,,0,,2026-06-14,○,https://www.ic-group.co.jp/recruitment/,○,営業/総合職/事務/施工管理,,top-anchor
糸魚川二幸株式会社,1110001021875,,,0,,2026-06-14,,,,,,no-recruit-link
富士変速機株式会社,1200001004458,○,,0,,2026-06-14,○,https://www.fujihensokuki.co.jp/recruit/career/,○,営業/事務/施工管理/介護/看護,,top-anchor
株式会社水野鉄工所,1200001005217,,,0,,2026-06-14,○,https://www.miztec.jp/recruit,,技術職,,top-anchor
株式会社人材Ｂａｎｋ,1200001008475,,,0,,2026-06-14,,,,,,
株式会社ユニオン,1200001005687,○,,0,,2026-06-14,○,https://www.theunion.co.jp/recruit/,○,コンサル,,top-anchor
大垣ガス株式会社,1200001013368,,,0,,2026-06-14,,,,,,
株式会社可児ゴルフ倶楽部,1200001017708,,,0,,2026-06-14,,,,,,
セブン工業株式会社,1200001017170,○,,0,,2026-06-14,○,https://www.seven-gr.co.jp/recruit/,○,営業/事務,,top-anchor
株式会社ワークリレーション,1200001006017,,,0,,2026-06-14,○,https://www.work-re.com/page_search/?em-status--slug=temporary-staff,,エンジニア/営業/事務/企画/施工管理,,top-anchor
レシップ株式会社,1200001020323,,,0,,2026-06-14,,,,,,
セキュリティ東海株式会社,1200001020728,,,0,,2026-06-14,,,,,,
株式会社技研サービス,2200001001537,,,0,,2026-06-14,,,,,,
株式会社共和コーポレーション,1100001000797,,,0,,2026-06-14,○,https://kyowa-corp.saiyo-job.jp/tpkj/recruit/,,,kyowa-corp.saiyo-job.jp,external-only
キッセイ薬品工業株式会社,1100001012982,○,,0,,2026-06-14,○,https://recruit.kissei.co.jp/graduate/,○,技術職/企画/介護/看護/販売,recruit.kissei.co.jp,common-path
中日技研株式会社,2200001003401,,,0,,2026-06-14,,,,,,
株式会社岐阜新聞社,2200001001347,○,,0,,2026-06-14,○,https://www.gifu-np.co.jp/list/company/recruit,○,営業/技術職/企画/販売,hr-hacker.com,top-anchor
株式会社美濃庄,2200001005273,,,0,,2026-06-14,,,,,,
株式会社那加クレーンセンター,2200001007088,,,0,,2026-06-14,,,,,,
株式会社ヒロコーポレーション,2200001008111,,,0,,2026-06-14,,,,,,
株式会社浅井農園,1190001000038,,,0,,2026-06-14,,,,,,
百五ビジネスサービス株式会社,1190001000896,,,0,,2026-06-14,,,,,,
株式会社トピア,1190001005227,,,0,,2026-06-14,,,,,,
シンフォニア商事株式会社,1190001006712,,,0,,2026-06-14,,,,,,
株式会社中広,2200001003384,○,,0,,2026-06-14,○,https://chuco.co.jp/recruit,○,,,top-anchor
東濃建物管理株式会社,1200001017955,,,0,,2026-06-14,○,https://green-clean.jp/company/recruit/,,,,top-anchor
株式会社ＵＬ　Ｊａｐａｎ,1190001006514,,,0,,2026-06-14,○,https://japan.ul.com/resources/career/,,,,top-anchor
チヨダウーテ株式会社,1190001015556,,,0,,2026-06-14,,,,,,
株式会社丸泰,1200001005051,,,0,,2026-06-14,○,https://recruit.maruyasu-gr.co.jp/lp/company/,,,recruit.maruyasu-gr.co.jp,external-only
株式会社三水フーズ,2190001006686,,,0,,2026-06-14,,,,,,
シンフォニアエンジニアリング株式会社,2190001006711,,,0,,2026-06-14,,,,,,
株式会社シー・ティー・ワイ,1190001015093,,,0,,2026-06-14,○,https://cty-cns.jp/news/recruitsite_renewal/,,,recruit.cty-cns.jp,top-anchor
株式会社東名,2190001015679,,,0,,2026-06-14,,,,,,
篠田株式会社,1200001011090,,,0,,2026-06-14,○,https://recruit.gifu-shinoda.co.jp/,,,recruit.gifu-shinoda.co.jp,external-only
株式会社スズキ自販滋賀,1160001001088,○,,0,,2026-06-14,○,https://www.suzuki.co.jp/dealer/sj-shiga/recruit/career-guideline/,○,営業,,top-anchor
第一設計監理株式会社,1160001004933,,,0,,2026-06-14,,,,,,
株式会社安永,1190001008733,,,0,,2026-06-14,,,,,,no-recruit-link
株式会社三十三銀行,2190001010309,,,0,,2026-06-14,,,,,,top-fetch-failed
株式会社アイ・シー・エス,2190001006372,○,,0,,2026-06-14,○,http://www.ise-ics.co.jp/recruit,○,エンジニア/営業/技術職/事務/企画,,top-anchor
株式会社クラウン警備保障,1190001010920,,,0,,2026-06-14,,,,,,no-recruit-link
滋賀ダイハツ販売株式会社,1160001013406,,,0,,2026-06-14,,,,,,
滋賀日野自動車株式会社,1160001014544,,,0,,2026-06-14,,,,,,
昭和コンクリート工業株式会社,2200001002601,,,0,,2026-06-14,○,https://www.instagram.com/showa_con.recruit/,,,instagram.com/showa-recruit.jp,external-only
株式会社内田組,2160001000205,,,0,,2026-06-14,,,,,,
タカラバイオ株式会社,1160001002490,,,0,,2026-06-14,○,https://www.takara-bio.co.jp/ja/recruit.html,,,,top-anchor
近江鉄道株式会社,1160001008109,○,,0,,2026-06-14,○,https://www.ohmitetudo.co.jp/jobs/graduate/,○,営業/総合職/技術職/事務/企画,ohmitetudo-recruit.jp,top-anchor
株式会社アイテス,1160001016292,,,0,,2026-06-14,,,,,,top-fetch-failed
株式会社伊藤組,2160001009444,,,0,,2026-06-14,,,,,,
キタイ設計株式会社,2160001010600,,,0,,2026-06-14,,,,,,
島津産機システムズ株式会社,2160001000964,○,,0,,2026-06-14,○,https://www.sis.shimadzu.co.jp/recruit/,○,販売,,common-path
株式会社扇港電機,2190001015290,,,0,,2026-06-14,○,https://job.mynavi.jp/27/pc/search/corp73035/outline.html,,,job.mynavi.jp/recruit.senko-grp.co.jp,external-only
株式会社近畿予防医学研究所,2160001000535,,,0,,2026-06-14,○,https://www.kinkiyoken.co.jp/recruit/,,,career-cloud.asia,common-path
株式会社アサプリ,2190001013443,○,,0,,2026-06-14,○,https://www.asapri.co.jp/recruit/,○,エンジニア/営業/企画/デザイナー/販売,,top-anchor
アインズ株式会社,2160001010617,,,0,,2026-06-14,○,https://www.shiga-web.or.jp/eins/recruit/,,マーケティング,,top-anchor
キノンビクス株式会社,2160001013322,,,0,,2026-06-14,○,https://www.kinon.co.jp/recruit/saiyou-contact.shtml,,エンジニア/営業/施工管理,,top-anchor
三洋環境株式会社,1260001002712,,,0,,2026-06-14,,,,,,
株式会社トヨタレンタリース岡山,1260001004799,,,0,,2026-06-14,,,,,,
株式会社協同,1210001007526,,,0,,2026-06-14,○,https://www.kwl.co.jp/recruit.html,,営業/企画/マーケティング,,top-anchor
株式会社建美装社,1260001002282,,,0,,2026-06-14,○,https://recruit-kenbisosha.com/,,営業/事務,recruit-kenbisosha.com,common-path
エネサーブ株式会社,2160001003901,○,,0,,2026-06-14,○,https://www.eneserve.co.jp/company/career.html,○,営業/事務/施工管理/販売/コンサル,job.mynavi.jp,top-anchor
両備トランスポート株式会社,1250001004024,○,,0,,2026-06-14,○,https://ryobitransport.com/recruit/,○,,ryobi.gr.jp/ryobi-saiyo.com,top-anchor
株式会社中国銀行,1260001006093,,,0,,2026-06-14,○,https://www.chugin.co.jp/recruit/message_c/,,,,top-anchor
コーホク印刷株式会社,1260001002373,○,,0,,2026-06-14,○,https://www.kohhoku.co.jp/recruit_newgraduates/,○,営業/技術職/企画/販売,kohhoku.co.jp,top-anchor
株式会社グロップサンセリテ,1260001008354,,,0,,2026-06-14,,,,,,top-fetch-failed
株式会社ベネッセコーポレーション（閉鎖）,1260001011820,○,,0,,2026-06-14,○,https://www.benesse.co.jp/benesseinfo/saiyou.html,○,エンジニア,,top-anchor
株式会社コーセイカン,1260001013271,,,0,,2026-06-14,,,,,,
カーツ株式会社,1260001009187,,,0,,2026-06-14,○,https://www.kaaz.co.jp/recruit.html,,,,top-anchor
キヤノンマシナリー株式会社,2160001013058,,,0,,2026-06-14,○,https://machinery.canon/ja/about/recruit/information-career/index.html,,営業/技術職/看護,job.mynavi.jp,top-anchor
株式会社ジェイ・イー・ティ,1260001018766,,,0,,2026-06-14,,,,,,
株式会社エルジオ,1260001022339,,,0,,2026-06-14,,,,,,
株式会社ウインズ,1260001026406,,,0,,2026-06-14,,,,,,
中国精油株式会社,1260001004262,,,0,,2026-06-14,○,https://www.chusei-oil.com/recruit/entry/,,営業,job.mynavi.jp,top-anchor
株式会社アールエコ,2260001000161,,,0,,2026-06-14,,,,,,
株式会社クラレ,1260001013156,○,,0,,2026-06-14,○,https://www.kuraray.com/jp-ja/recruit/,○,事務,kuraray.co.jp/hrmos.co,top-anchor
株式会社アビィング,2260001000335,,,0,,2026-06-14,○,http://www.abeing.co.jp/req_entry/index.html,,営業,,top-anchor
山陽電研株式会社,2260001002678,○,,0,,2026-06-14,○,https://www.sanyodenken.co.jp/recruit/entrydata/index.html,○,営業,,top-anchor
株式会社カロスアウラ,2260001005391,,,0,,2026-06-14,,,,,,
Ｈｉクラテス株式会社,2260001004724,,,0,,2026-06-14,,,,,,
株式会社ホスネット・ジャパン,2260001006084,,,0,,2026-06-14,,,,,,
ジャパンマテリアル株式会社,2190001015191,,,0,,2026-06-14,○,https://www.jm-recruit.jp/,,,jm-recruit.jp,external-only
株式会社岡山マツダ,2260001006225,,,0,,2026-06-14,,,,,,
株式会社イタミアート,2260001008618,,,0,,2026-06-14,,,,,,
四国医療サービス株式会社,1490001000783,,,0,,2026-06-14,,,,,,
株式会社伊予鉄グループ,1500001000476,,,0,,2026-06-14,,,,,,
ＯＥＣ株式会社,2260001001143,○,,0,,2026-06-14,○,https://www.oec-o.co.jp/data/recruit_newgrad/,○,営業,,top-anchor
株式会社中島商会,2260001004880,○,,0,,2026-06-14,○,https://www.nakashima-shokai.co.jp/recruit/,○,営業/企画/施工管理,nakashima-shokai.co.jp/job.rikunabi.com,top-anchor
株式会社新来島どっく,1010001045595,,,0,,2026-06-14,○,https://www.skdy.co.jp/recruit/,,営業/企画,,top-anchor
愛媛トヨペット株式会社,1500001000807,○,,0,,2026-06-14,○,https://www.e-tp.jp/recruit_new/mid-career,○,エンジニア/営業/販売,,top-anchor
株式会社ウイン,1500001000617,○,,0,,2026-06-14,○,https://www.pro-win.co.jp/recruit/,○,,,top-anchor
株式会社山陽セフティ,1260001002654,,,0,,2026-06-14,○,https://www.facebook.com/sanyosafety,,,facebook.com,external-only
株式会社スズキ自販松山,1500001002274,○,,0,,2026-06-14,○,https://www.suzuki.co.jp/dealer/sj-matsuyama/recruit/,○,販売,,top-anchor
株式会社レデイ薬局,1500001004428,,,0,,2026-06-14,,,,,,
株式会社和光ビルサービス,1500001004626,,,0,,2026-06-14,,,,,,
株式会社岡山製紙,1260001001078,,,0,,2026-06-14,○,https://www.okayamaseishi-saiyo.jp/,,,okayamaseishi-saiyo.jp,external-only
株式会社トヨタレンタリース西四国,1500001002943,,,0,,2026-06-14,○,http://www.r-ehm.co.jp/recruit/,,,,top-anchor
ピコシステム株式会社,2260001005516,○,,0,,2026-06-14,○,https://www.picosystem.co.jp/recruit/,○,エンジニア/営業,,top-anchor
株式会社アグサス,1500001003735,,,0,,2026-06-14,○,https://www.agusas.co.jp/recruit/careers/,,,instagram.com,top-anchor
ＢＥＭＡＣ株式会社,1500001011226,,,0,,2026-06-14,○,https://bemac-recruit.com/,,,bemac-recruit.com,common-path
株式会社愛媛銀行,2500001000005,○,,0,,2026-06-14,○,https://www.himegin.co.jp/recruit/,○,エンジニア/コンサル,,top-anchor
株式会社松宮,1500001003909,○,,0,,2026-06-14,○,http://kk-matsumiya.com/?page_id=22,○,営業/事務,,top-anchor
井関農機株式会社,2500001000533,○,,0,,2026-06-14,○,https://recruit.iseki.co.jp/,○,営業/事務,recruit.iseki.co.jp,common-path
福泉株式会社,2500001003486,,,0,,2026-06-14,,,,,,
株式会社三井Ｅ＆Ｓテクニカルリサーチ,1260001022306,,,0,,2026-06-14,,,,,,no-recruit-link
瀬戸内運輸株式会社,2500001011778,,,0,,2026-06-14,,,,,,
愛媛トヨタ自動車株式会社,2500001000806,○,,0,,2026-06-14,○,https://www.ehime-toyota.co.jp/recruit,○,エンジニア/営業/企画/販売,,top-anchor
株式会社大昌鉃工所,2500001014698,,,0,,2026-06-14,,,,,,
九州警備保障株式会社,1330001001087,,,0,,2026-06-14,,,,,,
株式会社ビージョイ,2500001003387,○,,0,,2026-06-14,○,https://www.bejoy.jp/recruit/,○,営業/企画/介護/販売/マーケティング,bejoy-recruit.com,common-path
中島硝子工業株式会社,1260001018295,,,0,,2026-06-14,,,,,,no-recruit-link
フクダ電子西部南販売株式会社,1330001004032,,,0,,2026-06-14,,,,,,
熊本綜合管理株式会社,1330001001442,,,0,,2026-06-14,,,,,,
四国ガス燃料株式会社,2500001011654,○,,0,,2026-06-14,○,https://www.shikoku-gasnen.co.jp/recruit/sinsotu.html,○,総合職/販売,,top-anchor
ツバメ工業株式会社,2500001014715,,,0,,2026-06-14,○,https://www.8441.jp/recruit/entry,,営業/企画,,top-anchor
木村電機株式会社,1330001011094,,,0,,2026-06-14,,,,,,
株式会社旭製作所,1330001018362,,,0,,2026-06-14,,,,,,
ヒノマル株式会社,1330001027512,,,0,,2026-06-14,,,,,,
株式会社リブドゥコーポレーション,2500001014723,,,0,,2026-06-14,○,https://livedo.jp/recruit/information/challenged/,,営業/介護,,top-anchor
株式会社ＲＫＫＣＳ,2330001000063,,,0,,2026-06-14,,,,,,
株式会社九州開発エンジニヤリング,2330001001086,,,0,,2026-06-14,,,,,,
株式会社エムロード,2330001004502,,,0,,2026-06-14,,,,,,
白鷺電気工業株式会社,1330001002440,,,0,,2026-06-14,○,https://www.shirasagidenki.co.jp/,,,recruit-shirasagidenki.com,common-path
株式会社くまもと健康支援研究所,1330001007381,,,0,,2026-06-14,○,http://www.kwsi.co.jp/recruit/,,営業/総合職/事務/企画/介護,instagram.com,top-anchor
株式会社永野商店,2330001006960,,,0,,2026-06-14,,,,,,
株式会社野田市電子,2330001003693,,,0,,2026-06-14,○,https://www.nodaichi.co.jp/recruit/,,,,common-path
米善機工株式会社,2330001004873,,,0,,2026-06-14,○,https://www.yonezen.co.jp/recruit,,営業/事務/販売,recruit-bkd.com,common-path
富田薬品株式会社,2330001003264,,,0,,2026-06-14,○,https://www.tomita-pharma.co.jp/recruit/career/,,,job.rikunabi.com/job.mynavi.jp,top-anchor
株式会社前田産業,2330001004304,,,0,,2026-06-14,○,https://maedasangyo.co.jp/recruit/,,,,top-anchor
株式会社マイスティア,2330001009286,○,,0,,2026-06-14,○,https://www.meistier.co.jp/recruit/,○,エンジニア,,top-anchor
株式会社ＡＲＩＡＫＥ,3330001000228,,,0,,2026-06-14,,,,,,
クリーンペア九州株式会社,3330001001291,,,0,,2026-06-14,,,,,,
株式会社オカムラ,2330001012686,○,,0,,2026-06-14,○,https://okamura-tmc.co.jp/recruit/,○,営業,,top-anchor
株式会社日本ビル管理,2330001003529,,,0,,2026-06-14,○,http://nbkanri.co.jp/lp/recruit/,,,,top-anchor
株式会社栗之浦ドック,1500001008296,,,0,,2026-06-14,○,https://job.rikunabi.com/2020/company/r957581054/,,,job.rikunabi.com,external-only
熊本ダイハツ販売株式会社,3330001001507,,,0,,2026-06-14,○,https://kumamoto.dd.daihatsu.co.jp/Company/recruit,,営業/販売,,top-anchor
株式会社ヒライ,2330001009088,○,,0,,2026-06-14,○,https://www.hirai-wa.com/recruit/,○,,,top-anchor
株式会社愛媛新聞社,2500001000764,,,0,,2026-06-14,,,,,,no-recruit-link
内村酸素株式会社,3330001000450,○,,0,,2026-06-14,○,https://www.uchimura-sanso.co.jp/jobs/229/,○,営業/事務/看護,,top-anchor
株式会社鈴弥洋行,1380001005562,,,0,,2026-06-14,,,,,,
東邦福島株式会社,1380001009126,,,0,,2026-06-14,,,,,,
ユナイテッドトヨタ熊本株式会社,3330001003271,○,,0,,2026-06-14,○,https://www.united-toyotakumamoto.jp/recruit/,○,エンジニア/営業/販売,job.mynavi.jp,common-path
株式会社ＳＹＳＫＥＮ,3330001003635,○,,0,,2026-06-14,○,https://www.sysken.co.jp/recruit/mid-career/,○,エンジニア/施工管理/介護,,top-anchor
株式会社ユーケイデンタル,3330001004773,,,0,,2026-06-14,○,http://www.ukdental.co.jp/recruit,,営業,ukdental-recruit.com,top-anchor
ゼビオ株式会社,1380001025412,,,0,,2026-06-14,,,,,,
イワタニ南九州株式会社,3330001004550,,,0,,2026-06-14,○,https://www.mkm-marui.co.jp/form/entry_top.html,,,,top-anchor
朝日機工株式会社,2120001155226,,,0,,2026-06-14,,,,,,
株式会社エフコム,1380001004696,○,,0,,2026-06-14,○,https://www.f-com.co.jp/recruit/newgraduate/,○,エンジニア/営業/企画/介護/看護,,top-anchor
関場建設株式会社,1380001015636,○,,0,,2026-06-14,○,https://www.sekiba.co.jp/recruit/,○,営業/事務/企画/施工管理,,top-anchor
日産プリンス福島販売株式会社,2380001003516,,,0,,2026-06-14,,,,,,
東北アルフレッサ株式会社,2380001005082,,,0,,2026-06-14,,,,,,
福島建機株式会社,2380001006444,,,0,,2026-06-14,,,,,,
株式会社福島中央テレビ,2380001006502,,,0,,2026-06-14,,,,,,
株式会社こんの,2380001000505,,,0,,2026-06-14,,,,,,top-fetch-failed
株式会社福島情報処理センター,1380001006486,○,,0,,2026-06-14,○,https://fic.co.jp/recruitment/,○,営業,,top-anchor
グラントマト株式会社,2380001011667,,,0,,2026-06-14,,,,,,
常磐共同ガス株式会社,2380001012987,,,0,,2026-06-14,,,,,,
株式会社タイセークリーン,1380001005678,○,,0,,2026-06-14,○,https://taisee-clean.co.jp/recruit,○,営業,,top-anchor
株式会社幸楽苑,2380001005074,○,,0,,2026-06-14,○,https://hd.kourakuen.co.jp/recruiting-information,○,,kourakuen.recruitsite.net/kourakuen.saiyo-job.jp,top-anchor
株式会社ありがとうサービス,2500001012603,,,0,,2026-06-14,○,https://jp.indeed.com/cmp/%E6%A0%AA%E5%BC%8F%E4%BC%9A%E7%A4%BE-%E3%81%82%E3%82%8A%E3%81%8C%E3%81%A8%E3%81%86%E3%82%B5%E3%83%BC%E3%83%93%E3%82%B9/jobs?clearPrefilter=1,,,jp.indeed.com/arigatou-saiyou.com,external-only
株式会社シマ商会,2380001015610,,,0,,2026-06-14,,,,,,
株式会社アンフィニ福島,1380001028720,,,0,,2026-06-14,○,https://anfini-f.co.jp/job/,,営業/事務,,top-anchor
東洋システム株式会社,2380001013457,,,0,,2026-06-14,○,https://toyo-system.co.jp/recruit/career/,,営業/事務/企画/介護/販売,,top-anchor
新常磐交通株式会社,2380001013060,,,0,,2026-06-14,○,https://www.joko.co.jp/recruit,,総合職,,top-anchor
サンセイ医機株式会社,1380001009159,,,0,,2026-06-14,○,https://www.sansei-iki.co.jp/recruit.php,,,olba.co.jp,top-anchor
コマツ福島株式会社,2380001021591,,,0,,2026-06-14,○,https://www.kics.co.jp/recruit,,営業/販売,,top-anchor
株式会社あけぼの印刷社,1050001000126,,,0,,2026-06-14,○,https://www.akebono-print.co.jp/2022/06/13/recruit-marketing/,,営業/企画/販売/マーケティング,recruit-akebono.com,common-path
株式会社常陽銀行,1050001001231,,,0,,2026-06-14,○,https://www.joyobank.co.jp/recruit/,,営業/コンサル,,common-path
株式会社アンドエスティＨＤ,1050001002254,○,,0,,2026-06-14,○,https://www.adastria.co.jp/recruit/,○,,recruit.adastria.co.jp/adastria-recruit.net,top-anchor
トヨタカローラ新茨城株式会社,1050001001867,,,0,,2026-06-14,○,https://www.corolla-si.com/recruit-top/companyPolicy,,営業/販売/マーケティング,,top-anchor
常洋水産株式会社,1050001001165,○,,0,,2026-06-14,○,https://www.joyosuisan.com/%E6%8E%A1%E7%94%A8%E6%83%85%E5%A0%B1,○,,,top-anchor
株式会社ダイエツ,2380001017557,○,,0,,2026-06-14,○,https://daietsu.co/recruit/,○,事務/介護/看護/コンサル,,top-anchor
原子力エンジニアリング株式会社,1050001004639,○,,0,,2026-06-14,○,https://www.neco-net.co.jp/recruit/graduate/index.html,○,エンジニア/技術職,,top-anchor
株式会社クリーンジャックシステム,1050001009893,,,0,,2026-06-14,,,,,,
株式会社ＪＭホールディングス,1050001011577,,,0,,2026-06-14,,,,,,
株式会社ビック,2380001017771,,,0,,2026-06-14,○,https://www.bicc.jp/recruit/,,事務/販売,,top-anchor
勝田環境株式会社,1050001006676,,,0,,2026-06-14,○,https://www.katsukan.com/recruit/,,営業/事務/企画/施工管理/コンサル,docs.google.com,top-anchor
株式会社スミハツ,1010001020516,○,,0,,2026-06-14,○,https://www.sumihatsu.com/recruit.html,○,営業/技術職,,top-anchor
株式会社潤工社,1050001007996,○,,0,,2026-06-14,○,https://www.junkosha.com/jp/news/recruit,○,デザイナー,,top-anchor
三展ミネコンサルタント株式会社,1050001010315,○,,0,,2026-06-14,○,https://www.santenmine.co.jp/?page_id=673,○,コンサル,job.mynavi.jp,top-anchor
ハムリー株式会社,1050001019190,,,0,,2026-06-14,,,,,,
株式会社クレハ分析センター（閉鎖）,2380001012797,,,0,,2026-06-14,,,,,,no-recruit-link
クリタ分析センター株式会社,1050001016444,○,,0,,2026-06-14,○,https://www.kuritabunseki.co.jp/page_id_134/,○,販売,,top-anchor
一誠商事株式会社,1050001017178,○,,0,,2026-06-14,○,https://www.issei-syoji.co.jp/recruit,○,事務,,top-anchor
新安全警備保障株式会社,1050001004969,,,0,,2026-06-14,○,https://shinanzenkeibi.com/recruit/,,介護/販売,,top-anchor
株式会社タナカ,1050001010075,○,,0,,2026-06-14,○,https://www.tanakanet.co.jp/recruit/,○,,,top-anchor
福島日産自動車株式会社,2380001001511,,,0,,2026-06-14,○,https://ni-fukushima-nissan.official.career/,,,ni-fukushima-nissan.official.career,external-only