企業名,法人番号,マイナビ掲載,採用担当者名,担当者確度,担当者根拠,部署,メール,電話番号,採用予定人数,卒年,採用ページURL,取得日
株式会社アイ・アイ・エム,1010001000055,,,,マイナビ検索ヒット無し,,,,,,,2026-06-20
五洋建設株式会社,1010001000006,○,,,マイナビ掲載確認(担当者名は非公開),,,03-3816-7111,,2026,https://job.mynavi.jp/27/pc/search/corp57808/outline.html,2026-06-20
スズデン株式会社,1010001003966,○,,,マイナビ掲載確認(担当者名は非公開),,recruit@suzuden.co.jp,03-6910-6801,16,2026,https://job.mynavi.jp/27/pc/search/corp63055/outline.html,2026-06-20
株式会社片平新日本技研,1010001001854,○,,,マイナビ掲載確認(担当者名は非公開),片平新日本技研人材開発部,,03-5802-1616,6,2026,https://job.mynavi.jp/27/pc/search/corp101379/outline.html,2026-06-20
日産化学株式会社,1010001008734,○,,,マイナビ掲載確認,,,,,2026,https://job.mynavi.jp/27/pc/search/corp1016/outline.html,2026-06-20
ＪＦＥスチール株式会社,1010001008668,○,,,マイナビ掲載確認(担当者名は非公開),,,03-3597-3111,201,2026,https://job.mynavi.jp/27/pc/search/corp27/outline.html,2026-06-20
住友商事株式会社,1010001008692,○,,,マイナビ掲載確認(担当者名は非公開),,,03-6285-5000,51,2026,https://job.mynavi.jp/27/pc/search/corp190/outline.html,2026-06-20
ウシオ電機株式会社,1010001008651,○,,,マイナビ掲載確認(担当者名は非公開),採用グループ,ushio@saiyo-hr.com,050-3090-2856,11,2026,https://job.mynavi.jp/27/pc/search/corp207206/outline.html,2026-06-20
ＤＯＷＡホールディングス株式会社,1010001008750,○,,,マイナビ掲載確認(担当者名は非公開),人事部,E-mail.saiyou@dowa.co.jp,0120-268-862,51,2026,https://job.mynavi.jp/27/pc/search/corp1403/outline.html,2026-06-20
ピーエス・コンストラクション株式会社,1010001008742,○,,,マイナビ掲載確認(担当者名は非公開),,,03-6385-8003,,2026,https://job.mynavi.jp/27/pc/search/corp84172/outline.html,2026-06-20
三井物産株式会社,1010001008767,○,,,マイナビ掲載確認(担当者名は非公開),,,0120-996-954,,2026,https://job.mynavi.jp/27/pc/search/corp235908/outline.html,2026-06-20
日本曹達株式会社,1010001008833,○,,,マイナビ掲載確認(担当者名は非公開),,,03-4212-9630,,2026,https://job.mynavi.jp/27/pc/search/corp714/outline.html,2026-06-20
アース環境サービス株式会社,1010001009823,○,,,マイナビ掲載確認(担当者名は非公開),,,050-3205-1685,51,2026,https://job.mynavi.jp/27/pc/search/corp100207/outline.html,2026-06-20
東京電力ホールディングス株式会社,1010001008825,○,,,マイナビ掲載確認(担当者名は非公開),,,03-6373-1111,,2026,https://job.mynavi.jp/27/pc/search/corp80951/outline.html,2026-06-20
株式会社アスク,1010001009831,○,,,マイナビ掲載確認(担当者名は非公開),,,055-272-1151,,2026,https://job.mynavi.jp/27/pc/search/corp223154/outline.html,2026-06-20
石福金属興業株式会社,1010001010624,○,,,マイナビ掲載確認(担当者名は非公開),,,03-3252-3131,,2026,https://job.mynavi.jp/27/pc/search/corp204294/outline.html,2026-06-20
イチカワ株式会社,1010001000708,○,,,マイナビ掲載確認(担当者名は非公開),,,03-3816-1126,,2026,https://job.mynavi.jp/27/pc/search/corp2703/outline.html,2026-06-20
商船三井ロジスティクス株式会社,1010001012546,○,,,マイナビ掲載確認(担当者名は非公開),人事総務部,,03-6731-7500,11,2026,https://job.mynavi.jp/27/pc/search/corp69113/outline.html,2026-06-20
ＮＴＴ都市開発株式会社,1010001012372,○,,,マイナビ掲載確認(担当者名は非公開),,,03-6811-6300,21,2026,https://job.mynavi.jp/27/pc/search/corp75507/outline.html,2026-06-20
株式会社大塚商会,1010001012983,○,,,マイナビ掲載確認(担当者名は非公開),,,03-6361-2120,,2026,https://job.mynavi.jp/27/pc/search/corp547/outline.html,2026-06-20
株式会社オーヤラツクス,1010001013305,,,,マイナビ検索ヒット無し,,,,,,,2026-06-20
日本高周波鋼業株式会社,1010001016852,○,,,マイナビ掲載確認(担当者名は非公開),,,03-5687-6023,,2026,https://job.mynavi.jp/27/pc/search/corp54672/outline.html,2026-06-20
株式会社グロービス,1010001015334,,,,マイナビ検索ヒット無し,,,,,,,2026-06-20
株式会社ニッスイ,1010001016860,○,,,マイナビ掲載確認(担当者名は非公開),,,03-6206-7000,,2026,https://job.mynavi.jp/27/pc/search/corp392/outline.html,2026-06-20
株式会社ミクニ,1010001008791,○,,,マイナビ掲載確認(担当者名は非公開),,,03-3833-0392,6,2026,https://job.mynavi.jp/27/pc/search/corp66896/outline.html,2026-06-20
ジャパンプロテクション株式会社,1010001019236,,,,マイナビ検索ヒット無し,,,,,,,2026-06-20
株式会社ザイエンス,1010001017941,○,,,マイナビ掲載確認(担当者名は非公開),,saiyou@xyence.co.jp,03-3284-0501,,2026,https://job.mynavi.jp/27/pc/search/corp244812/outline.html,2026-06-20
株式会社ＣＡＣ　Ｈｏｌｄｉｎｇｓ,1010001019335,,,,マイナビ検索ヒット無し,,,,,,,2026-06-20
住商エアロシステム株式会社,1010001020185,,,,マイナビ検索ヒット無し,,,,,,,2026-06-20
ミズホ株式会社,1010001007612,○,,,マイナビ掲載確認(担当者名は非公開),,,03-3815-3191,,2026,https://job.mynavi.jp/27/pc/search/corp227148/outline.html,2026-06-20
ソリッドコミュニケーション株式会社,1010001021349,○,,,マイナビ掲載確認(担当者名は非公開),,recruit@solidcom.co.jp,03-5212-5235,21,2026,https://job.mynavi.jp/27/pc/search/corp205218/outline.html,2026-06-20
株式会社第一管理代行,1010001021381,,,,マイナビ検索ヒット無し,,,,,,,2026-06-20
株式会社中央経済社ホールディングス,1010001022710,○,,,マイナビ掲載確認(担当者名は非公開),,recruit@chuokeizai.co,03-3293-3371,,2026,https://job.mynavi.jp/27/pc/search/corp287832/outline.html,2026-06-20
株式会社ティ・オー・エス,1010001023378,○,相良,0.4,マイナビ掲載確認(担当者名は非公開) / メール推定(sagara→相良),総務部,Tsagara@tos-kk.co.jp,03-5295-0431,6,2026,https://job.mynavi.jp/27/pc/search/corp258590/outline.html,2026-06-20
東洋計測器株式会社,1010001024129,,,,マイナビ検索ヒット無し,,,,,,,2026-06-20
東光電気工事株式会社,1010001024087,○,,,マイナビ掲載確認(担当者名は非公開),,,03-3292-2111,46,2026,https://job.mynavi.jp/27/pc/search/corp1493/outline.html,2026-06-20
株式会社内藤一水社,1010001025135,○,,,マイナビ掲載確認(担当者名は非公開),,,03-3265-9111,,2026,https://job.mynavi.jp/27/pc/search/corp52040/outline.html,2026-06-20
イー・アンド・エム株式会社,1010001010847,○,,,マイナビ掲載確認(担当者名は非公開),,,03-3230-1301,,2026,https://job.mynavi.jp/27/pc/search/corp94494/outline.html,2026-06-20
ＮＸ商事株式会社,1010001025515,○,,,マイナビ掲載確認(担当者名は非公開),,,0120-372-242,51,2026,https://job.mynavi.jp/27/pc/search/corp258256/outline.html,2026-06-20
日信防災株式会社,1010001025449,○,,,マイナビ掲載確認(担当者名は非公開),総務部,,03-3862-4172,6,2026,https://job.mynavi.jp/27/pc/search/corp261909/outline.html,2026-06-20
株式会社エフエム東京,1010001012439,,,,マイナビ検索ヒット無し,,,,,,,2026-06-20
株式会社はとバスエージェンシー,1010001026819,,,,マイナビ検索ヒット無し,,,,,,,2026-06-20
株式会社野澤組,1010001026166,○,,,マイナビ掲載確認(担当者名は非公開),,,03-3528-8101,1,2026,https://job.mynavi.jp/27/pc/search/corp85981/outline.html,2026-06-20
山崎金属産業株式会社,1010001031109,,,,マイナビ検索ヒット無し,,,,,,,2026-06-20
株式会社共立メンテナンス,1010001014427,○,,,マイナビ掲載確認(担当者名は非公開),,,03-5295-7793,,2026,https://job.mynavi.jp/27/pc/search/corp98878/outline.html,2026-06-20
株式会社読売アルスＡ,1010001031728,○,,,マイナビ掲載確認(担当者名は非公開),,yarsa-recruit@yomiarsa.co.jp,03-5226-9900,1,2026,https://job.mynavi.jp/27/pc/search/corp103531/outline.html,2026-06-20
株式会社ＪＰＦ,1010001033237,○,,,マイナビ掲載確認(担当者名は非公開),総務部,jpf-saiyo@jpf.co.jp,03-3265-4851,6,2026,https://job.mynavi.jp/27/pc/search/corp207850/outline.html,2026-06-20
ＣＨＥＭＩＰＡＺ株式会社,1010001033609,○,,,マイナビ掲載確認(担当者名は非公開),管理本部,recruit@chemipaz.co.jp,03-6202-7331,1,2026,https://job.mynavi.jp/27/pc/search/corp100248/outline.html,2026-06-20
株式会社テレコムスクエア,1010001026918,,,,マイナビ検索ヒット無し,,,,,,,2026-06-20
株式会社内田洋行,1010001034730,○,,,マイナビ掲載確認(担当者名は非公開),,,03-3555-4061,,2026,https://job.mynavi.jp/27/pc/search/corp62325/outline.html,2026-06-20
株式会社岡三証券グループ,1010001034747,○,,,マイナビ掲載確認(担当者名は非公開),人事総務部,jinji1@sanen-sec.co.jp,052-561-1811,6,2026,https://job.mynavi.jp/27/pc/search/corp93586/outline.html,2026-06-20
三菱ＵＦＪファクター株式会社,1010001022149,○,,,マイナビ掲載確認(担当者名は非公開),,,03-3251-8399,16,2026,https://job.mynavi.jp/27/pc/search/corp89287/outline.html,2026-06-20
株式会社資生堂,1010001034813,○,,,マイナビ掲載確認(担当者名は非公開),,,03-6218-5804,,2026,https://job.mynavi.jp/27/pc/search/corp51014/outline.html,2026-06-20
ＤＭ三井製糖株式会社,1010001034929,○,,,マイナビ掲載確認(担当者名は非公開),三井製糖人事部,Info.Recruit@msdm-hd.com,03-6453-6164,1,2026,https://job.mynavi.jp/27/pc/search/corp289949/outline.html,2026-06-20
日清オイリオグループ株式会社,1010001034887,○,,,マイナビ掲載確認(担当者名は非公開),,,03-3206-5032,11,2026,https://job.mynavi.jp/27/pc/search/corp1581/outline.html,2026-06-20
Ｂｉｔｃｏｉｎ　Ｊａｐａｎ株式会社,1010001034953,,,,マイナビ検索ヒット無し,,,,,,,2026-06-20
株式会社松屋,1010001034945,○,,,マイナビ掲載確認(担当者名は非公開),,,0422-38-1121,,2026,https://job.mynavi.jp/27/pc/search/corp270271/outline.html,2026-06-20
株式会社ジェイエイシーリクルートメント,1010001019483,○,,,マイナビ掲載確認(担当者名は非公開),,,03-5259-9904,201,2026,https://job.mynavi.jp/27/pc/search/corp66198/outline.html,2026-06-20
日本紙パルプ商事株式会社,1010001034978,○,,,マイナビ掲載確認(担当者名は非公開),人事部,person@kamipa.co.jp,03-5548-4029,21,2026,https://job.mynavi.jp/27/pc/search/corp2124/outline.html,2026-06-20
わかもと製薬株式会社,1010001035010,○,,,マイナビ掲載確認(担当者名は非公開),,,03-3279-0373,,2026,https://job.mynavi.jp/27/pc/search/corp57539/outline.html,2026-06-20
日本パーカライジング株式会社,1010001034994,○,,,マイナビ掲載確認(担当者名は非公開),,,03-3278-4318,2,2026,https://job.mynavi.jp/27/pc/search/corp249188/outline.html,2026-06-20
東海東京フィナンシャル・ホールディングス株式会社,1010001034202,○,,,マイナビ掲載確認(担当者名は非公開),,,03-3517-7676,,2026,https://job.mynavi.jp/27/pc/search/corp68638/outline.html,2026-06-20
株式会社教映社,1120001000341,○,高橋,0.5,マイナビ掲載確認(担当者名は非公開) / メール推定(takahashi→高橋),,takahashi@kyoeisha.com,06-6951-9652,6,2026,https://job.mynavi.jp/27/pc/search/corp242331/outline.html,2026-06-20
シャープマーケティングジャパン株式会社,1040001008905,○,,,マイナビ掲載確認(担当者名は非公開),総務部,smj-recruit@sharp.co.jp,06-6796-1535,101,2026,https://job.mynavi.jp/27/pc/search/corp235418/outline.html,2026-06-20
株式会社かんこう,1120001007221,,,,マイナビ検索ヒット無し,,,,,,,2026-06-20
近代警備保障株式会社,1120001007337,,,,マイナビ検索ヒット無し,,,,,,,2026-06-20
加陽印刷株式会社,1120001007205,,,,マイナビ検索ヒット無し,,,,,,,2026-06-20
平和不動産株式会社,1010001034920,○,,,マイナビ掲載確認(担当者名は非公開),,heiwa.saiyou@heiwa-net.co.jp,03-3666-0182,1,2026,https://job.mynavi.jp/27/pc/search/corp37263/outline.html,2026-06-20
ＳＡＮＥＩ株式会社,1120001012428,○,,,マイナビ掲載確認(担当者名は非公開),,,06-6972-5921,,2026,https://job.mynavi.jp/27/pc/search/corp95012/outline.html,2026-06-20
ＦＣＭ株式会社,1120001011859,○,,,マイナビ掲載確認(担当者名は非公開),人事総務課,fcm_recruiting@fc-m.co.jp,06-6975-1324,1,2026,https://job.mynavi.jp/27/pc/search/corp112032/outline.html,2026-06-20
株式会社ぐるなび,1010001034565,○,,,マイナビ掲載確認(担当者名は非公開),,,03-6744-6463,,2026,https://job.mynavi.jp/27/pc/search/corp68073/outline.html,2026-06-20
永大化工株式会社,1120001019704,○,,,マイナビ掲載確認(担当者名は非公開),,,06-6791-3355,6,2026,https://job.mynavi.jp/27/pc/search/corp215054/outline.html,2026-06-20
アイコム株式会社,1120001019349,○,,,マイナビ掲載確認(担当者名は非公開),,,06-6777-1317,,2026,https://job.mynavi.jp/27/pc/search/corp52258/outline.html,2026-06-20
ホシザキ京阪株式会社,1120001025289,○,,,マイナビ掲載確認(担当者名は非公開),,,06-6762-5351,,2026,https://job.mynavi.jp/27/pc/search/corp40189/outline.html,2026-06-20
大日本塗料株式会社,1120001026551,○,,,マイナビ掲載確認(担当者名は非公開),,,06-6266-3105,,2026,https://job.mynavi.jp/27/pc/search/corp2059/outline.html,2026-06-20
大阪製鐵株式会社,1120001028390,○,,,マイナビ掲載確認(担当者名は非公開),大阪製鐵株式会社総務部,saiyou@osaka-seitetu.co.jp,06-6204-0161,,2026,https://job.mynavi.jp/27/pc/search/corp100201/outline.html,2026-06-20
阪神警備保障株式会社,1120001031502,,,,マイナビ検索ヒット無し,,,,,,,2026-06-20
株式会社大森屋,1120001034595,,,,マイナビ検索ヒット無し,,,,,,,2026-06-20
毎美エンジニアリング株式会社,1120001036427,,,,マイナビ検索ヒット無し,,,,,,,2026-06-20
株式会社クボタ,1120001037978,○,井上,0.5,マイナビ掲載確認(担当者名は非公開) / メール推定(inoue→井上),本社総務部,yoshimi.inoue@kubota.com,06-6648-3281,6,2026,https://job.mynavi.jp/27/pc/search/corp215086/outline.html,2026-06-20
日本インシュレーション株式会社,1120001040610,○,,,マイナビ掲載確認(担当者名は非公開),,,06-6210-1253,,2026,https://job.mynavi.jp/27/pc/search/corp57225/outline.html,2026-06-20
帝国製鋲株式会社,1120001029380,,,,マイナビ検索ヒット無し,,,,,,,2026-06-20
株式会社オートメーション．サービス,1120001042136,,,,マイナビ検索ヒット無し,,,,,,,2026-06-20
因幡電機産業株式会社,1120001041352,○,,,マイナビ掲載確認(担当者名は非公開),,,0120-728-178,,2026,https://job.mynavi.jp/27/pc/search/corp54762/outline.html,2026-06-20
サンキン株式会社,1120001043596,○,,,マイナビ掲載確認(担当者名は非公開),,,06-6539-3201,,2026,https://job.mynavi.jp/27/pc/search/corp223707/outline.html,2026-06-20
サムテック株式会社,1120001043522,○,,,マイナビ掲載確認(担当者名は非公開),本社管理部,h_r@samtech.co.jp,072-977-8851,1,2026,https://job.mynavi.jp/27/pc/search/corp263715/outline.html,2026-06-20
株式会社浜正,1120001046590,○,,,マイナビ掲載確認(担当者名は非公開),,,06-6531-1383,,2026,https://job.mynavi.jp/27/pc/search/corp74419/outline.html,2026-06-20
南海化学株式会社,1120001046120,,,,マイナビ検索ヒット無し,,,,,,,2026-06-20
中外商工株式会社,1120001045403,○,,,マイナビ掲載確認(担当者名は非公開),,,06-6443-7747,1,2026,https://job.mynavi.jp/27/pc/search/corp283432/outline.html,2026-06-20
株式会社マコト電気,1120001047424,○,,,マイナビ掲載確認(担当者名は非公開),,,06-7175-7950,,2026,https://job.mynavi.jp/27/pc/search/corp272969/outline.html,2026-06-20
株式会社栗本鐵工所,1120001048991,○,,,マイナビ掲載確認(担当者名は非公開),,,06-6538-7602,,2026,https://job.mynavi.jp/27/pc/search/corp437/outline.html,2026-06-20
株式会社山善,1120001049040,○,,,マイナビ掲載確認(担当者名は非公開),,,046-288-1345,1,2026,https://job.mynavi.jp/27/pc/search/corp202379/outline.html,2026-06-20
株式会社サガミホールディングス,1180001000443,○,,,マイナビ掲載確認(担当者名は非公開),グループ管理部,sagamisaiyou@sagami.co.jp,0120-197-655,51,2026,https://job.mynavi.jp/27/pc/search/corp234179/outline.html,2026-06-20
株式会社つむら工芸,1120001045502,○,,,マイナビ掲載確認(担当者名は非公開),,,06-6448-2761,,2026,https://job.mynavi.jp/27/pc/search/corp258443/outline.html,2026-06-20
中部資材株式会社,1180001006837,○,,,マイナビ掲載確認(担当者名は非公開),人事部,recruit@chubushizai.co.jp,052-661-7232,16,2026,https://job.mynavi.jp/27/pc/search/corp104582/outline.html,2026-06-20
レンゴー株式会社,1120001036880,○,,,マイナビ掲載確認(担当者名は非公開),レンゴー株式会社人事本部,tjinji@rengo.co.jp,0120-303-621,46,2026,https://job.mynavi.jp/27/pc/search/corp39309/outline.html,2026-06-20
明星工業株式会社,1120001049032,○,,,マイナビ掲載確認(担当者名は非公開),人事課,,06-6447-0271,11,2026,https://job.mynavi.jp/27/pc/search/corp10005/outline.html,2026-06-20
日邦産業株式会社,1120901007832,○,,,マイナビ掲載確認(担当者名は非公開),,,052-218-3161,,2026,https://job.mynavi.jp/27/pc/search/corp89772/outline.html,2026-06-20
朝日金属株式会社,1180001011481,○,,,マイナビ掲載確認(担当者名は非公開),,,052-901-2111,,2026,https://job.mynavi.jp/27/pc/search/corp82206/outline.html,2026-06-20
ニプロバスキュラー株式会社,1180001001887,,,,マイナビ検索ヒット無し,,,,,,,2026-06-20
大同メタル工業株式会社,1180001012595,○,,,マイナビ掲載確認(担当者名は非公開),人事企画センター,jinji@daidometal.com,0568-61-2539,,2026,https://job.mynavi.jp/27/pc/search/corp1034/outline.html,2026-06-20
株式会社ニットー,1180001013107,○,,,マイナビ掲載確認(担当者名は非公開),,,026-245-0637,,2026,https://job.mynavi.jp/27/pc/search/corp80781/outline.html,2026-06-20
株式会社チップトン,1180001014914,○,,,マイナビ掲載確認(担当者名は非公開),人事課,soumu@tipton.co.jp,052-691-5177,,2026,https://job.mynavi.jp/27/pc/search/corp89297/outline.html,2026-06-20
愛知株式会社,1180001015879,○,,,マイナビ掲載確認(担当者名は非公開),採用コールセンター,recruit@alsok.co.jp,0120-034-314,11,2026,https://job.mynavi.jp/27/pc/search/corp106885/outline.html,2026-06-20
名古屋酸素株式会社,1180001007067,,,,マイナビ検索ヒット無し,,,,,,,2026-06-20
株式会社スズケン,1180001017009,○,,,マイナビ掲載確認(担当者名は非公開),管理課,soumu@suzukenokinawa.co.jp,098-835-6363,1,2026,https://job.mynavi.jp/27/pc/search/corp232586/outline.html,2026-06-20
敷島製パン株式会社,1180001016877,○,,,マイナビ掲載確認(担当者名は非公開),,,052-933-2117,11,2026,https://job.mynavi.jp/27/pc/search/corp332/outline.html,2026-06-20
株式会社新日,1180001019673,,,,マイナビ検索ヒット無し,,,,,,,2026-06-20
カネ美食品株式会社,1180001023411,○,,,マイナビ掲載確認(担当者名は非公開),,,052-879-6126,51,2026,https://job.mynavi.jp/27/pc/search/corp2064/outline.html,2026-06-20
クロスプラス株式会社,1180001025507,○,,,マイナビ掲載確認(担当者名は非公開),,,03-3669-6767,,2026,https://job.mynavi.jp/27/pc/search/corp104444/outline.html,2026-06-20
名工建設株式会社,1180001027354,○,,,マイナビ掲載確認(担当者名は非公開),,,052-589-1501,,2026,https://job.mynavi.jp/27/pc/search/corp58051/outline.html,2026-06-20
株式会社アオキスーパー,1180001029202,○,,,マイナビ掲載確認(担当者名は非公開),人事部,,052-414-3601,26,2026,https://job.mynavi.jp/27/pc/search/corp104837/outline.html,2026-06-20
株式会社ＥＶＥＲＹＦＯＯＤ,1180001001037,○,,,マイナビ掲載確認(担当者名は非公開),,,052-251-1134,,2026,https://job.mynavi.jp/27/pc/search/corp235709/outline.html,2026-06-20
東海ソフト株式会社,1180001031538,○,,,マイナビ掲載確認(担当者名は非公開),経営管理本部,recruit_newgraduate@tokai-soft.co.jp,052-307-7939,36,2026,https://job.mynavi.jp/27/pc/search/corp52336/outline.html,2026-06-20
メイラ株式会社,1180001031884,○,,,マイナビ掲載確認(担当者名は非公開),,,052-459-1271,,2026,https://job.mynavi.jp/27/pc/search/corp201383/outline.html,2026-06-20
ＭＨＩエアロテクノロジーズ株式会社,1180001031934,○,,,マイナビ掲載確認(担当者名は非公開),,MHIAT-saiyou@mhi.com,0120-133-193,51,2026,https://job.mynavi.jp/27/pc/search/corp212270/outline.html,2026-06-20
教育産業株式会社,1180001035456,○,,,マイナビ掲載確認(担当者名は非公開),,,052-971-3011,,2026,https://job.mynavi.jp/27/pc/search/corp216000/outline.html,2026-06-20
興和株式会社,1180001035811,○,,,マイナビ掲載確認(担当者名は非公開),,,052-963-3159,51,2026,https://job.mynavi.jp/27/pc/search/corp866/outline.html,2026-06-20
株式会社ＣＢＣクリエイション,1180001036669,○,,,マイナビ掲載確認(担当者名は非公開),総務部,saiyo@cbc-creation.co.jp,052-241-5503,1,2026,https://job.mynavi.jp/27/pc/search/corp226511/outline.html,2026-06-20
株式会社コアズ,1180001035761,○,,,マイナビ掲載確認(担当者名は非公開),,,06-6105-1125,6,2026,https://job.mynavi.jp/27/pc/search/corp240283/outline.html,2026-06-20
大同興業株式会社,1180001037502,○,,,マイナビ掲載確認(担当者名は非公開),,dkk_saiyo@daidokogyo.co.jp,052-963-7600,11,2026,https://job.mynavi.jp/27/pc/search/corp71974/outline.html,2026-06-20
株式会社新東通信,1180001036792,○,,,マイナビ掲載確認(担当者名は非公開),,,03-3538-8011,11,2026,https://job.mynavi.jp/27/pc/search/corp76272/outline.html,2026-06-20
オイレス工業株式会社,1010401006049,○,,,マイナビ掲載確認(担当者名は非公開),,,0466-44-4828,,2026,https://job.mynavi.jp/27/pc/search/corp2626/outline.html,2026-06-20
川北電気工業株式会社,1180001035290,○,,,マイナビ掲載確認(担当者名は非公開),,,052-251-7111,,2026,https://job.mynavi.jp/27/pc/search/corp54605/outline.html,2026-06-20
ラピスセミコンダクタ株式会社,1010101008452,○,,,マイナビ掲載確認(担当者名は非公開),,,045-476-9212,,2026,https://job.mynavi.jp/27/pc/search/corp259297/outline.html,2026-06-20
株式会社アート,1010701014775,○,,,マイナビ掲載確認(担当者名は非公開),,,089-961-1400,,2026,https://job.mynavi.jp/27/pc/search/corp232089/outline.html,2026-06-20
株式会社小野測器,1020001001886,○,,,マイナビ掲載確認,,,,21,2026,https://job.mynavi.jp/27/pc/search/corp64777/outline.html,2026-06-20
日本飛行機株式会社,1020001006613,○,,,マイナビ掲載確認(担当者名は非公開),人事課,,045-773-5103,,2026,https://job.mynavi.jp/27/pc/search/corp1101/outline.html,2026-06-20
海洋電子工業株式会社,1020001006043,○,,,マイナビ掲載確認(担当者名は非公開),,,045-771-1241,11,2026,https://job.mynavi.jp/27/pc/search/corp16912/outline.html,2026-06-20
株式会社信友建設,1020001007520,○,,,マイナビ掲載確認(担当者名は非公開),,,045-860-2615,,2026,https://job.mynavi.jp/27/pc/search/corp103092/outline.html,2026-06-20
株式会社アルファ,1020001005862,○,,,マイナビ掲載確認(担当者名は非公開),,,03-6635-5140,,2026,https://job.mynavi.jp/27/pc/search/corp99742/outline.html,2026-06-20
株式会社シバックス,1020001008907,○,,,マイナビ掲載確認(担当者名は非公開),,,045-934-7211,,2026,https://job.mynavi.jp/27/pc/search/corp72809/outline.html,2026-06-20
ハーベスト株式会社,1020001010441,,,,マイナビ検索ヒット無し,,,,,,,2026-06-20
株式会社明光社,1020001013873,,,,マイナビ検索ヒット無し,,,,,,,2026-06-20
ジオマテック株式会社,1020001015003,○,,,マイナビ掲載確認(担当者名は非公開),人事部,recruit@geomatec.co.jp,045-222-5725,1,2026,https://job.mynavi.jp/27/pc/search/corp38469/outline.html,2026-06-20
横浜植木株式会社,1020001013956,○,,,マイナビ掲載確認(担当者名は非公開),,,045-262-7417,,2026,https://job.mynavi.jp/27/pc/search/corp286386/outline.html,2026-06-20
株式会社ジャスト,1020001011844,○,,,マイナビ掲載確認(担当者名は非公開),,,0586-85-8161,1,2026,https://job.mynavi.jp/27/pc/search/corp247660/outline.html,2026-06-20
株式会社ＣＩＪ,1020001015606,○,,,マイナビ掲載確認(担当者名は非公開),,,045-222-0555,,2026,https://job.mynavi.jp/27/pc/search/corp65990/outline.html,2026-06-20
株式会社浜銀総合研究所,1020001015795,○,,,マイナビ掲載確認(担当者名は非公開),銀総合研究所企画総務部,saiyo@yokohama-ri.co.jp,045-225-2374,6,2026,https://job.mynavi.jp/27/pc/search/corp239677/outline.html,2026-06-20
レーザーテック株式会社,1020001022180,○,,,マイナビ掲載確認,,,,,2026,https://job.mynavi.jp/27/pc/search/corp57728/outline.html,2026-06-20
株式会社ＫＳＰ,1020001026487,○,,,マイナビ掲載確認(担当者名は非公開),総務人事グループ,,045-650-3185,16,2026,https://job.mynavi.jp/27/pc/search/corp209149/outline.html,2026-06-20
株式会社宇徳,1020001025489,○,,,マイナビ掲載確認(担当者名は非公開),人事部,,045-201-6582,16,2026,https://job.mynavi.jp/27/pc/search/corp91465/outline.html,2026-06-20
ソルブ株式会社,1020001027295,,,,マイナビ検索ヒット無し,,,,,,,2026-06-20
株式会社日商物産,1020001028194,○,,,マイナビ掲載確認(担当者名は非公開),,,045-731-5611,5,2026,https://job.mynavi.jp/27/pc/search/corp108469/outline.html,2026-06-20
株式会社ホンマ,1020001028855,,,,マイナビ検索ヒット無し,,,,,,,2026-06-20
横浜高速鉄道株式会社,1020001029440,,,,マイナビ検索ヒット無し,,,,,,,2026-06-20
ＡＬＳＯＫ神奈川株式会社,1020001030159,○,,,マイナビ掲載確認(担当者名は非公開),採用コールセンター,recruit@alsok.co.jp,0120-034-314,16,2026,https://job.mynavi.jp/27/pc/search/corp106891/outline.html,2026-06-20
横浜冷凍株式会社,1020001030638,○,,,マイナビ掲載確認(担当者名は非公開),,,045-210-0011,,2026,https://job.mynavi.jp/27/pc/search/corp74457/outline.html,2026-06-20
株式会社テイン,1020001033780,,,,マイナビ検索ヒット無し,,,,,,,2026-06-20
株式会社アルテサロンホールディングス（閉鎖）,1020001033236,,,,マイナビ検索ヒット無し,,,,,,,2026-06-20
株式会社ティー・アール・シー,1020001033203,○,,,マイナビ掲載確認(担当者名は非公開),,,045-450-3391,,2026,https://job.mynavi.jp/27/pc/search/corp200811/outline.html,2026-06-20
株式会社旭広告社,1020001029894,,,,マイナビ検索ヒット無し,,,,,,,2026-06-20
ＳＧＳジャパン株式会社,1020001034622,○,,,マイナビ掲載確認,,,,,2026,https://job.mynavi.jp/27/pc/search/corp279355/outline.html,2026-06-20
トキコシステムソリューションズ株式会社,1020001033723,○,,,マイナビ掲載確認(担当者名は非公開),,,050-3537-2868,,2026,https://job.mynavi.jp/27/pc/search/corp106256/outline.html,2026-06-20
インバースネット株式会社,1020001036619,○,,,マイナビ掲載確認(担当者名は非公開),,,045-451-2411,,2026,https://job.mynavi.jp/27/pc/search/corp217321/outline.html,2026-06-20
株式会社クロステック,1020001037212,,,,マイナビ検索ヒット無し,,,,,,,2026-06-20
株式会社アナザーウェア,1020001038458,,,,マイナビ検索ヒット無し,,,,,,,2026-06-20
株式会社横浜グランドインターコンチネンタルホテル,1020001016001,○,,,マイナビ掲載確認(担当者名は非公開),人事部,saiyo@icyokohama.com,045-221-0701,21,2026,https://job.mynavi.jp/27/pc/search/corp74420/outline.html,2026-06-20
株式会社エスシーサポート,1240001047429,,,,マイナビ検索ヒット無し,,,,,,,2026-06-20
イリソ電子工業株式会社,1020001053696,○,,,マイナビ掲載確認(担当者名は非公開),人事課,jinji@iriso.co.jp,045-478-3111,16,2026,https://job.mynavi.jp/27/pc/search/corp13959/outline.html,2026-06-20
グリーンシッピング株式会社,1250001005360,,,,マイナビ検索ヒット無し,,,,,,,2026-06-20
シンカ株式会社,1290001001769,,,,マイナビ検索ヒット無し,,,,,,,2026-06-20
株式会社福岡銀行,1290001004367,○,,,マイナビ掲載確認(担当者名は非公開),株式会社福岡銀行人事部,,092-723-2601,201,2026,https://job.mynavi.jp/27/pc/search/corp200763/outline.html,2026-06-20
株式会社ニシコー,1290001009498,○,,,マイナビ掲載確認(担当者名は非公開),,,092-711-8811,,2026,https://job.mynavi.jp/27/pc/search/corp203226/outline.html,2026-06-20
林兼エスト株式会社,1290001009738,,,,マイナビ検索ヒット無し,,,,,,,2026-06-20
株式会社インフォグラム,1290001011611,○,,,マイナビ掲載確認(担当者名は非公開),,,092-452-2733,,2026,https://job.mynavi.jp/27/pc/search/corp105432/outline.html,2026-06-20
株式会社医療事務サービス,1290001011660,,,,マイナビ検索ヒット無し,,,,,,,2026-06-20
株式会社キューオキ,1290001012337,,,,マイナビ検索ヒット無し,,,,,,,2026-06-20
九州総合サービス株式会社,1290001012411,○,,,マイナビ掲載確認(担当者名は非公開),,,092-441-1714,1,2026,https://job.mynavi.jp/27/pc/search/corp96374/outline.html,2026-06-20
建設サービス株式会社,1290001012989,,,,マイナビ検索ヒット無し,,,,,,,2026-06-20
株式会社カンサイ,1290001012221,○,,,マイナビ掲載確認(担当者名は非公開),,,092-481-9110,,2026,https://job.mynavi.jp/27/pc/search/corp273487/outline.html,2026-06-20
博多湾環境整備株式会社,1290001015728,,,,マイナビ検索ヒット無し,,,,,,,2026-06-20
空研工業株式会社,1290001007221,○,,,マイナビ掲載確認(担当者名は非公開),,,092-923-1161,,2026,https://job.mynavi.jp/27/pc/search/corp249727/outline.html,2026-06-20
株式会社リサーチアンドソリューション,1290001017278,,,,マイナビ検索ヒット無し,,,,,,,2026-06-20
福博綜合印刷株式会社,1290001016263,,,,マイナビ検索ヒット無し,,,,,,,2026-06-20
福岡センコー運輸株式会社,1290001019349,,,,マイナビ検索ヒット無し,,,,,,,2026-06-20
ＪＲ九州商事株式会社,1290001019794,○,,,マイナビ掲載確認(担当者名は非公開),,,092-402-5590,,2026,https://job.mynavi.jp/27/pc/search/corp220452/outline.html,2026-06-20
メディアファイブ株式会社,1290001018160,○,,,マイナビ掲載確認(担当者名は非公開),,,092-762-0555,9,2026,https://job.mynavi.jp/27/pc/search/corp68591/outline.html,2026-06-20
ホシザキ北九株式会社,1290001016577,○,,,マイナビ掲載確認(担当者名は非公開),総務人事課,kitakyu-saiyou@hoshizaki.co.jp,092-471-7396,11,2026,https://job.mynavi.jp/27/pc/search/corp84324/outline.html,2026-06-20
株式会社ジェイウェイブ,1290001020686,○,,,マイナビ掲載確認(担当者名は非公開),,,092-433-7227,6,2026,https://job.mynavi.jp/27/pc/search/corp220633/outline.html,2026-06-20
株式会社オービット,1290001020645,○,,,マイナビ掲載確認(担当者名は非公開),,recruit@orbit9806.co.jp,06-6441-3060,6,2026,https://job.mynavi.jp/27/pc/search/corp80871/outline.html,2026-06-20
イワタニ九州株式会社,1290001024695,○,,,マイナビ掲載確認(担当者名は非公開),,,092-483-5850,,2026,https://job.mynavi.jp/27/pc/search/corp233096/outline.html,2026-06-20
株式会社ＩＮＧ・ワールド,1290001026378,,,,マイナビ検索ヒット無し,,,,,,,2026-06-20
株式会社セイビ九州,1290001014110,,,,マイナビ検索ヒット無し,,,,,,,2026-06-20
株式会社アカシヤビルサービス,1430001000384,,,,マイナビ検索ヒット無し,,,,,,,2026-06-20
池田煖房工業株式会社,1430001001267,○,,,マイナビ掲載確認(担当者名は非公開),,,011-726-1151,,2026,https://job.mynavi.jp/27/pc/search/corp21929/outline.html,2026-06-20
岡本興業株式会社,1430001003222,,,,マイナビ検索ヒット無し,,,,,,,2026-06-20
株式会社ビルマネージメント,1290001025818,,,,マイナビ検索ヒット無し,,,,,,,2026-06-20
株式会社開発工営社,1430001003528,○,,,マイナビ掲載確認,,,,,2026,https://job.mynavi.jp/27/pc/search/corp272880/outline.html,2026-06-20
札商美装興業株式会社,1430001006811,,,,マイナビ検索ヒット無し,,,,,,,2026-06-20
株式会社清風堂,1430001008691,,,,マイナビ検索ヒット無し,,,,,,,2026-06-20
株式会社じょうてつ,1430001007925,○,,,マイナビ掲載確認(担当者名は非公開),うてつ経営戦略室総務グループ,recruit@jotetsu.co.jp,011-811-6141,,2026,https://job.mynavi.jp/27/pc/search/corp96733/outline.html,2026-06-20
株式会社アルテクス,1290001023417,○,,,マイナビ掲載確認(担当者名は非公開),,,092-832-6522,,2026,https://job.mynavi.jp/27/pc/search/corp243654/outline.html,2026-06-20
株式会社なの花北海道,1430001005219,○,,,マイナビ掲載確認(担当者名は非公開),,,011-612-1069,,2026,https://job.mynavi.jp/27/pc/search/corp273490/outline.html,2026-06-20
日本乾溜工業株式会社,1290001028382,○,,,マイナビ掲載確認(担当者名は非公開),,,092-632-1050,6,2026,https://job.mynavi.jp/27/pc/search/corp50793/outline.html,2026-06-20
株式会社シムス,1430001009847,,,,マイナビ検索ヒット無し,,,,,,,2026-06-20
株式会社通電技術,1430001010557,○,小倉,0.5,マイナビ掲載確認(担当者名は非公開) / メール推定(ogura→小倉),,ogura.a@tsuuden.co.jp,011-863-0921,1,2026,https://job.mynavi.jp/27/pc/search/corp243091/outline.html,2026-06-20
株式会社ミライト・モバイル・イースト,1430001012727,,,,マイナビ検索ヒット無し,,,,,,,2026-06-20
北菱産業埠頭株式会社,1430001015614,,,,マイナビ検索ヒット無し,,,,,,,2026-06-20
株式会社双葉工業社,1430001015201,,,,マイナビ検索ヒット無し,,,,,,,2026-06-20
北盛電設株式会社,1430001014789,,,,マイナビ検索ヒット無し,,,,,,,2026-06-20
株式会社クリーンコーポレーション,1430001005061,,,,マイナビ検索ヒット無し,,,,,,,2026-06-20
株式会社モロオ,1430001017032,○,,,マイナビ掲載確認(担当者名は非公開),,,011-618-2351,,2026,https://job.mynavi.jp/27/pc/search/corp3908/outline.html,2026-06-20
株式会社アークス,1430001018377,○,,,マイナビ掲載確認(担当者名は非公開),,arcs-saiyo@arcs-g.co.jp,011-530-1210,1,2026,https://job.mynavi.jp/27/pc/search/corp107755/outline.html,2026-06-20
株式会社アインホールディングス,1430001020787,,,,マイナビ検索ヒット無し,,,,,,,2026-06-20
マックスバリュ北海道株式会社（閉鎖）,1430001020267,,,,マイナビ検索ヒット無し,,,,,,,2026-06-20
日本ニューホランド株式会社,1430001021026,○,,,マイナビ掲載確認(担当者名は非公開),管理本部,,011-221-2130,36,2026,https://job.mynavi.jp/27/pc/search/corp61967/outline.html,2026-06-20
日本高圧コンクリート株式会社,1430001020829,○,,,マイナビ掲載確認(担当者名は非公開),総務部,y.fukuhara@nihonkoatsu.co.jp,011-241-7105,6,2026,https://job.mynavi.jp/27/pc/search/corp52108/outline.html,2026-06-20
株式会社ユニテック,1430001021645,○,,,マイナビ掲載確認(担当者名は非公開),,,0463-96-1132,1,2026,https://job.mynavi.jp/27/pc/search/corp103002/outline.html,2026-06-20
ＡＬＳＯＫ北海道株式会社,1430001021959,○,,,マイナビ掲載確認(担当者名は非公開),,,011-747-2203,,2026,https://job.mynavi.jp/27/pc/search/corp217709/outline.html,2026-06-20
株式会社北海道日立,1430001022461,○,,,マイナビ掲載確認(担当者名は非公開),,,011-722-1221,4,2026,https://job.mynavi.jp/27/pc/search/corp258259/outline.html,2026-06-20
株式会社北海道ダイケン,1430001022180,,,,マイナビ検索ヒット無し,,,,,,,2026-06-20
株式会社エコミック,1430001023947,,,,マイナビ検索ヒット無し,,,,,,,2026-06-20
中道リース株式会社,1430001024094,○,,,マイナビ掲載確認(担当者名は非公開),,recruit@nakamichi-leasing.co.jp,011-280-2171,6,2026,https://job.mynavi.jp/27/pc/search/corp58036/outline.html,2026-06-20
株式会社プライムツーワン,1430001026974,,,,マイナビ検索ヒット無し,,,,,,,2026-06-20
セントラルリーシングシステム株式会社,1430001024268,○,,,マイナビ掲載確認,,,,,2026,https://job.mynavi.jp/27/pc/search/corp112659/outline.html,2026-06-20
ビットスター株式会社,1430001037773,○,,,マイナビ掲載確認(担当者名は非公開),,recruit@bitstar.jp,011-241-0064,1,2026,https://job.mynavi.jp/27/pc/search/corp218921/outline.html,2026-06-20
株式会社調和技研,1430001041759,,,,マイナビ検索ヒット無し,,,,,,,2026-06-20
北燃商事株式会社,1430001046650,,,,マイナビ検索ヒット無し,,,,,,,2026-06-20
馬淵建設株式会社,1430001046675,○,,,マイナビ掲載確認(担当者名は非公開),総務人事部,jinjika@mzec.co.jp,045-712-4842,16,2026,https://job.mynavi.jp/27/pc/search/corp84644/outline.html,2026-06-20
北海道ガソン株式会社,1430001049752,,,,マイナビ検索ヒット無し,,,,,,,2026-06-20
株式会社松本鉄工所,1430001053845,,,,マイナビ検索ヒット無し,,,,,,,2026-06-20
株式会社第一岸本臨床検査センター,1430001055197,○,,,マイナビ掲載確認(担当者名は非公開),,,011-787-2111,,2026,https://job.mynavi.jp/27/pc/search/corp268541/outline.html,2026-06-20
株式会社南組,1430001055619,,,,マイナビ検索ヒット無し,,,,,,,2026-06-20
日鋼室蘭サービス株式会社,1430001057045,,,,マイナビ検索ヒット無し,,,,,,,2026-06-20
株式会社三井Ｅ＆Ｓ　ＤＵ,1010001230569,,,,マイナビ検索ヒット無し,,,,,,,2026-06-20
ＬＲＭ株式会社,1120001120263,,,,マイナビ検索ヒット無し,,,,,,,2026-06-20
株式会社トーホー,1140001002071,○,,,マイナビ掲載確認(担当者名は非公開),,,048-935-1671,1,2026,https://job.mynavi.jp/27/pc/search/corp291729/outline.html,2026-06-20
親和パッケージ株式会社,1140001001783,,,,マイナビ検索ヒット無し,,,,,,,2026-06-20
株式会社シマブンコーポレーション,1140001003508,○,,,マイナビ掲載確認(担当者名は非公開),,,078-802-9518,,2026,https://job.mynavi.jp/27/pc/search/corp207424/outline.html,2026-06-20
コベルコビジネスパートナーズ株式会社,1140001003466,,,,マイナビ検索ヒット無し,,,,,,,2026-06-20
第一電子株式会社,1140001004992,,,,マイナビ検索ヒット無し,,,,,,,2026-06-20
株式会社イナハラ,1140001006205,○,,,マイナビ掲載確認(担当者名は非公開),本社総務部,,078-231-4088,1,2026,https://job.mynavi.jp/27/pc/search/corp272359/outline.html,2026-06-20
尾道造船株式会社,1140001006741,○,,,マイナビ掲載確認(担当者名は非公開),,,078-391-3424,,2026,https://job.mynavi.jp/27/pc/search/corp51214/outline.html,2026-06-20
川崎重工業株式会社,1140001005719,○,,,マイナビ掲載確認(担当者名は非公開),人事本部,,0120-111-390,301,2026,https://job.mynavi.jp/27/pc/search/corp44/outline.html,2026-06-20
共栄株式会社,1140001007137,○,,,マイナビ掲載確認(担当者名は非公開),,somu@kyoyei.com,078-321-2121,1,2026,https://job.mynavi.jp/27/pc/search/corp84842/outline.html,2026-06-20
株式会社ケイテック,1140001007384,,,,マイナビ検索ヒット無し,,,,,,,2026-06-20
光和管財株式会社,1140001007599,,,,マイナビ検索ヒット無し,,,,,,,2026-06-20
株式会社ナガサワ文具センター,1140001009777,,,,マイナビ検索ヒット無し,,,,,,,2026-06-20
株式会社ニチリン,1140001010033,,,,マイナビ検索ヒット無し,,,,,,,2026-06-20
株式会社神戸新聞社,1140001012021,○,,,マイナビ掲載確認(担当者名は非公開),,,078-362-7020,,2026,https://job.mynavi.jp/27/pc/search/corp76221/outline.html,2026-06-20
阪神内燃機工業株式会社,1140001010149,○,,,マイナビ掲載確認(担当者名は非公開),,saiyo@hanshin-dw.co.jp,078-923-3446,6,2026,https://job.mynavi.jp/27/pc/search/corp55663/outline.html,2026-06-20
株式会社ＯＫＡＭＵＲＡ,1140001012707,,,,マイナビ検索ヒット無し,,,,,,,2026-06-20
株式会社神戸工業試験場,1140001014570,,,,マイナビ検索ヒット無し,,,,,,,2026-06-20
株式会社トヨタレンタリース兵庫,1140001016534,○,,,マイナビ掲載確認(担当者名は非公開),,,078-576-6155,9,2026,https://job.mynavi.jp/27/pc/search/corp51928/outline.html,2026-06-20
株式会社大伸,1140001013449,,,,マイナビ検索ヒット無し,,,,,,,2026-06-20
フアーストリネンサービス株式会社,1140001017862,,,,マイナビ検索ヒット無し,,,,,,,2026-06-20
株式会社ウインウイン,1140001022532,,,,マイナビ検索ヒット無し,,,,,,,2026-06-20
ニッポンレンタカー北海道株式会社,1430001021109,○,高橋,0.5,マイナビ掲載確認(担当者名は非公開) / メール推定(takahashi→高橋),採用担当総務部,takahashi.te@nipponrentacar.co.jp,050-1712-3008,1,2026,https://job.mynavi.jp/27/pc/search/corp207576/outline.html,2026-06-20
株式会社神防社,1140001030329,,,,マイナビ検索ヒット無し,,,,,,,2026-06-20
神栄テクノロジー株式会社,1140001027226,○,,,マイナビ掲載確認(担当者名は非公開),,,078-392-6881,,2026,https://job.mynavi.jp/27/pc/search/corp58019/outline.html,2026-06-20
ジャパンフィールド株式会社,1140001028777,,,,マイナビ検索ヒット無し,,,,,,,2026-06-20
株式会社ＪＭＵアムテック,1140001039675,○,,,マイナビ掲載確認(担当者名は非公開),,,0791-24-2499,,2026,https://job.mynavi.jp/27/pc/search/corp211364/outline.html,2026-06-20
ホシザキ北海道株式会社,1430001015639,○,,,マイナビ掲載確認(担当者名は非公開),総務人事課,hokkaido-020@hoshizaki.co.jp,011-841-4433,6,2026,https://job.mynavi.jp/27/pc/search/corp63202/outline.html,2026-06-20
スプリングエイトサービス株式会社,1140001039709,,,,マイナビ検索ヒット無し,,,,,,,2026-06-20
ピアサービス株式会社,1140001035377,,,,マイナビ検索ヒット無し,,,,,,,2026-06-20
株式会社イボキン,1140001038603,○,,,マイナビ掲載確認(担当者名は非公開),,,0791-72-3531,,2026,https://job.mynavi.jp/27/pc/search/corp220384/outline.html,2026-06-20
株式会社ＲＵＴＩＬＥＡ,1010703003272,,,,マイナビ検索ヒット無し,,,,,,,2026-06-20
株式会社東海近畿クボタ,1140001041037,○,,,マイナビ掲載確認(担当者名は非公開),総務部,,06-6491-6633,16,2026,https://job.mynavi.jp/27/pc/search/corp101522/outline.html,2026-06-20
株式会社たけびし,1130001001272,○,,,マイナビ掲載確認(担当者名は非公開),,,075-325-2121,,2026,https://job.mynavi.jp/27/pc/search/corp98911/outline.html,2026-06-20
シライ電子工業株式会社,1130001001041,,,,マイナビ検索ヒット無し,,,,,,,2026-06-20
ダイニック株式会社,1130001001198,○,,,マイナビ掲載確認(担当者名は非公開),,,03-5402-1811,,2026,https://job.mynavi.jp/27/pc/search/corp57404/outline.html,2026-06-20
任天堂株式会社,1130001011420,,,,マイナビ検索ヒット無し,,,,,,,2026-06-20
株式会社レボインターナショナル,1130001012055,○,,,マイナビ掲載確認(担当者名は非公開),,,075-353-2277,1,2026,https://job.mynavi.jp/27/pc/search/corp277471/outline.html,2026-06-20
内外エンジニアリング株式会社,1130001011313,○,,,マイナビ掲載確認(担当者名は非公開),,,075-933-5111,,2026,https://job.mynavi.jp/27/pc/search/corp229343/outline.html,2026-06-20
株式会社堀場製作所,1130001011676,○,,,マイナビ掲載確認(担当者名は非公開),,recruit@horiba.co.jp,075-314-6394,51,2026,https://job.mynavi.jp/27/pc/search/corp56775/outline.html,2026-06-20
株式会社キャリアパワー,1130001014217,,,,マイナビ検索ヒット無し,,,,,,,2026-06-20
佐々木化学薬品株式会社,1130001012716,,,,マイナビ検索ヒット無し,,,,,,,2026-06-20
株式会社エージェンシーアシスト,1130001013945,,,,マイナビ検索ヒット無し,,,,,,,2026-06-20
株式会社共栄薬研,1130001017005,,,,マイナビ検索ヒット無し,,,,,,,2026-06-20
オムロン株式会社,1130001016824,○,,,マイナビ掲載確認(担当者名は非公開),,,075-344-7031,,2026,https://job.mynavi.jp/27/pc/search/corp209/outline.html,2026-06-20
株式会社京進,1130001017021,○,,,マイナビ掲載確認(担当者名は非公開),人材開発課,,075-365-1528,36,2026,https://job.mynavi.jp/27/pc/search/corp88130/outline.html,2026-06-20
株式会社エース,1130001016650,○,,,マイナビ掲載確認(担当者名は非公開),,,045-651-5821,,2026,https://job.mynavi.jp/27/pc/search/corp85854/outline.html,2026-06-20
株式会社ワコールキャリアサービス,1130001019323,,,,マイナビ検索ヒット無し,,,,,,,2026-06-20
トヨタカローラ京都株式会社,1130001021849,○,,,マイナビ掲載確認(担当者名は非公開),,saiyou@corollakyoto.co.jp,075-463-1111,1,2026,https://job.mynavi.jp/27/pc/search/corp57281/outline.html,2026-06-20
ナカライテスク株式会社,1130001021948,○,,,マイナビ掲載確認(担当者名は非公開),,,075-256-5845,,2026,https://job.mynavi.jp/27/pc/search/corp55973/outline.html,2026-06-20
株式会社ダイワ・セキュリティー・システム,1130001025528,,,,マイナビ検索ヒット無し,,,,,,,2026-06-20
日本ニューロン株式会社,1130001037333,,,,マイナビ検索ヒット無し,,,,,,,2026-06-20
星和電機株式会社,1130001038463,○,,,マイナビ掲載確認(担当者名は非公開),,,0774-55-8181,,2026,https://job.mynavi.jp/27/pc/search/corp4747/outline.html,2026-06-20
西武緑化管理株式会社,1012701000524,,,,マイナビ検索ヒット無し,,,,,,,2026-06-20
埼玉トヨペット株式会社,1030001003329,○,,,マイナビ掲載確認(担当者名は非公開),,,048-859-4120,26,2026,https://job.mynavi.jp/27/pc/search/corp63667/outline.html,2026-06-20
太陽管財株式会社,1030001005250,,,,マイナビ検索ヒット無し,,,,,,,2026-06-20
株式会社島忠,1030001004269,○,,,マイナビ掲載確認(担当者名は非公開),株式会社島忠新卒採用部,,048-851-7710,26,2026,https://job.mynavi.jp/27/pc/search/corp76797/outline.html,2026-06-20
株式会社ハイデイ日高,1030001006892,○,,,マイナビ掲載確認(担当者名は非公開),人事部,,048-644-8447,51,2026,https://job.mynavi.jp/27/pc/search/corp62526/outline.html,2026-06-20
株式会社丸電,1030001008006,,,,マイナビ検索ヒット無し,,,,,,,2026-06-20
株式会社むさしビルクリーナー,1030001008261,,,,マイナビ検索ヒット無し,,,,,,,2026-06-20
株式会社パレスエンタープライズ,1030001006950,○,,,マイナビ掲載確認(担当者名は非公開),,,048-647-3415,1,2026,https://job.mynavi.jp/27/pc/search/corp284505/outline.html,2026-06-20
株式会社エクス・アドメディア,1030001014086,○,,,マイナビ掲載確認(担当者名は非公開),,saiyo@ex-ad.co.jp,048-837-5460,6,2026,https://job.mynavi.jp/27/pc/search/corp110980/outline.html,2026-06-20
株式会社オプトエレクトロニクス,1030001020927,,,,マイナビ検索ヒット無し,,,,,,,2026-06-20
株式会社アールキューブ,1030001027922,,,,マイナビ検索ヒット無し,,,,,,,2026-06-20
埼玉西ヤクルト販売株式会社,1030001026924,○,,,マイナビ掲載確認(担当者名は非公開),総務部,soumu@saitamanishi-yakult.co.jp,04-2964-8960,1,2026,https://job.mynavi.jp/27/pc/search/corp290391/outline.html,2026-06-20
株式会社アイチコーポレーション,1030001042723,○,,,マイナビ掲載確認(担当者名は非公開),,,048-781-1111,,2026,https://job.mynavi.jp/27/pc/search/corp38002/outline.html,2026-06-20
ニッポンレンタカー北関東株式会社,1030001044141,○,,,マイナビ掲載確認(担当者名は非公開),総務部,,050-1712-2853,6,2026,https://job.mynavi.jp/27/pc/search/corp112627/outline.html,2026-06-20
ユー・エム・シー・エレクトロニクス株式会社,1030001044117,○,,,マイナビ掲載確認(担当者名は非公開),人事総務部,m-yazawa@umc.co.jp,048-724-0001,6,2026,https://job.mynavi.jp/27/pc/search/corp62123/outline.html,2026-06-20
新報国マテリアル株式会社,1030001054909,,,,マイナビ検索ヒット無し,,,,,,,2026-06-20
株式会社オプトラン,1030001056764,,,,マイナビ検索ヒット無し,,,,,,,2026-06-20
アイ・エム・アイ株式会社,1030001063447,○,,,マイナビ掲載確認(担当者名は非公開),,,048-988-4472,11,2026,https://job.mynavi.jp/27/pc/search/corp262705/outline.html,2026-06-20
旭産業株式会社,1030001060114,○,,,マイナビ掲載確認(担当者名は非公開),管理部,soumu@asahi-ids.co.jp,054-261-2456,1,2026,https://job.mynavi.jp/27/pc/search/corp241846/outline.html,2026-06-20
株式会社イハシエネルギー,1030001063604,○,,,マイナビ掲載確認(担当者名は非公開),,,048-985-9111,,2026,https://job.mynavi.jp/27/pc/search/corp225397/outline.html,2026-06-20
株式会社銚子丸,1040001001199,○,,,マイナビ掲載確認(担当者名は非公開),人事総務部,saiyou@choushimaru.co.jp,043-350-1263,16,2026,https://job.mynavi.jp/27/pc/search/corp243795/outline.html,2026-06-20
興栄燃料株式会社,1040001002206,,,,マイナビ検索ヒット無し,,,,,,,2026-06-20
千葉テレビ放送株式会社,1040001004838,○,,,マイナビ掲載確認(担当者名は非公開),総務部,soumu-saiyou@chiba-tv.com,0570-030-333,1,2026,https://job.mynavi.jp/27/pc/search/corp89868/outline.html,2026-06-20
株式会社エイシル,1040001009432,,,,マイナビ検索ヒット無し,,,,,,,2026-06-20
オネスティオフィスサポート株式会社,1040001011735,,,,マイナビ検索ヒット無し,,,,,,,2026-06-20
ＡＬＳＯＫ千葉株式会社,1040001008244,○,,,マイナビ掲載確認(担当者名は非公開),採用コールセンター,recruit@alsok.co.jp,0120-034-314,21,2026,https://job.mynavi.jp/27/pc/search/corp106893/outline.html,2026-06-20
船橋興産株式会社,1040001019365,,,,マイナビ検索ヒット無し,,,,,,,2026-06-20
日本サービス株式会社,1040001036451,○,,,マイナビ掲載確認(担当者名は非公開),,,052-222-9963,1,2026,https://job.mynavi.jp/27/pc/search/corp243392/outline.html,2026-06-20
株式会社丸長青果,1040001036988,,,,マイナビ検索ヒット無し,,,,,,,2026-06-20
株式会社ＮＴＴデータ・エム・シー・エス,1040001036848,,,,マイナビ検索ヒット無し,,,,,,,2026-06-20
イケア・ジャパン株式会社,1040001021866,,,,マイナビ検索ヒット無し,,,,,,,2026-06-20
株式会社ジェス,1040001042929,○,,,マイナビ掲載確認(担当者名は非公開),,,076-269-3175,,2026,https://job.mynavi.jp/27/pc/search/corp252631/outline.html,2026-06-20
株式会社アイム,1040001042689,,,,マイナビ検索ヒット無し,,,,,,,2026-06-20
株式会社ＰＣＥＲ,1040001041971,,,,マイナビ検索ヒット無し,,,,,,,2026-06-20
株式会社シー・エス・ランバー,1040001057646,○,,,マイナビ掲載確認(担当者名は非公開),,saiyou_tm_all@c-s-lumber.co.jp,043-215-7781,6,2026,https://job.mynavi.jp/27/pc/search/corp222755/outline.html,2026-06-20
鈴木建設株式会社,1040001061846,○,,,マイナビ掲載確認(担当者名は非公開),,,0479-55-3221,,2026,https://job.mynavi.jp/27/pc/search/corp101750/outline.html,2026-06-20
日本設備管理株式会社,1040001066176,,,,マイナビ検索ヒット無し,,,,,,,2026-06-20
株式会社アイガー,1010001035258,○,,,マイナビ掲載確認(担当者名は非公開),,,03-3212-5500,,2026,https://job.mynavi.jp/27/pc/search/corp292660/outline.html,2026-06-20
王子エンジニアリング株式会社,1010001039770,,,,マイナビ検索ヒット無し,,,,,,,2026-06-20
イシグロ株式会社,1010001036925,○,,,マイナビ掲載確認(担当者名は非公開),,ishiguro-gr@saiyo-g.net,050-1704-7011,36,2026,https://job.mynavi.jp/27/pc/search/corp81170/outline.html,2026-06-20
ザインエレクトロニクス株式会社,1010001044837,,,,マイナビ検索ヒット無し,,,,,,,2026-06-20
日本紙通商株式会社,1010001045983,○,,,マイナビ掲載確認(担当者名は非公開),人事本部,jinji@np-t.co.jp,03-6665-7053,6,2026,https://job.mynavi.jp/27/pc/search/corp235178/outline.html,2026-06-20
第一高周波工業株式会社,1010001048722,○,,,マイナビ掲載確認(担当者名は非公開),,,03-5649-3725,6,2026,https://job.mynavi.jp/27/pc/search/corp267890/outline.html,2026-06-20
高橋カーテンウォール工業株式会社,1010001049480,○,,,マイナビ掲載確認(担当者名は非公開),,,03-3271-1711,,2026,https://job.mynavi.jp/27/pc/search/corp104174/outline.html,2026-06-20
株式会社東洋経済新報社,1010001051874,○,,,マイナビ掲載確認,,,,,2026,https://job.mynavi.jp/27/pc/search/corp67777/outline.html,2026-06-20
東レプラスチック精工株式会社,1010001051932,,,,マイナビ検索ヒット無し,,,,,,,2026-06-20
株式会社東証コンピュータシステム,1010001051437,○,,,マイナビ掲載確認(担当者名は非公開),,saiyou@tcs.co.jp,03-6458-5170,11,2026,https://job.mynavi.jp/27/pc/search/corp39822/outline.html,2026-06-20
東洋熱工業株式会社,1010001051916,○,,,マイナビ掲載確認(担当者名は非公開),,,03-5250-4146,,2026,https://job.mynavi.jp/27/pc/search/corp84293/outline.html,2026-06-20
株式会社ナンシン,1010001053053,,,,マイナビ検索ヒット無し,,,,,,,2026-06-20
株式会社ビッグアビリティ,1010001055157,,,,マイナビ検索ヒット無し,,,,,,,2026-06-20
西川株式会社,1010001053631,○,,,マイナビ掲載確認,,,,,2026,https://job.mynavi.jp/27/pc/search/corp88155/outline.html,2026-06-20
株式会社廣瀬商会,1010001054927,○,,,マイナビ掲載確認(担当者名は非公開),,,03-3271-3851,,2026,https://job.mynavi.jp/27/pc/search/corp100185/outline.html,2026-06-20
丸三証券株式会社,1010001057236,○,,,マイナビ掲載確認(担当者名は非公開),,,03-3238-2200,,2026,https://job.mynavi.jp/27/pc/search/corp1588/outline.html,2026-06-20
株式会社東京エコール,1010001059174,○,,,マイナビ掲載確認(担当者名は非公開),,,03-3864-3471,,2026,https://job.mynavi.jp/27/pc/search/corp74168/outline.html,2026-06-20
ミツワ電機株式会社,1010001058408,○,,,マイナビ掲載確認(担当者名は非公開),,recruit@mitsuwadenki.co.jp,03-6693-0842,,2026,https://job.mynavi.jp/27/pc/search/corp50967/outline.html,2026-06-20
株式会社ヨネイ,1010001060074,,,,マイナビ検索ヒット無し,,,,,,,2026-06-20
東京貿易テクノシステム株式会社,1010001061642,,,,マイナビ検索ヒット無し,,,,,,,2026-06-20
日本検査キューエイ株式会社,1010001062013,,,,マイナビ検索ヒット無し,,,,,,,2026-06-20
株式会社アヴァンティスタッフ,1010001061972,○,,,マイナビ掲載確認(担当者名は非公開),,,03-6836-2922,46,2026,https://job.mynavi.jp/27/pc/search/corp267213/outline.html,2026-06-20
株式会社日本デザインセンター,1010001062302,○,,,マイナビ掲載確認(担当者名は非公開),,recruit@ndc.co.jp,03-6264-0333,,2026,https://job.mynavi.jp/27/pc/search/corp221895/outline.html,2026-06-20
グローブシップ総合管理株式会社,1010001062434,,,,マイナビ検索ヒット無し,,,,,,,2026-06-20
株式会社ジェイック,1010001066022,,,,マイナビ検索ヒット無し,,,,,,,2026-06-20
株式会社第一ビルデイング,1010001065445,,,,マイナビ検索ヒット無し,,,,,,,2026-06-20
いちご株式会社,1010001068118,,,,マイナビ検索ヒット無し,,,,,,,2026-06-20
株式会社一六堂,1010001065395,,,,マイナビ検索ヒット無し,,,,,,,2026-06-20
株式会社パソナ,1010001067359,○,,,マイナビ掲載確認(担当者名は非公開),,,03-6734-1057,,2026,https://job.mynavi.jp/27/pc/search/corp39884/outline.html,2026-06-20
株式会社ＮＴＴドコモ,1010001067912,○,,,マイナビ掲載確認(担当者名は非公開),,,03-5156-1111,301,2026,https://job.mynavi.jp/27/pc/search/corp52405/outline.html,2026-06-20
株式会社イーブックイニシアティブジャパン（閉鎖）,1010001069108,,,,マイナビ検索ヒット無し,,,,,,,2026-06-20
株式会社ＩＤＯＭ,1010001069520,○,,,マイナビ掲載確認(担当者名は非公開),,,0120-348-081,,2026,https://job.mynavi.jp/27/pc/search/corp84924/outline.html,2026-06-20
株式会社プロシップ,1010001073852,,,,マイナビ検索ヒット無し,,,,,,,2026-06-20
株式会社フェローテック,1010001075980,,,,マイナビ検索ヒット無し,,,,,,,2026-06-20
商船三井テクノトレード株式会社,1010001074512,○,,,マイナビ掲載確認(担当者名は非公開),,moltech-pad@molgroup.com,03-6367-5300,1,2026,https://job.mynavi.jp/27/pc/search/corp82245/outline.html,2026-06-20
株式会社ＫＰＭＧ　ＦＡＳ,1010001075808,,,,マイナビ検索ヒット無し,,,,,,,2026-06-20
株式会社ＲＤサポート,1010001078018,,,,マイナビ検索ヒット無し,,,,,,,2026-06-20
株式会社アイ・ラーニング,1010001081896,,,,マイナビ検索ヒット無し,,,,,,,2026-06-20
フロンティアコンストラクション＆パートナーズ株式会社,1010001083026,○,,,マイナビ掲載確認(担当者名は非公開),,,03-6263-9080,,2026,https://job.mynavi.jp/27/pc/search/corp106215/outline.html,2026-06-20
レオス・キャピタルワークス株式会社,1010001082655,,,,マイナビ検索ヒット無し,,,,,,,2026-06-20
株式会社ライトワークス,1010001084197,,,,マイナビ検索ヒット無し,,,,,,,2026-06-20
株式会社トレードワークス,1010001085245,○,,,マイナビ掲載確認(担当者名は非公開),,,03-5468-9033,11,2026,https://job.mynavi.jp/27/pc/search/corp105940/outline.html,2026-06-20
ランスタッド株式会社,1010001084148,,,,マイナビ検索ヒット無し,,,,,,,2026-06-20
東洋炭素株式会社,1120001050238,○,,,マイナビ掲載確認,,,,,2026,https://job.mynavi.jp/27/pc/search/corp78199/outline.html,2026-06-20
日新興業株式会社,1120001057571,○,,,マイナビ掲載確認(担当者名は非公開),,,03-3256-1311,1,2026,https://job.mynavi.jp/27/pc/search/corp21871/outline.html,2026-06-20
株式会社公文教育研究会,1120001054949,○,,,マイナビ掲載確認(担当者名は非公開),公文教育研究会人事部,t-jinzai@kumon.co.jp,0120-372-100,26,2026,https://job.mynavi.jp/27/pc/search/corp1543/outline.html,2026-06-20
スミセイ情報システム株式会社,1120001056193,○,,,マイナビ掲載確認(担当者名は非公開),,,03-3348-6287,51,2026,https://job.mynavi.jp/27/pc/search/corp86065/outline.html,2026-06-20
日本インターシステムズ株式会社,1120001059320,,,,マイナビ検索ヒット無し,,,,,,,2026-06-20
エイチ・ツー・オーリテイリング株式会社,1120001059683,,,,マイナビ検索ヒット無し,,,,,,,2026-06-20
株式会社アイビックス関西,1120001059857,,,,マイナビ検索ヒット無し,,,,,,,2026-06-20
積水化学工業株式会社,1120001059650,○,,,マイナビ掲載確認,,,,,2026,https://job.mynavi.jp/27/pc/search/corp265/outline.html,2026-06-20
西日本旅客鉄道株式会社,1120001059675,○,,,マイナビ掲載確認(担当者名は非公開),,,0120-242-394,301,2026,https://job.mynavi.jp/27/pc/search/corp10/outline.html,2026-06-20
朝日建物管理株式会社,1120001060014,○,,,マイナビ掲載確認(担当者名は非公開),,,03-3549-1465,1,2026,https://job.mynavi.jp/27/pc/search/corp52897/outline.html,2026-06-20
株式会社パソナジョイナス,1120001062472,,,,マイナビ検索ヒット無し,,,,,,,2026-06-20
積水ハウス不動産株式会社,1120001062571,,,,マイナビ検索ヒット無し,,,,,,,2026-06-20
株式会社きんでん,1120001063033,○,,,マイナビ掲載確認(担当者名は非公開),株式会社きんでん人事部,saiyo@kinden.co.jp,06-6375-6019,101,2026,https://job.mynavi.jp/27/pc/search/corp146/outline.html,2026-06-20
大成機工株式会社,1120001066556,○,,,マイナビ掲載確認(担当者名は非公開),,,06-6344-7771,,2026,https://job.mynavi.jp/27/pc/search/corp80609/outline.html,2026-06-20
東洋紡エンジニアリング株式会社,1120001067827,,,,マイナビ検索ヒット無し,,,,,,,2026-06-20
株式会社ジェイエスエス,1120001064799,○,,,マイナビ掲載確認(担当者名は非公開),,soumu@jss-grp.co.jp,076-223-7361,,2026,https://job.mynavi.jp/27/pc/search/corp79213/outline.html,2026-06-20
阪神千代田株式会社,1120001069253,,,,マイナビ検索ヒット無し,,,,,,,2026-06-20
株式会社ＣＹＬＬＥＮＧＥ,1120001070120,○,,,マイナビ掲載確認(担当者名は非公開),,,03-5730-1400,,2026,https://job.mynavi.jp/27/pc/search/corp106464/outline.html,2026-06-20
株式会社魚国総本社,1120001074930,○,,,マイナビ掲載確認(担当者名は非公開),,,06-6478-5700,,2026,https://job.mynavi.jp/27/pc/search/corp205517/outline.html,2026-06-20
小泉産業株式会社,1120001077413,○,,,マイナビ掲載確認(担当者名は非公開),,,06-6262-1353,1,2026,https://job.mynavi.jp/27/pc/search/corp106357/outline.html,2026-06-20
井澤金属株式会社,1120001077347,○,,,マイナビ掲載確認(担当者名は非公開),総務部,,06-6262-1231,1,2026,https://job.mynavi.jp/27/pc/search/corp6841/outline.html,2026-06-20
株式会社関西アーバン銀行（閉鎖）,1120001076365,,,,マイナビ検索ヒット無し,,,,,,,2026-06-20
株式会社イムラ,1120001074740,○,,,マイナビ掲載確認(担当者名は非公開),,,0570-035-088,6,2026,https://job.mynavi.jp/27/pc/search/corp233580/outline.html,2026-06-20
株式会社リロエクセル,1120001075375,,,,マイナビ検索ヒット無し,,,,,,,2026-06-20
株式会社リヒトラブ,1120001077594,○,,,マイナビ掲載確認(担当者名は非公開),管理本部,jinji5osaka@lihit-lab.co.jp,06-6946-2555,6,2026,https://job.mynavi.jp/27/pc/search/corp59105/outline.html,2026-06-20
キンセイマテック株式会社,1120001078320,,,,マイナビ検索ヒット無し,,,,,,,2026-06-20
株式会社コノエ,1120001079491,○,,,マイナビ掲載確認(担当者名は非公開),総務課,,06-6746-1903,6,2026,https://job.mynavi.jp/27/pc/search/corp53771/outline.html,2026-06-20
株式会社コーユービジネス,1120001079599,○,,,マイナビ掲載確認(担当者名は非公開),,,06-6263-2411,,2026,https://job.mynavi.jp/27/pc/search/corp225538/outline.html,2026-06-20
シキボウリネン株式会社,1120001080945,,,,マイナビ検索ヒット無し,,,,,,,2026-06-20
株式会社出版文化社,1120001081431,○,,,マイナビ掲載確認(担当者名は非公開),本社サービス部人事課,,03-6822-9203,6,2026,https://job.mynavi.jp/27/pc/search/corp290196/outline.html,2026-06-20
イオンディライト株式会社,1120001081381,○,,,マイナビ掲載確認(担当者名は非公開),採用教育部,,0120-680-885,51,2026,https://job.mynavi.jp/27/pc/search/corp76738/outline.html,2026-06-20
清和肥料工業株式会社,1120001082578,,,,マイナビ検索ヒット無し,,,,,,,2026-06-20
株式会社サイネックス,1120001079723,○,,,マイナビ掲載確認(担当者名は非公開),,career@scinex.co.jp,06-6766-3339,46,2026,https://job.mynavi.jp/27/pc/search/corp65688/outline.html,2026-06-20
株式会社タクミナ,1120001083948,○,,,マイナビ掲載確認(担当者名は非公開),,,06-6208-3972,,2026,https://job.mynavi.jp/27/pc/search/corp60826/outline.html,2026-06-20
東邦レオ株式会社,1120001085408,,,,マイナビ検索ヒット無し,,,,,,,2026-06-20
株式会社パルグループホールディングス,1120001087503,,,,マイナビ検索ヒット無し,,,,,,,2026-06-20
株式会社バルニバービ,1120001087528,,,,マイナビ検索ヒット無し,,,,,,,2026-06-20
株式会社チクマ,1120001084293,○,,,マイナビ掲載確認(担当者名は非公開),,,06-6222-3321,,2026,https://job.mynavi.jp/27/pc/search/corp67396/outline.html,2026-06-20
株式会社日阪製作所,1120001087750,○,,,マイナビ掲載確認(担当者名は非公開),,recruit@hisaka.co.jp,06-6363-0006,6,2026,https://job.mynavi.jp/27/pc/search/corp71402/outline.html,2026-06-20
株式会社翻訳センター,1120001089458,,,,マイナビ検索ヒット無し,,,,,,,2026-06-20
パーソルエクセルＨＲパートナーズ株式会社,1120001089788,○,,,マイナビ掲載確認(担当者名は非公開),,,06-7166-8724,,2026,https://job.mynavi.jp/27/pc/search/corp232092/outline.html,2026-06-20
株式会社マンダム,1120001090234,○,,,マイナビ掲載確認(担当者名は非公開),,,06-6767-5001,,2026,https://job.mynavi.jp/27/pc/search/corp8087/outline.html,2026-06-20
ミズノスポーツサービス株式会社,1120001090341,,,,マイナビ検索ヒット無し,,,,,,,2026-06-20
株式会社三橋商会,1120001090515,,,,マイナビ検索ヒット無し,,,,,,,2026-06-20
株式会社ワークステーション,1120001092585,○,,,マイナビ掲載確認(担当者名は非公開),,wsjinji@workstation.co.jp,06-4391-8806,1,2026,https://job.mynavi.jp/27/pc/search/corp63844/outline.html,2026-06-20
株式会社フュートレック（閉鎖）,1120001095092,,,,マイナビ検索ヒット無し,,,,,,,2026-06-20
株式会社レタス,1120001092346,○,,,マイナビ掲載確認(担当者名は非公開),,,06-6221-3250,1,2026,https://job.mynavi.jp/27/pc/search/corp220753/outline.html,2026-06-20
株式会社ウィル・インターナショナル,1120001094367,,,,マイナビ検索ヒット無し,,,,,,,2026-06-20
大阪有機化学工業株式会社,1120001093014,○,,,マイナビ掲載確認(担当者名は非公開),,,06-6264-5071,,2026,https://job.mynavi.jp/27/pc/search/corp58074/outline.html,2026-06-20
株式会社タスクフォース,1120001098013,○,,,マイナビ掲載確認,,,,,2026,https://job.mynavi.jp/27/pc/search/corp262244/outline.html,2026-06-20
株式会社イオシス,1120001098434,,,,マイナビ検索ヒット無し,,,,,,,2026-06-20
株式会社イチネン,1120001097972,○,,,マイナビ掲載確認(担当者名は非公開),,,052-831-6502,,2026,https://job.mynavi.jp/27/pc/search/corp93783/outline.html,2026-06-20
株式会社中日総合サービス,1180001037956,,,,マイナビ検索ヒット無し,,,,,,,2026-06-20
ダイナパック株式会社,1180001037535,,,,マイナビ検索ヒット無し,,,,,,,2026-06-20
株式会社ＦＯＶＡテック,1180001038459,,,,マイナビ検索ヒット無し,,,,,,,2026-06-20
富士ビジネス・マシンズ株式会社,1180001040299,,,,マイナビ検索ヒット無し,,,,,,,2026-06-20
株式会社ティーファス,1180001038566,,,,マイナビ検索ヒット無し,,,,,,,2026-06-20
株式会社エースベーキング,1180001045182,,,,マイナビ検索ヒット無し,,,,,,,2026-06-20
株式会社宮崎,1180001045546,○,,,マイナビ掲載確認(担当者名は非公開),管理部,02-freshers-recruit@miyazaki-nw.or,0985-30-5050,1,2026,https://job.mynavi.jp/27/pc/search/corp227096/outline.html,2026-06-20
中央紙器工業株式会社,1180001045224,○,,,マイナビ掲載確認(担当者名は非公開),総務部,,052-400-2800,6,2026,https://job.mynavi.jp/27/pc/search/corp216755/outline.html,2026-06-20
株式会社ＯＪＴソリューションズ,1180001051222,,,,マイナビ検索ヒット無し,,,,,,,2026-06-20
株式会社アビリブ,1180001056163,○,,,マイナビ掲載確認(担当者名は非公開),,,052-262-8041,,2026,https://job.mynavi.jp/27/pc/search/corp274866/outline.html,2026-06-20
ＮＤＳインフォス株式会社,1180001056171,○,,,マイナビ掲載確認(担当者名は非公開),,,052-223-5255,11,2026,https://job.mynavi.jp/27/pc/search/corp73705/outline.html,2026-06-20
東建コーポレーション株式会社,1180001054828,○,,,マイナビ掲載確認(担当者名は非公開),,,052-232-8013,,2026,https://job.mynavi.jp/27/pc/search/corp54375/outline.html,2026-06-20
マスプロ電工株式会社,1180001067276,○,,,マイナビ掲載確認(担当者名は非公開),,,052-802-2222,,2026,https://job.mynavi.jp/27/pc/search/corp2223/outline.html,2026-06-20
笹徳印刷株式会社,1180001069322,○,,,マイナビ掲載確認(担当者名は非公開),,saiyou@sasatoku.co.jp,0562-98-3334,6,2026,https://job.mynavi.jp/27/pc/search/corp106319/outline.html,2026-06-20
株式会社コモ,1180001075799,○,,,マイナビ掲載確認(担当者名は非公開),,,0568-73-7050,6,2026,https://job.mynavi.jp/27/pc/search/corp200240/outline.html,2026-06-20
岩田食品株式会社,1180001082184,○,,,マイナビ掲載確認(担当者名は非公開),総務部,soumu1@iwatafoods.co.jp,0586-71-0321,6,2026,https://job.mynavi.jp/27/pc/search/corp55111/outline.html,2026-06-20
オークマ株式会社,1180001081319,○,,,マイナビ掲載確認(担当者名は非公開),,,0587-95-7819,51,2026,https://job.mynavi.jp/27/pc/search/corp52340/outline.html,2026-06-20
株式会社今仙電機製作所,1180001080700,○,,,マイナビ掲載確認(担当者名は非公開),,,0568-67-1211,,2026,https://job.mynavi.jp/27/pc/search/corp54842/outline.html,2026-06-20
東名通信工業株式会社,1180001086061,,,,マイナビ検索ヒット無し,,,,,,,2026-06-20
三共電機株式会社,1180001085856,,,,マイナビ検索ヒット無し,,,,,,,2026-06-20
ＮＫＫスイッチズ株式会社,1020001066839,○,,,マイナビ掲載確認(担当者名は非公開),,,044-813-8006,,2026,https://job.mynavi.jp/27/pc/search/corp61984/outline.html,2026-06-20
セントラル総業株式会社,1020001067993,,,,マイナビ検索ヒット無し,,,,,,,2026-06-20
東芝電材マーケティング株式会社,1020001063613,,,,マイナビ検索ヒット無し,,,,,,,2026-06-20
株式会社研空社,1020001064041,,,,マイナビ検索ヒット無し,,,,,,,2026-06-20
秋山商事株式会社,1020001071780,,,,マイナビ検索ヒット無し,,,,,,,2026-06-20
富士通株式会社,1020001071491,○,,,マイナビ掲載確認(担当者名は非公開),,,03-3216-3684,,2026,https://job.mynavi.jp/27/pc/search/corp84942/outline.html,2026-06-20
株式会社日本海洋科学,1020001077159,,,,マイナビ検索ヒット無し,,,,,,,2026-06-20
ＪＦＥ東日本ジーエス株式会社,1020001072119,,,,マイナビ検索ヒット無し,,,,,,,2026-06-20
株式会社秀光,1020001077472,○,,,マイナビ掲載確認(担当者名は非公開),,,044-543-5320,,2026,https://job.mynavi.jp/27/pc/search/corp54310/outline.html,2026-06-20
東芝電波プロダクツ株式会社,1020001081053,○,,,マイナビ掲載確認(担当者名は非公開),ロダクツ株式会社総務部,tept-saiyou@tept.toshiba.co.jp,044-548-5235,16,2026,https://job.mynavi.jp/27/pc/search/corp39823/outline.html,2026-06-20
株式会社ニッツウ警備保障,1020001086432,,,,マイナビ検索ヒット無し,,,,,,,2026-06-20
株式会社光洲産業,1020001077704,,,,マイナビ検索ヒット無し,,,,,,,2026-06-20
株式会社スマイルクルー,1020001094146,,,,マイナビ検索ヒット無し,,,,,,,2026-06-20
アイ・ティー・エックス株式会社,1020001108657,○,,,マイナビ掲載確認(担当者名は非公開),,,095-801-2411,11,2026,https://job.mynavi.jp/27/pc/search/corp211000/outline.html,2026-06-20
株式会社グッドライフ,1021001000589,○,,,マイナビ掲載確認(担当者名は非公開),,,03-6222-8563,51,2026,https://job.mynavi.jp/27/pc/search/corp250477/outline.html,2026-06-20
株式会社エイアンドティー,1021001002692,○,,,マイナビ掲載確認(担当者名は非公開),人材開発グループ,,045-440-5810,11,2026,https://job.mynavi.jp/27/pc/search/corp76986/outline.html,2026-06-20
株式会社クエリー,1021001019662,,,,マイナビ検索ヒット無し,,,,,,,2026-06-20
株式会社オービーエム管財,1021001032459,,,,マイナビ検索ヒット無し,,,,,,,2026-06-20
株式会社西原商会九州,1290001038480,,,,マイナビ検索ヒット無し,,,,,,,2026-06-20
株式会社スマイル企画,1290001045015,,,,マイナビ検索ヒット無し,,,,,,,2026-06-20
新生ビルメンテナンス株式会社,1290001048950,,,,マイナビ検索ヒット無し,,,,,,,2026-06-20
株式会社ＹＤＫテクノロジーズ,1021001022880,○,,,マイナビ掲載確認(担当者名は非公開),人財総務部,saiyo@ydktechs.co.jp,0463-84-8751,16,2026,https://job.mynavi.jp/27/pc/search/corp7575/outline.html,2026-06-20
株式会社筑水キャニコム,1290001055179,,,,マイナビ検索ヒット無し,,,,,,,2026-06-20
株式会社平川燃料,1290001054387,,,,マイナビ検索ヒット無し,,,,,,,2026-06-20
株式会社ＱＣＬ,1290001058636,○,,,マイナビ掲載確認(担当者名は非公開),,,092-474-0606,,2026,https://job.mynavi.jp/27/pc/search/corp286190/outline.html,2026-06-20
株式会社ザイマックス九州,1290001062968,,,,マイナビ検索ヒット無し,,,,,,,2026-06-20
ＡＴＵホールディングス株式会社,1290001060575,,,,マイナビ検索ヒット無し,,,,,,,2026-06-20
キャタピラー九州株式会社,1290001079293,○,,,マイナビ掲載確認(担当者名は非公開),本社業務部総務人事課,ck_recruit@catkyushu.jp,092-924-1221,11,2026,https://job.mynavi.jp/27/pc/search/corp75525/outline.html,2026-06-20
エイジス九州株式会社,1290001100091,,,,マイナビ検索ヒット無し,,,,,,,2026-06-20
株式会社九州ダイケン,1290001081183,,,,マイナビ検索ヒット無し,,,,,,,2026-06-20
株式会社アウルズ,1290801000094,,,,マイナビ検索ヒット無し,,,,,,,2026-06-20
福岡酸素株式会社,1290001049544,○,,,マイナビ掲載確認(担当者名は非公開),,,0942-33-0411,,2026,https://job.mynavi.jp/27/pc/search/corp83346/outline.html,2026-06-20
東洋警備保障株式会社,1290801002636,,,,マイナビ検索ヒット無し,,,,,,,2026-06-20
ＪＲ九州サービスサポート株式会社,1290801005366,,,,マイナビ検索ヒット無し,,,,,,,2026-06-20
ＴＯＴＯ株式会社,1290801002603,,,,マイナビ検索ヒット無し,,,,,,,2026-06-20
濱田重工株式会社,1290801003064,○,,,マイナビ掲載確認(担当者名は非公開),,,093-883-2879,11,2026,https://job.mynavi.jp/27/pc/search/corp68049/outline.html,2026-06-20
九州美装株式会社,1290801009128,,,,マイナビ検索ヒット無し,,,,,,,2026-06-20
安全警備株式会社,1290801009573,,,,マイナビ検索ヒット無し,,,,,,,2026-06-20
株式会社ヤマックス,1290801007338,○,,,マイナビ掲載確認(担当者名は非公開),,,092-937-5531,,2026,https://job.mynavi.jp/27/pc/search/corp200490/outline.html,2026-06-20
鉄鋼処理産業株式会社,1290801012296,,,,マイナビ検索ヒット無し,,,,,,,2026-06-20
株式会社アスモフードサービス東日本,1430001072317,○,,,マイナビ掲載確認(担当者名は非公開),,,03-3349-8551,,2026,https://job.mynavi.jp/27/pc/search/corp104819/outline.html,2026-06-20
函館環境衛生株式会社,1440001001621,,,,マイナビ検索ヒット無し,,,,,,,2026-06-20
株式会社コンピューター・ビジネス,1450001001133,○,,,マイナビ掲載確認(担当者名は非公開),,,0166-65-4511,1,2026,https://job.mynavi.jp/27/pc/search/corp214103/outline.html,2026-06-20
株式会社トーホーエンジニアリング,1430002034968,,,,マイナビ検索ヒット無し,,,,,,,2026-06-20
環境コンサルタント株式会社,1460001000241,○,武田,0.5,マイナビ掲載確認(担当者名は非公開) / メール推定(takeda→武田),,seiichiro_takeda@next-enviro.co.jp,0238-29-0025,1,2026,https://job.mynavi.jp/27/pc/search/corp240607/outline.html,2026-06-20
株式会社橋本川島コーポレーション,1450001002437,,,,マイナビ検索ヒット無し,,,,,,,2026-06-20
株式会社只石組,1450001002032,,,,マイナビ検索ヒット無し,,,,,,,2026-06-20
東洋株式会社,1460101001189,○,,,マイナビ掲載確認(担当者名は非公開),,,03-5521-2169,,2026,https://job.mynavi.jp/27/pc/search/corp73642/outline.html,2026-06-20
北海道道路保全株式会社,1460101001627,,,,マイナビ検索ヒット無し,,,,,,,2026-06-20
株式会社金田自動車,1450001003022,,,,マイナビ検索ヒット無し,,,,,,,2026-06-20
株式会社北土開発,1460101001569,,,,マイナビ検索ヒット無し,,,,,,,2026-06-20
桑原電装株式会社,1460301000346,,,,マイナビ検索ヒット無し,,,,,,,2026-06-20
株式会社三共後藤建設,1460301001253,○,,,マイナビ掲載確認(担当者名は非公開),総務部,sawai@sankyo-goto.co.jp,0152-73-3161,,2026,https://job.mynavi.jp/27/pc/search/corp236963/outline.html,2026-06-20
株式会社写真工芸社,1460301003167,,,,マイナビ検索ヒット無し,,,,,,,2026-06-20
株式会社エーティック,2430001002181,○,,,マイナビ掲載確認(担当者名は非公開),,,080-0170-4832,1,2026,https://job.mynavi.jp/27/pc/search/corp202313/outline.html,2026-06-20
株式会社エコニクス,2430001002289,,,,マイナビ検索ヒット無し,,,,,,,2026-06-20
共通Ｆロジ株式会社,2430001004673,,,,マイナビ検索ヒット無し,,,,,,,2026-06-20
地崎商事株式会社,2430001010424,,,,マイナビ検索ヒット無し,,,,,,,2026-06-20
株式会社日総,2430001012643,○,,,マイナビ掲載確認(担当者名は非公開),,,011-785-0015,,2026,https://job.mynavi.jp/27/pc/search/corp217803/outline.html,2026-06-20
株式会社電通北海道,2430001010952,○,,,マイナビ掲載確認(担当者名は非公開),電通北海道経営管理局総務人事部,saiyo-hokkaido@dhj.dentsu.co.jp,011-214-5007,1,2026,https://job.mynavi.jp/27/pc/search/corp71613/outline.html,2026-06-20
株式会社シビテック,2430001007651,○,,,マイナビ掲載確認(担当者名は非公開),,,011-816-3001,1,2026,https://job.mynavi.jp/27/pc/search/corp283446/outline.html,2026-06-20
札建工業株式会社,2430001006736,○,,,マイナビ掲載確認(担当者名は非公開),経営管理本部,,011-737-2210,,2026,https://job.mynavi.jp/27/pc/search/corp214101/outline.html,2026-06-20
株式会社ベルックス,2430001014425,,,,マイナビ検索ヒット無し,,,,,,,2026-06-20
株式会社ムトウ,2430001016743,○,,,マイナビ掲載確認(担当者名は非公開),株式会社ムトウ管理部,makoto_m@mutounet.com,092-851-0111,6,2026,https://job.mynavi.jp/27/pc/search/corp246232/outline.html,2026-06-20
ライラック興業株式会社,2430001018120,,,,マイナビ検索ヒット無し,,,,,,,2026-06-20
株式会社札幌映像プロダクシヨン,2430001019622,,,,マイナビ検索ヒット無し,,,,,,,2026-06-20
株式会社サンコー,2430001019011,○,西川,0.5,マイナビ掲載確認(担当者名は非公開) / メール推定(nishikawa→西川),,nishikawa@sancoh-web.co.jp,076-424-3050,1,2026,https://job.mynavi.jp/27/pc/search/corp204809/outline.html,2026-06-20
札幌トヨタ自動車株式会社,2430001020191,○,,,マイナビ掲載確認(担当者名は非公開),,,011-231-3111,,2026,https://job.mynavi.jp/27/pc/search/corp62448/outline.html,2026-06-20
三井不動産リアルティ札幌株式会社,2430001020480,○,,,マイナビ掲載確認(担当者名は非公開),,,011-231-6845,,2026,https://job.mynavi.jp/27/pc/search/corp94760/outline.html,2026-06-20
株式会社日本旅行北海道,2430001021116,○,,,マイナビ掲載確認(担当者名は非公開),,recruit_hkd@nta.co.jp,011-208-0150,,2026,https://job.mynavi.jp/27/pc/search/corp103853/outline.html,2026-06-20
札幌日信電子株式会社,2430001020233,,,,マイナビ検索ヒット無し,,,,,,,2026-06-20
エア・ウォーター産業・医療ガス株式会社,2430001022196,,,,マイナビ検索ヒット無し,,,,,,,2026-06-20
丸彦渡辺建設株式会社,2430001023599,○,,,マイナビ掲載確認(担当者名は非公開),人事部,jinji@maruhiko.co.jp,011-842-9583,11,2026,https://job.mynavi.jp/27/pc/search/corp203949/outline.html,2026-06-20
ネクスト・ワン株式会社,1140001043264,○,,,マイナビ掲載確認(担当者名は非公開),管理部,saiyo2026@next-1.jp,079-421-1111,6,2026,https://job.mynavi.jp/27/pc/search/corp64792/outline.html,2026-06-20
株式会社ＭＣエバテック,1140001048230,,,,マイナビ検索ヒット無し,,,,,,,2026-06-20
日本スピンドル製造株式会社,1140001050327,○,,,マイナビ掲載確認(担当者名は非公開),本スピンドル製造採用グループ,,06-6499-5551,,2026,https://job.mynavi.jp/27/pc/search/corp3989/outline.html,2026-06-20
日本電子材料株式会社,1140001050335,○,,,マイナビ掲載確認(担当者名は非公開),,,06-6482-2007,3,2026,https://job.mynavi.jp/27/pc/search/corp77624/outline.html,2026-06-20
株式会社日興商会,1140001050558,,,,マイナビ検索ヒット無し,,,,,,,2026-06-20
日本山村硝子株式会社,1140001054947,○,,,マイナビ掲載確認(担当者名は非公開),,,06-4300-6000,,2026,https://job.mynavi.jp/27/pc/search/corp88998/outline.html,2026-06-20
永井産業株式会社,1140001060318,,,,マイナビ検索ヒット無し,,,,,,,2026-06-20
ハリマ共和物産株式会社,1140001060846,○,,,マイナビ掲載確認(担当者名は非公開),,soumu@harimakb.co.jp,079-253-5217,11,2026,https://job.mynavi.jp/27/pc/search/corp20301/outline.html,2026-06-20
株式会社システムリサーチ,1140001056258,○,,,マイナビ掲載確認(担当者名は非公開),,recruit@sr-co.co.jp,0796-42-4435,1,2026,https://job.mynavi.jp/27/pc/search/corp208797/outline.html,2026-06-20
株式会社ワンステップ,1140001062280,○,,,マイナビ掲載確認(担当者名は非公開),,adpt@onestepworkshop.co.jp,03-5408-8551,1,2026,https://job.mynavi.jp/27/pc/search/corp240233/outline.html,2026-06-20
ヤマトスチール株式会社,1140001063741,,,,マイナビ検索ヒット無し,,,,,,,2026-06-20
新明和ソフトテクノロジ株式会社,1140001069045,○,,,マイナビ掲載確認(担当者名は非公開),,,0798-51-5922,,2026,https://job.mynavi.jp/27/pc/search/corp216928/outline.html,2026-06-20
株式会社ジオテクノ関西,1140001068971,,,,マイナビ検索ヒット無し,,,,,,,2026-06-20
阪神園芸株式会社,1140001070003,○,,,マイナビ掲載確認(担当者名は非公開),総務部,saiyo@hanshinengei.co.jp,0798-47-3538,6,2026,https://job.mynavi.jp/27/pc/search/corp221545/outline.html,2026-06-20
株式会社ＮＥＯ　ＤＡＩＳＥＩ,1140001077898,,,,マイナビ検索ヒット無し,,,,,,,2026-06-20
株式会社ハイレックスコーポレーション,1140001081875,,,,マイナビ検索ヒット無し,,,,,,,2026-06-20
西菱電機株式会社,1140001078509,,,,timeout,,,,,,,2026-06-20
ヤンマー舶用システム株式会社,1140001083756,,,,マイナビ検索ヒット無し,,,,,,,2026-06-20
トレスエンジニアリング株式会社,2100001015489,,,,マイナビ検索ヒット無し,,,,,,,2026-06-20
株式会社山本清掃,2130001011948,,,,マイナビ検索ヒット無し,,,,,,,2026-06-20
ＳＧシステム株式会社,2130001010677,○,,,マイナビ掲載確認(担当者名は非公開),,,03-5653-2732,,2026,https://job.mynavi.jp/27/pc/search/corp88148/outline.html,2026-06-20
日本新薬株式会社,2130001012236,○,,,マイナビ掲載確認(担当者名は非公開),,,075-321-1111,31,2026,https://job.mynavi.jp/27/pc/search/corp976/outline.html,2026-06-20
株式会社白鳩,2130001014736,,,,マイナビ検索ヒット無し,,,,,,,2026-06-20
株式会社ジェイ・エス・ビー,2130001017499,○,,,マイナビ掲載確認(担当者名は非公開),,,075-341-2728,,2026,https://job.mynavi.jp/27/pc/search/corp91412/outline.html,2026-06-20
株式会社地域計画建築研究所,2130001018043,,,,マイナビ検索ヒット無し,,,,,,,2026-06-20
株式会社演算工房,2130001020098,,,,timeout,,,,,,,2026-06-20
株式会社サンコンタクトレンズ,2130001020932,○,,,マイナビ掲載確認(担当者名は非公開),,,075-315-3050,,2026,https://job.mynavi.jp/27/pc/search/corp109378/outline.html,2026-06-20
ニチコン株式会社,2130001022029,○,,,マイナビ掲載確認(担当者名は非公開),,,075-231-8461,,2026,https://job.mynavi.jp/27/pc/search/corp1054/outline.html,2026-06-20
ワールドビジネスセンター株式会社,2130001012070,○,,,マイナビ掲載確認(担当者名は非公開),,,075-662-1200,,2026,https://job.mynavi.jp/27/pc/search/corp68892/outline.html,2026-06-20
株式会社トーセ,2130001030304,○,,,マイナビ掲載確認(担当者名は非公開),,,042-645-1911,6,2026,https://job.mynavi.jp/27/pc/search/corp205939/outline.html,2026-06-20
株式会社日新システムズ,2130001018398,○,,,マイナビ掲載確認(担当者名は非公開),総務部,,075-344-7880,6,2026,https://job.mynavi.jp/27/pc/search/corp81271/outline.html,2026-06-20
京都電子計算株式会社,2130001023349,○,,,マイナビ掲載確認(担当者名は非公開),京都電子計算管理部,saiyou@kip.co.jp,075-241-5568,11,2026,https://job.mynavi.jp/27/pc/search/corp65978/outline.html,2026-06-20
サイレックス・テクノロジー株式会社,2130001037373,,,,マイナビ検索ヒット無し,,,,,,,2026-06-20
信和商事株式会社,2130001038082,,,,マイナビ検索ヒット無し,,,,,,,2026-06-20
株式会社丹新ビルサービス,2130001041160,,,,マイナビ検索ヒット無し,,,,,,,2026-06-20
株式会社ニチダイ,2130001038818,,,,マイナビ検索ヒット無し,,,,,,,2026-06-20
株式会社関東甲信クボタ,1030001072877,○,,,マイナビ掲載確認(担当者名は非公開),総務部,,048-767-3521,11,2026,https://job.mynavi.jp/27/pc/search/corp204020/outline.html,2026-06-20
日東精工株式会社,2130001041813,○,,,マイナビ掲載確認(担当者名は非公開),,,0773-42-3111,11,2026,https://job.mynavi.jp/27/pc/search/corp55981/outline.html,2026-06-20
株式会社京滋マツダ,2130001024529,○,,,マイナビ掲載確認(担当者名は非公開),,,075-314-3751,,2026,https://job.mynavi.jp/27/pc/search/corp79401/outline.html,2026-06-20
株式会社バッファロー,1030001076804,○,,,マイナビ掲載確認(担当者名は非公開),バッファロー総務部,,050-5830-8866,36,2026,https://job.mynavi.jp/27/pc/search/corp73914/outline.html,2026-06-20
株式会社前澤エンジニアリングサービス,1030001082736,,,,マイナビ検索ヒット無し,,,,,,,2026-06-20
東日本メディコム株式会社,1030001087058,○,,,マイナビ掲載確認(担当者名は非公開),,,048-550-3323,6,2026,https://job.mynavi.jp/27/pc/search/corp216162/outline.html,2026-06-20
株式会社エイリイ・エンジニアリング,1030001089962,○,,,マイナビ掲載確認(担当者名は非公開),,,042-983-1701,,2026,https://job.mynavi.jp/27/pc/search/corp257394/outline.html,2026-06-20
株式会社グラファイトデザイン,1030001090714,,,,マイナビ検索ヒット無し,,,,,,,2026-06-20
関東建設マネジメント株式会社,1030001098427,○,,,マイナビ掲載確認(担当者名は非公開),,shinsotsu-recruit@kcm2013.co.jp,048-638-0778,1,2026,https://job.mynavi.jp/27/pc/search/corp244637/outline.html,2026-06-20
朝日アグリア株式会社,1030001135964,,,,マイナビ検索ヒット無し,,,,,,,2026-06-20
株式会社ＤＮＰデータテクノ,1050001028118,,,,マイナビ検索ヒット無し,,,,,,,2026-06-20
朝日工業株式会社,2013301000418,○,,,マイナビ掲載確認(担当者名は非公開),,,0564-51-3655,1,2026,https://job.mynavi.jp/27/pc/search/corp233593/outline.html,2026-06-20
株式会社テクアノーツ,1120901030611,○,,,マイナビ掲載確認(担当者名は非公開),テクアノーツ人事部,recruit@tequanauts.co.jp,048-424-2800,5,2026,https://job.mynavi.jp/27/pc/search/corp277297/outline.html,2026-06-20
ＡＧＳ株式会社,2030001000011,○,,,マイナビ掲載確認(担当者名は非公開),株式会社人事部,agssaiyo.ml@ags.co.jp,048-825-6003,41,2026,https://job.mynavi.jp/27/pc/search/corp80326/outline.html,2026-06-20
株式会社イマギイレ,2030001000820,○,,,マイナビ掲載確認(担当者名は非公開),,,048-625-9911,,2026,https://job.mynavi.jp/27/pc/search/corp84151/outline.html,2026-06-20
株式会社スズキ自販埼玉,2030001004499,○,青木,0.4,マイナビ掲載確認(担当者名は非公開) / メール推定(aoki→青木),,naoki.nagata@j-saitama.sdr.suzu,080-7616-5774,16,2026,https://job.mynavi.jp/27/pc/search/corp204954/outline.html,2026-06-20
日本環境クリアー株式会社,2030001006446,○,,,マイナビ掲載確認(担当者名は非公開),,,048-658-0111,1,2026,https://job.mynavi.jp/27/pc/search/corp86259/outline.html,2026-06-20
ビソー工業株式会社,2030001007106,,,,マイナビ検索ヒット無し,,,,,,,2026-06-20
株式会社サイオー,2030001012551,,,,マイナビ検索ヒット無し,,,,,,,2026-06-20
富士共同物流株式会社,2030001010670,,,,マイナビ検索ヒット無し,,,,,,,2026-06-20
株式会社ツツミ,2030001021115,○,,,マイナビ掲載確認(担当者名は非公開),人事部,saiyou-1@tsutsumi.co.jp,048-431-6691,51,2026,https://job.mynavi.jp/27/pc/search/corp57452/outline.html,2026-06-20
株式会社ビクセン,2030001024877,,,,マイナビ検索ヒット無し,,,,,,,2026-06-20
株式会社ピックルスコーポレーション,2030001024893,○,,,マイナビ掲載確認(担当者名は非公開),,,04-2925-7700,,2026,https://job.mynavi.jp/27/pc/search/corp62386/outline.html,2026-06-20
マザーサンヤチヨ・オートモーティブシステムズ株式会社,2030001026675,○,,,マイナビ掲載確認(担当者名は非公開),,,04-2955-1264,,2026,https://job.mynavi.jp/27/pc/search/corp75854/outline.html,2026-06-20
株式会社奥井組,2030001026824,,,,マイナビ検索ヒット無し,,,,,,,2026-06-20
大成ラミックグループ株式会社,2030001031015,,,,マイナビ検索ヒット無し,,,,,,,2026-06-20
株式会社鴨川グランドホテル（閉鎖）,1040001074815,,,,マイナビ検索ヒット無し,,,,,,,2026-06-20
東日本イワタニガス株式会社,2010401057116,○,,,マイナビ掲載確認(担当者名は非公開),,,047-704-3040,3,2026,https://job.mynavi.jp/27/pc/search/corp268610/outline.html,2026-06-20
ＪＦＥ環境テクノロジー株式会社,2010001144314,○,,,マイナビ掲載確認(担当者名は非公開),,,043-351-9160,,2026,https://job.mynavi.jp/27/pc/search/corp277273/outline.html,2026-06-20
株式会社ミック,2011101020553,○,,,マイナビ掲載確認(担当者名は非公開),,,04-7130-9003,,2026,https://job.mynavi.jp/27/pc/search/corp291122/outline.html,2026-06-20
株式会社エイド,2040001000836,,,,マイナビ検索ヒット無し,,,,,,,2026-06-20
イオンリテール株式会社,2040001000456,○,,,マイナビ掲載確認(担当者名は非公開),ンスマイル事業部人事総務グループ,saiyo_aeonsmile@aeonpeople.biz,043-212-6591,6,2026,https://job.mynavi.jp/27/pc/search/corp276143/outline.html,2026-06-20
株式会社千葉銀行,2040001000019,,,,マイナビ検索ヒット無し,,,,,,,2026-06-20
新日本建設株式会社,2040001003186,○,,,マイナビ掲載確認(担当者名は非公開),,,043-213-1111,,2026,https://job.mynavi.jp/27/pc/search/corp54735/outline.html,2026-06-20
協和ビル管理株式会社,2040001001784,,,,マイナビ検索ヒット無し,,,,,,,2026-06-20
イオンコンパス株式会社,2040001008549,○,,,マイナビ掲載確認(担当者名は非公開),,ac-saiyokyoiku@aeonpeople.biz,043-297-4300,11,2026,https://job.mynavi.jp/27/pc/search/corp86374/outline.html,2026-06-20
株式会社京葉ビル管理,2040001019257,,,,マイナビ検索ヒット無し,,,,,,,2026-06-20
株式会社市進ホールディングス,2040001025619,,,,マイナビ検索ヒット無し,,,,,,,2026-06-20
株式会社加藤新聞舗,2040001025932,,,,マイナビ検索ヒット無し,,,,,,,2026-06-20
株式会社サンリツ,2040001020768,○,堀,0.5,マイナビ掲載確認(担当者名は非公開) / メール推定(hori→堀),,t-hori@san-g.com,047-487-2882,16,2026,https://job.mynavi.jp/27/pc/search/corp75545/outline.html,2026-06-20
株式会社一家ダイニングプロジェクト,2040001027978,○,,,マイナビ掲載確認(担当者名は非公開),,ikka-saiyo@ikkadining.co.jp,047-711-0332,51,2026,https://job.mynavi.jp/27/pc/search/corp77138/outline.html,2026-06-20
株式会社マツキヨココカラ＆カンパニー,2040001040238,,,,マイナビ検索ヒット無し,,,,,,,2026-06-20
マブチモーター株式会社,2040001036954,○,,,マイナビ掲載確認(担当者名は非公開),,,047-710-1111,6,2026,https://job.mynavi.jp/27/pc/search/corp3091/outline.html,2026-06-20
サンコーテクノ株式会社,2040001040188,,,,マイナビ検索ヒット無し,,,,,,,2026-06-20
岩渕薬品株式会社,2040001046615,○,,,マイナビ掲載確認(担当者名は非公開),総務部,kyujin@iwabuchi-net.co.jp,043-236-7707,6,2026,https://job.mynavi.jp/27/pc/search/corp69478/outline.html,2026-06-20
ダイハツ東京販売株式会社,1010001086185,○,,,マイナビ掲載確認(担当者名は非公開),,,03-3531-8031,,2026,https://job.mynavi.jp/27/pc/search/corp112148/outline.html,2026-06-20
加賀ソルネット株式会社,1010001087332,,,,マイナビ検索ヒット無し,,,,,,,2026-06-20
千葉ビル・メンテナンス株式会社,2040001054287,,,,マイナビ検索ヒット無し,,,,,,,2026-06-20
サミットエナジー株式会社,1010001087737,,,,マイナビ検索ヒット無し,,,,,,,2026-06-20
テプコ・ソリューション・アドバンス株式会社,1010001086672,○,,,マイナビ掲載確認,業務統括部労務人事グループ,tsasaiyou@tepco-sa.co,,26,2026,https://job.mynavi.jp/27/pc/search/corp249116/outline.html,2026-06-20
株式会社プレステージ・インターナショナル,1010001089262,○,,,マイナビ掲載確認(担当者名は非公開),,,0234-41-0969,,2026,https://job.mynavi.jp/27/pc/search/corp245673/outline.html,2026-06-20
田辺薬局株式会社,1010001090468,○,,,マイナビ掲載確認(担当者名は非公開),,,03-5565-7840,,2026,https://job.mynavi.jp/27/pc/search/corp73356/outline.html,2026-06-20
株式会社セブン－イレブン・ジャパン,1010001088181,○,,,マイナビ掲載確認(担当者名は非公開),,,03-6238-3711,101,2026,https://job.mynavi.jp/27/pc/search/corp1269/outline.html,2026-06-20
古河産機システムズ株式会社,1010001087927,,,,マイナビ検索ヒット無し,,,,,,,2026-06-20
セントラルコンサルタント株式会社,1010001088264,○,,,マイナビ掲載確認(担当者名は非公開),コーポレート本部総務人事部,,03-3532-8031,11,2026,https://job.mynavi.jp/27/pc/search/corp221587/outline.html,2026-06-20
ＥＮＥＯＳグローブ株式会社,1010001090889,○,,,マイナビ掲載確認(担当者名は非公開),,saiyoh@eneos-globe.co.jp,03-5253-9150,11,2026,https://job.mynavi.jp/27/pc/search/corp56515/outline.html,2026-06-20
アイティメディア株式会社,1010001092299,,,,マイナビ検索ヒット無し,,,,,,,2026-06-20
株式会社三友システムアプレイザル,1010001094048,,,,マイナビ検索ヒット無し,,,,,,,2026-06-20
ヤマト運輸株式会社,1010001092605,○,,,マイナビ掲載確認(担当者名は非公開),,,03-3541-3411,,2026,https://job.mynavi.jp/27/pc/search/corp84067/outline.html,2026-06-20
グローウィン・パートナーズ株式会社,1010001094857,,,,マイナビ検索ヒット無し,,,,,,,2026-06-20
第一三共株式会社,1010001095640,○,,,マイナビ掲載確認(担当者名は非公開),,,03-6225-1111,,2026,https://job.mynavi.jp/27/pc/search/corp220/outline.html,2026-06-20
株式会社セブン＆アイ・ホールディングス,1010001095203,,,,マイナビ検索ヒット無し,,,,,,,2026-06-20
スローガン株式会社,1010001096077,,,,マイナビ検索ヒット無し,,,,,,,2026-06-20
株式会社ケンツー,1010001098247,○,,,マイナビ掲載確認(担当者名は非公開),,newgrads@ken2eng.com,03-6823-6910,11,2026,https://job.mynavi.jp/27/pc/search/corp102114/outline.html,2026-06-20
日鉄物流株式会社,1010001098619,○,,,マイナビ掲載確認(担当者名は非公開),,recruit@log.nip,03-3241-6475,26,2026,https://job.mynavi.jp/27/pc/search/corp212081/outline.html,2026-06-20
アウトルックコンサルティング株式会社,1010001098759,○,,,マイナビ掲載確認(担当者名は非公開),,recruit@outlook.co.jp,03-6434-5670,1,2026,https://job.mynavi.jp/27/pc/search/corp290748/outline.html,2026-06-20
株式会社ぎょうせい,1010001100425,,,,timeout,,,,,,,2026-06-20
株式会社バリューデザイン,1010001101786,,,,マイナビ検索ヒット無し,,,,,,,2026-06-20
株式会社クロスパワー,1010001103634,,,,マイナビ検索ヒット無し,,,,,,,2026-06-20
株式会社クリーク・アンド・リバー社,1010001101101,○,,,マイナビ掲載確認(担当者名は非公開),,saiyo-shinsotsu.dg@hq.cri.co.jp,03-4550-0011,26,2026,https://job.mynavi.jp/27/pc/search/corp272074/outline.html,2026-06-20
日本リック株式会社,1010001101679,,,,timeout,,,,,,,2026-06-20
Ｘｓｐｅａｒ　Ｃｏｎｓｕｌｔｉｎｇ株式会社,1010001103304,,,,マイナビ検索ヒット無し,,,,,,,2026-06-20
サインポスト株式会社,1010001107305,,,,マイナビ検索ヒット無し,,,,,,,2026-06-20
株式会社トライ・アットリソース,1010001107536,,,,マイナビ検索ヒット無し,,,,,,,2026-06-20
株式会社セントラルユニ,1010001103857,○,,,マイナビ掲載確認(担当者名は非公開),,,03-3556-1331,6,2026,https://job.mynavi.jp/27/pc/search/corp65930/outline.html,2026-06-20
株式会社クマヒラ,1010001108872,○,,,マイナビ掲載確認(担当者名は非公開),,,03-3270-4381,,2026,https://job.mynavi.jp/27/pc/search/corp7604/outline.html,2026-06-20
株式会社アミファ,1010001110663,,,,timeout,,,,,,,2026-06-20
リコージャパン株式会社,1010001110829,○,,,マイナビ掲載確認(担当者名は非公開),,,050-3534-0767,,2026,https://job.mynavi.jp/27/pc/search/corp2160/outline.html,2026-06-20
株式会社アミット,1010001112214,,,,timeout,,,,,,,2026-06-20
株式会社昭和メディカルサイエンス,1010001112338,,,,timeout,,,,,,,2026-06-20
ＳＭＦＬレンタル株式会社,1010001114136,,,,timeout,,,,,,,2026-06-20
日本郵便株式会社,1010001112577,○,,,マイナビ掲載確認,,jp-saiyo2027@disc.co.jp,,301,2026,https://job.mynavi.jp/27/pc/search/corp77821/outline.html,2026-06-20
株式会社チームスピリット,1010001116826,○,,,マイナビ掲載確認(担当者名は非公開),,,03-4577-7510,,2026,https://job.mynavi.jp/27/pc/search/corp264732/outline.html,2026-06-20
タイムズサービス株式会社,1010001115423,,,,timeout,,,,,,,2026-06-20
三機テクノサポート株式会社,1010001116842,○,,,マイナビ掲載確認(担当者名は非公開),,,03-6367-7640,2,2026,https://job.mynavi.jp/27/pc/search/corp87120/outline.html,2026-06-20
リックソフト株式会社,1010001124218,,,,マイナビ検索ヒット無し,,,,,,,2026-06-20
オフィスコム株式会社,1010001125570,,,,マイナビ検索ヒット無し,,,,,,,2026-06-20
フロンティア・マネジメント株式会社,1010001121867,,,,マイナビ検索ヒット無し,,,,,,,2026-06-20
サンライズ・エンジニアリング株式会社,1010001123335,○,,,マイナビ掲載確認(担当者名は非公開),総務部,soumubu@sec-sunrise.com,04-7181-8222,16,2026,https://job.mynavi.jp/27/pc/search/corp74959/outline.html,2026-06-20
商船三井興産株式会社,1010001126189,,,,マイナビ検索ヒット無し,,,,,,,2026-06-20
日本アイ・ビー・エム株式会社,1010001128061,○,,,マイナビ掲載確認(担当者名は非公開),,,03-6667-1111,,2026,https://job.mynavi.jp/27/pc/search/corp38/outline.html,2026-06-20
ソフトブレーン株式会社（閉鎖）,1010001132006,,,,マイナビ検索ヒット無し,,,,,,,2026-06-20
ＪＣＯＭ株式会社,1010001132055,,,,timeout,,,,,,,2026-06-20
株式会社エー・エム・サポート,1010001133763,,,,マイナビ検索ヒット無し,,,,,,,2026-06-20
株式会社コンステック,1120001108515,,,,マイナビ検索ヒット無し,,,,,,,2026-06-20
バルテス・ホールディングス株式会社,1120001107293,,,,マイナビ検索ヒット無し,,,,,,,2026-06-20
株式会社ＧＳＰ,1120001107450,,,,マイナビ検索ヒット無し,,,,,,,2026-06-20
パナソニックデジタル株式会社,1120001110280,○,,,マイナビ掲載確認(担当者名は非公開),人事総務部,pisc_saiyo@ml.jp.panasonic.com,06-6906-2801,51,2026,https://job.mynavi.jp/27/pc/search/corp88038/outline.html,2026-06-20
ＭＲＫホールディングス株式会社,1120001120362,,,,マイナビ検索ヒット無し,,,,,,,2026-06-20
株式会社キングプリンターズ,1120001122177,,,,マイナビ検索ヒット無し,,,,,,,2026-06-20
株式会社カスタマーリレーションテレマーケティング,1120001123274,,,,timeout,,,,,,,2026-06-20
株式会社イーエフユーアドウィス,1120001129651,○,,,マイナビ掲載確認(担当者名は非公開),,,06-4708-7447,9,2026,https://job.mynavi.jp/27/pc/search/corp243636/outline.html,2026-06-20
株式会社トライトエンジニアリング,1120001131178,,,,timeout,,,,,,,2026-06-20
ダイキンＭＲエンジニアリング株式会社,1120001133315,,,,マイナビ検索ヒット無し,,,,,,,2026-06-20
株式会社アクティブゲーミングメディア,1120001139972,,,,マイナビ検索ヒット無し,,,,,,,2026-06-20
株式会社アド近鉄,1120001143421,,,,timeout,,,,,,,2026-06-20
株式会社エクセディ,1120001147463,,,,timeout,,,,,,,2026-06-20
エクスポート・ジャパン株式会社,1120001129008,,,,マイナビ検索ヒット無し,,,,,,,2026-06-20
株式会社ｅＷｅＬＬ,1120001171257,,,,マイナビ検索ヒット無し,,,,,,,2026-06-20
株式会社プロディライト,1120001146779,,,,マイナビ検索ヒット無し,,,,,,,2026-06-20
株式会社サンユウ,1120001149666,,,,timeout,,,,,,,2026-06-20
奥村機械株式会社,1120001155391,,,,timeout,,,,,,,2026-06-20
株式会社Ｄｅｆ　ｔｒｉｂｅ,1120001176149,,,,timeout,,,,,,,2026-06-20
株式会社ＳｃｅｎｅＬｉｖｅ,1120001163130,○,,,マイナビ掲載確認(担当者名は非公開),,,06-7177-0220,,2026,https://job.mynavi.jp/27/pc/search/corp212157/outline.html,2026-06-20
株式会社ディスカバリー,1120001194092,,,,マイナビ検索ヒット無し,,,,,,,2026-06-20
八翔ビル管理株式会社,1120001220674,,,,マイナビ検索ヒット無し,,,,,,,2026-06-20
瀧上工業株式会社,1180001089667,○,,,マイナビ掲載確認(担当者名は非公開),,,0569-89-2101,11,2026,https://job.mynavi.jp/27/pc/search/corp205475/outline.html,2026-06-20
愛三工業株式会社,1180001092357,○,,,マイナビ掲載確認(担当者名は非公開),,,0562-47-1131,,2026,https://job.mynavi.jp/27/pc/search/corp518/outline.html,2026-06-20
株式会社アペックス,1180001092373,○,,,マイナビ掲載確認(担当者名は非公開),,,03-3234-6501,7,2026,https://job.mynavi.jp/27/pc/search/corp282773/outline.html,2026-06-20
大和機工株式会社,1180001092588,○,,,マイナビ掲載確認(担当者名は非公開),,,0562-47-2161,,2026,https://job.mynavi.jp/27/pc/search/corp105173/outline.html,2026-06-20
ＣＳ警備保障株式会社,1180001101786,,,,マイナビ検索ヒット無し,,,,,,,2026-06-20
株式会社はな保育,1180001106348,,,,マイナビ検索ヒット無し,,,,,,,2026-06-20
株式会社スリール,1180001105639,○,佐藤,0.5,マイナビ掲載確認(担当者名は非公開) / メール推定(sato→佐藤),,f-sato@sourire.co.jp,052-228-8895,6,2026,https://job.mynavi.jp/27/pc/search/corp240897/outline.html,2026-06-20
名南Ｍ＆Ａ株式会社,1180001116041,,,,マイナビ検索ヒット無し,,,,,,,2026-06-20
名鉄交通第四株式会社,1180001120646,,,,マイナビ検索ヒット無し,,,,,,,2026-06-20
株式会社セントレック,1180001116025,,,,マイナビ検索ヒット無し,,,,,,,2026-06-20
中部電力パワーグリッド株式会社,1180001135974,○,,,マイナビ掲載確認(担当者名は非公開),ントサービス本部人事部,,0120-769-585,101,2026,https://job.mynavi.jp/27/pc/search/corp39/outline.html,2026-06-20
株式会社中日ＫＵＢＡＲＵ,1180001151583,,,,マイナビ検索ヒット無し,,,,,,,2026-06-20
株式会社あいちフィナンシャルグループ,1180001153290,,,,マイナビ検索ヒット無し,,,,,,,2026-06-20
株式会社イエローハット,1010001126172,○,,,マイナビ掲載確認(担当者名は非公開),人事総務部,jinji@yellowhat.co.jp,0120-937-106,16,2026,https://job.mynavi.jp/27/pc/search/corp285914/outline.html,2026-06-20
ＮＤＳキャリア株式会社,1180001141832,,,,マイナビ検索ヒット無し,,,,,,,2026-06-20
竹田印刷株式会社,1180001150742,○,,,マイナビ掲載確認(担当者名は非公開),,saiyo2027@takeda-prn.co.jp,052-871-6351,,2026,https://job.mynavi.jp/27/pc/search/corp58219/outline.html,2026-06-20
ヒューマンズ・ネット株式会社,1021001033060,○,,,マイナビ掲載確認(担当者名は非公開),,,0465-24-7500,16,2026,https://job.mynavi.jp/27/pc/search/corp73556/outline.html,2026-06-20
富士ソフト株式会社,2010001246985,○,,,マイナビ掲載確認(担当者名は非公開),,rjinzai@fsi.co.jp,0120-009-969,301,2026,https://job.mynavi.jp/27/pc/search/corp61526/outline.html,2026-06-20
株式会社メイテックグループホールディングス,1180001027412,,,,マイナビ検索ヒット無し,,,,,,,2026-06-20
株式会社東芝,2010401044997,○,,,マイナビ掲載確認(担当者名は非公開),管理グループ,tpsc-spc-saiyo@toshiba-tpsc.co.jp,045-769-1410,1,2026,https://job.mynavi.jp/27/pc/search/corp253473/outline.html,2026-06-20
ムラタ計測器サービス株式会社,2020001008096,,,,マイナビ検索ヒット無し,,,,,,,2026-06-20
株式会社図研,2020001008807,○,,,マイナビ掲載確認(担当者名は非公開),図研人事部,recruit@zuken.co.jp,045-942-1598,16,2026,https://job.mynavi.jp/27/pc/search/corp9976/outline.html,2026-06-20
国際自動車株式会社,2020001012817,○,,,マイナビ掲載確認(担当者名は非公開),,,03-3586-3611,,2026,https://job.mynavi.jp/27/pc/search/corp52962/outline.html,2026-06-20
バイオコミュニケーションズ株式会社,2020001011934,,,,マイナビ検索ヒット無し,,,,,,,2026-06-20
ＪＦＥテクノス株式会社,2020001016727,○,,,マイナビ掲載確認(担当者名は非公開),,,045-505-7370,21,2026,https://job.mynavi.jp/27/pc/search/corp79147/outline.html,2026-06-20
ジェイ・アール・シー特機株式会社,2020001020489,○,,,マイナビ掲載確認(担当者名は非公開),,,045-547-8572,21,2026,https://job.mynavi.jp/27/pc/search/corp89366/outline.html,2026-06-20
株式会社トーエル,2020001021033,○,,,マイナビ掲載確認(担当者名は非公開),,saiyo@toell.co.jp,045-592-7777,6,2026,https://job.mynavi.jp/27/pc/search/corp102039/outline.html,2026-06-20
大井電気株式会社,2020001019746,○,,,マイナビ掲載確認(担当者名は非公開),,,045-433-1361,,2026,https://job.mynavi.jp/27/pc/search/corp55254/outline.html,2026-06-20
株式会社アーデントスタッフ,2020001024829,,,,マイナビ検索ヒット無し,,,,,,,2026-06-20
株式会社渡商会,2020001024960,○,,,マイナビ掲載確認(担当者名は非公開),,,045-441-1321,,2026,https://job.mynavi.jp/27/pc/search/corp55722/outline.html,2026-06-20
株式会社日新アセットマネジメント,2020001028235,,,,マイナビ検索ヒット無し,,,,,,,2026-06-20
株式会社ニックス,2020001028152,○,,,マイナビ掲載確認(担当者名は非公開),,,04-2954-9910,,2026,https://job.mynavi.jp/27/pc/search/corp257317/outline.html,2026-06-20
株式会社サン,1080001001575,○,,,マイナビ掲載確認(担当者名は非公開),,,0942-72-0095,,2026,https://job.mynavi.jp/27/pc/search/corp267057/outline.html,2026-06-20
宇式エンジニアリング株式会社,1080001000536,,,,マイナビ検索ヒット無し,,,,,,,2026-06-20
株式会社スズキ自販静岡,1080001002284,○,,,マイナビ掲載確認(担当者名は非公開),スズキ自販静岡総務部,recruit@j-shizuoka.sdr.suzuki,054-261-6103,6,2026,https://job.mynavi.jp/27/pc/search/corp55062/outline.html,2026-06-20
日興美術株式会社,1080001003984,○,,,マイナビ掲載確認(担当者名は非公開),人事課,saiyou@nkbj.co.jp,054-263-2211,1,2026,https://job.mynavi.jp/27/pc/search/corp55168/outline.html,2026-06-20
松林工業薬品株式会社,1080001004883,,,,マイナビ検索ヒット無し,,,,,,,2026-06-20
株式会社ケアコネクトジャパン,1080001006310,○,,,マイナビ掲載確認(担当者名は非公開),人事課,,054-202-0304,6,2026,https://job.mynavi.jp/27/pc/search/corp200631/outline.html,2026-06-20
協和サンシンエンジニアリング株式会社,1080001007894,○,,,マイナビ掲載確認(担当者名は非公開),,,054-340-6800,,2026,https://job.mynavi.jp/27/pc/search/corp283261/outline.html,2026-06-20
德三運輸倉庫株式会社,1080001008810,,,,マイナビ検索ヒット無し,,,,,,,2026-06-20
常石三保造船株式会社,1080001009214,○,,,マイナビ掲載確認,,,,,2026,https://job.mynavi.jp/27/pc/search/corp240748/outline.html,2026-06-20
日軽産業株式会社,1080001008876,○,,,マイナビ掲載確認(担当者名は非公開),総務部,,054-353-5271,1,2026,https://job.mynavi.jp/27/pc/search/corp74990/outline.html,2026-06-20
ヨシコン株式会社,1080001010527,,,,マイナビ検索ヒット無し,,,,,,,2026-06-20
株式会社エス・ビー・エム,1080001009767,,,,マイナビ検索ヒット無し,,,,,,,2026-06-20
日本連合警備株式会社,1080001013224,○,,,マイナビ掲載確認(担当者名は非公開),,,03-3260-6431,,2026,https://job.mynavi.jp/27/pc/search/corp201070/outline.html,2026-06-20
株式会社丸紅,1080001013298,○,,,マイナビ掲載確認(担当者名は非公開),,,06-6347-3500,,2026,https://job.mynavi.jp/27/pc/search/corp72461/outline.html,2026-06-20
富士テクノロジー株式会社,1080001012804,○,,,マイナビ掲載確認(担当者名は非公開),,,054-204-2001,,2026,https://job.mynavi.jp/27/pc/search/corp219827/outline.html,2026-06-20
株式会社三明,1080001008018,○,,,マイナビ掲載確認(担当者名は非公開),,saiyou@sanmei.co.jp,054-353-3271,6,2026,https://job.mynavi.jp/27/pc/search/corp89127/outline.html,2026-06-20
鈴与商事株式会社,1080001002318,○,,,マイナビ掲載確認(担当者名は非公開),,,054-273-7759,,2026,https://job.mynavi.jp/27/pc/search/corp50283/outline.html,2026-06-20
臼幸産業株式会社,1080101003959,○,,,マイナビ掲載確認(担当者名は非公開),,,0550-76-1200,,2026,https://job.mynavi.jp/27/pc/search/corp234567/outline.html,2026-06-20
伊豆総業株式会社,1080101005344,,,,マイナビ検索ヒット無し,,,,,,,2026-06-20
静岡コンサルタント株式会社,1080101005666,○,,,マイナビ掲載確認(担当者名は非公開),,,055-977-8080,1,2026,https://job.mynavi.jp/27/pc/search/corp104007/outline.html,2026-06-20
焼津水産化学工業株式会社,1080001015385,,,,マイナビ検索ヒット無し,,,,,,,2026-06-20
株式会社東亜ビルサービス,1080101009122,,,,マイナビ検索ヒット無し,,,,,,,2026-06-20
エンシュウ株式会社,1080401000672,,,,マイナビ検索ヒット無し,,,,,,,2026-06-20
イワタニ山陽株式会社,1240001000998,○,,,マイナビ掲載確認(担当者名は非公開),,,082-893-3055,1,2026,https://job.mynavi.jp/27/pc/search/corp244099/outline.html,2026-06-20
株式会社オオケン,1240001001765,,,,マイナビ検索ヒット無し,,,,,,,2026-06-20
合人社シティサービス株式会社,1240001003308,,,,マイナビ検索ヒット無し,,,,,,,2026-06-20
マックスバリュ東海株式会社,1080101006499,○,,,マイナビ掲載確認(担当者名は非公開),人事総務本部,,053-581-7715,46,2026,https://job.mynavi.jp/27/pc/search/corp236327/outline.html,2026-06-20
株式会社水光エンジニア,1240001005122,,,,timeout,,,,,,,2026-06-20
株式会社山陽測器,1240001003737,,,,マイナビ検索ヒット無し,,,,,,,2026-06-20
綜合エナジー株式会社,1240001005634,,,,マイナビ検索ヒット無し,,,,,,,2026-06-20
株式会社サンネット,1240001012779,○,,,マイナビ掲載確認(担当者名は非公開),,,03-6844-3600,,2026,https://job.mynavi.jp/27/pc/search/corp53666/outline.html,2026-06-20
株式会社ＮＴＴデータ中国,1240001012853,,,,timeout,,,,,,,2026-06-20
株式会社アビリティ・インタービジネス・ソリューションズ,1240001015633,,,,timeout,,,,,,,2026-06-20
深川医療器株式会社,1240001017514,,,,マイナビ検索ヒット無し,,,,,,,2026-06-20
東邦化工建設株式会社,1080101006409,,,,マイナビ検索ヒット無し,,,,,,,2026-06-20
東光印刷株式会社,1240001007440,,,,マイナビ検索ヒット無し,,,,,,,2026-06-20
株式会社熊平製作所,1240001018108,○,,,マイナビ掲載確認(担当者名は非公開),,,082-251-2111,,2026,https://job.mynavi.jp/27/pc/search/corp3283/outline.html,2026-06-20
いすゞ自動車中国四国株式会社,1240001018413,,,,timeout,,,,,,,2026-06-20
株式会社西井製作所,1240001008315,○,村上,0.5,マイナビ掲載確認(担当者名は非公開) / メール推定(murakami→村上),総務課,murakami@hiroshima-nishii.co.jp,082-821-0241,1,2026,https://job.mynavi.jp/27/pc/search/corp97768/outline.html,2026-06-20
株式会社大竹山工業所,1240001027240,,,,マイナビ検索ヒット無し,,,,,,,2026-06-20
株式会社アクトシステムズ,1240001029699,,,,timeout,,,,,,,2026-06-20
青山商事株式会社,1240001029674,○,,,マイナビ掲載確認(担当者名は非公開),御徒町オフィス人材開発部,,03-3833-8883,101,2026,https://job.mynavi.jp/27/pc/search/corp202523/outline.html,2026-06-20
中国塗料株式会社,1240001028478,,,,timeout,,,,,,,2026-06-20
株式会社荒谷商会,1240001029113,,,,マイナビ検索ヒット無し,,,,,,,2026-06-20
株式会社オービス,1240001030054,○,,,マイナビ掲載確認(担当者名は非公開),,obis-so@obis.co.jp,086-292-6123,,2026,https://job.mynavi.jp/27/pc/search/corp210487/outline.html,2026-06-20
株式会社アスコン,1240001029690,,,,マイナビ検索ヒット無し,,,,,,,2026-06-20
株式会社日本総合科学,1240001032884,,,,timeout,,,,,,,2026-06-20
株式会社自重堂,1240001033610,,,,timeout,,,,,,,2026-06-20
福山通運株式会社,1240001032736,,,,timeout,,,,,,,2026-06-20
シモハナ物流株式会社,1240001036407,,,,timeout,,,,,,,2026-06-20
五洋医療器株式会社,1240001039582,○,,,マイナビ掲載確認(担当者名は非公開),,,084-927-8910,1,2026,https://job.mynavi.jp/27/pc/search/corp108824/outline.html,2026-06-20
株式会社パナソニックシステムネットワークス開発研究所,1370001001190,,,,マイナビ検索ヒット無し,,,,,,,2026-06-20
株式会社植松商会,1370001002651,,,,マイナビ検索ヒット無し,,,,,,,2026-06-20
株式会社ビルワーク・ジャパン,1370001002131,,,,マイナビ検索ヒット無し,,,,,,,2026-06-20
シブヤ食品株式会社,1370001003187,,,,マイナビ検索ヒット無し,,,,,,,2026-06-20
株式会社七十七銀行,1370001003352,,,,timeout,,,,,,,2026-06-20
葵工業株式会社,1370001004540,,,,マイナビ検索ヒット無し,,,,,,,2026-06-20
株式会社ユーメディア,1370001004227,,,,timeout,,,,,,,2026-06-20
宮城日野自動車株式会社,1370001005258,,,,マイナビ検索ヒット無し,,,,,,,2026-06-20
株式会社三協技術,1370001005118,,,,timeout,,,,,,,2026-06-20
オリックスレンタカー・カメイ株式会社,1370001007493,,,,マイナビ検索ヒット無し,,,,,,,2026-06-20
株式会社セント,1370001008806,○,,,マイナビ掲載確認(担当者名は非公開),,,03-3813-2601,,2026,https://job.mynavi.jp/27/pc/search/corp71580/outline.html,2026-06-20
仙台トヨペツト株式会社,1370001006652,,,,マイナビ検索ヒット無し,,,,,,,2026-06-20
テスコ株式会社,1370001009259,,,,timeout,,,,,,,2026-06-20
同和興業株式会社,1370001009416,,,,timeout,,,,,,,2026-06-20
株式会社日立ソリューションズ東日本,1370001009911,,,,timeout,,,,,,,2026-06-20
株式会社復建技術コンサルタント,1370001010010,○,,,マイナビ掲載確認(担当者名は非公開),総務人事部,masafumi680@sendai.fgc.co.jp,022-217-2021,16,2026,https://job.mynavi.jp/27/pc/search/corp200158/outline.html,2026-06-20
積水ハウスシャーメゾンＰＭ東北株式会社,1370001011272,,,,マイナビ検索ヒット無し,,,,,,,2026-06-20
株式会社東北朝日プロダクション,1370001011371,,,,マイナビ検索ヒット無し,,,,,,,2026-06-20
古川電気工業株式会社,1370001006009,,,,timeout,,,,,,,2026-06-20
仙台ガスサービス株式会社,1370001006710,,,,マイナビ検索ヒット無し,,,,,,,2026-06-20
日本製紙石巻テクノ株式会社,1370301000974,,,,マイナビ検索ヒット無し,,,,,,,2026-06-20
株式会社倉元製作所,1370201003004,,,,マイナビ検索ヒット無し,,,,,,,2026-06-20
若生工業株式会社,1370301001436,,,,マイナビ検索ヒット無し,,,,,,,2026-06-20
株式会社鈴勇商店,1370301000702,,,,マイナビ検索ヒット無し,,,,,,,2026-06-20
カガク興商株式会社,1370301000322,○,,,マイナビ掲載確認(担当者名は非公開),,,0225-95-3381,1,2026,https://job.mynavi.jp/27/pc/search/corp275975/outline.html,2026-06-20
宮城中央ヤクルト販売株式会社,1370801000276,,,,マイナビ検索ヒット無し,,,,,,,2026-06-20
株式会社ひまわり,1370601003025,○,,,マイナビ掲載確認(担当者名は非公開),,jinji@himawari200207.com,078-327-5353,,2026,https://job.mynavi.jp/27/pc/search/corp235766/outline.html,2026-06-20
宮城熊さん株式会社,2370001002378,,,,マイナビ検索ヒット無し,,,,,,,2026-06-20
東北放送株式会社,2370001002452,,,,timeout,,,,,,,2026-06-20
ユキグニファクトリー株式会社,1010001185037,,,,timeout,,,,,,,2026-06-20
株式会社シバタインテック,2370001003186,,,,マイナビ検索ヒット無し,,,,,,,2026-06-20
東北特殊鋼株式会社,2370001002444,,,,timeout,,,,,,,2026-06-20
株式会社大谷商会,1110001000879,,,,timeout,,,,,,,2026-06-20
ラミコジャパン株式会社,1110001003295,,,,timeout,,,,,,,2026-06-20
株式会社トップカルチャー,1110001003592,,,,マイナビ検索ヒット無し,,,,,,,2026-06-20
株式会社トーシス新潟,1110001003477,,,,マイナビ検索ヒット無し,,,,,,,2026-06-20
株式会社新潟電装,1110001003956,,,,マイナビ検索ヒット無し,,,,,,,2026-06-20
ＵＤトラックス新潟株式会社,1110001007255,,,,マイナビ検索ヒット無し,,,,,,,2026-06-20
共栄エンジニアリング株式会社,1110001012362,○,,,マイナビ掲載確認(担当者名は非公開),,saiyou@kyoeieng.co.jp,0250-61-2400,6,2026,https://job.mynavi.jp/27/pc/search/corp110365/outline.html,2026-06-20
環境をサポートする株式会社きらめき,1110001001720,,,,マイナビ検索ヒット無し,,,,,,,2026-06-20
森井紙器工業株式会社,1110001016140,,,,timeout,,,,,,,2026-06-20
株式会社大原鉄工所,1110001022254,○,,,マイナビ掲載確認,,,,,2026,https://job.mynavi.jp/27/pc/search/corp66759/outline.html,2026-06-20
越後交通株式会社,1110001022221,,,,timeout,,,,,,,2026-06-20
株式会社有沢製作所,1110001018789,,,,マイナビ検索ヒット無し,,,,,,,2026-06-20
糸魚川二幸株式会社,1110001021875,,,,マイナビ検索ヒット無し,,,,,,,2026-06-20
株式会社太陽工機,1110001022782,,,,timeout,,,,,,,2026-06-20
株式会社イートラスト,1110001022452,,,,マイナビ検索ヒット無し,,,,,,,2026-06-20
株式会社キタック,2110001001637,,,,timeout,,,,,,,2026-06-20
グリーン産業株式会社,2110001001769,,,,timeout,,,,,,,2026-06-20
中越運送株式会社,2110001003294,,,,timeout,,,,,,,2026-06-20
株式会社高助,2110001003113,,,,timeout,,,,,,,2026-06-20