企業名,法人番号,採用担当者名,担当者根拠,部署,メール,電話番号,採用予定人数,マイナビ掲載,取得元媒体,根拠URL
五洋建設株式会社,1010001000006,,マイナビ掲載確認(担当者名は非公開),,,03-3816-7111,,○,マイナビ,https://job.mynavi.jp/27/pc/search/corp57808/outline.html
スズデン株式会社,1010001003966,,マイナビ掲載確認(担当者名は非公開),,recruit@suzuden.co.jp,03-6910-6801,16,○,マイナビ,https://job.mynavi.jp/27/pc/search/corp63055/outline.html
株式会社片平新日本技研,1010001001854,,マイナビ掲載確認(担当者名は非公開),片平新日本技研人材開発部,,03-5802-1616,6,○,マイナビ,https://job.mynavi.jp/27/pc/search/corp101379/outline.html
ＪＦＥスチール株式会社,1010001008668,,マイナビ掲載確認(担当者名は非公開),,,03-3597-3111,201,○,マイナビ,https://job.mynavi.jp/27/pc/search/corp27/outline.html
住友商事株式会社,1010001008692,,マイナビ掲載確認(担当者名は非公開),,,03-6285-5000,51,○,マイナビ,https://job.mynavi.jp/27/pc/search/corp190/outline.html
ウシオ電機株式会社,1010001008651,,マイナビ掲載確認(担当者名は非公開),採用グループ,ushio@saiyo-hr.com,050-3090-2856,11,○,マイナビ,https://job.mynavi.jp/27/pc/search/corp207206/outline.html
ＤＯＷＡホールディングス株式会社,1010001008750,,マイナビ掲載確認(担当者名は非公開),人事部,E-mail.saiyou@dowa.co.jp,0120-268-862,51,○,マイナビ,https://job.mynavi.jp/27/pc/search/corp1403/outline.html
ピーエス・コンストラクション株式会社,1010001008742,,マイナビ掲載確認(担当者名は非公開),,,03-6385-8003,,○,マイナビ,https://job.mynavi.jp/27/pc/search/corp84172/outline.html
三井物産株式会社,1010001008767,,マイナビ掲載確認(担当者名は非公開),,,0120-996-954,,○,マイナビ,https://job.mynavi.jp/27/pc/search/corp235908/outline.html
日本曹達株式会社,1010001008833,,マイナビ掲載確認(担当者名は非公開),,,03-4212-9630,,○,マイナビ,https://job.mynavi.jp/27/pc/search/corp714/outline.html
アース環境サービス株式会社,1010001009823,,マイナビ掲載確認(担当者名は非公開),,,050-3205-1685,51,○,マイナビ,https://job.mynavi.jp/27/pc/search/corp100207/outline.html
東京電力ホールディングス株式会社,1010001008825,,マイナビ掲載確認(担当者名は非公開),,,03-6373-1111,,○,マイナビ,https://job.mynavi.jp/27/pc/search/corp80951/outline.html
株式会社アスク,1010001009831,,マイナビ掲載確認(担当者名は非公開),,,055-272-1151,,○,マイナビ,https://job.mynavi.jp/27/pc/search/corp223154/outline.html
石福金属興業株式会社,1010001010624,,マイナビ掲載確認(担当者名は非公開),,,03-3252-3131,,○,マイナビ,https://job.mynavi.jp/27/pc/search/corp204294/outline.html
イチカワ株式会社,1010001000708,,マイナビ掲載確認(担当者名は非公開),,,03-3816-1126,,○,マイナビ,https://job.mynavi.jp/27/pc/search/corp2703/outline.html
商船三井ロジスティクス株式会社,1010001012546,,マイナビ掲載確認(担当者名は非公開),人事総務部,,03-6731-7500,11,○,マイナビ,https://job.mynavi.jp/27/pc/search/corp69113/outline.html
ＮＴＴ都市開発株式会社,1010001012372,,マイナビ掲載確認(担当者名は非公開),,,03-6811-6300,21,○,マイナビ,https://job.mynavi.jp/27/pc/search/corp75507/outline.html
株式会社大塚商会,1010001012983,,マイナビ掲載確認(担当者名は非公開),,,03-6361-2120,,○,マイナビ,https://job.mynavi.jp/27/pc/search/corp547/outline.html
日本高周波鋼業株式会社,1010001016852,,マイナビ掲載確認(担当者名は非公開),,,03-5687-6023,,○,マイナビ,https://job.mynavi.jp/27/pc/search/corp54672/outline.html
株式会社ニッスイ,1010001016860,,マイナビ掲載確認(担当者名は非公開),,,03-6206-7000,,○,マイナビ,https://job.mynavi.jp/27/pc/search/corp392/outline.html
株式会社ミクニ,1010001008791,,マイナビ掲載確認(担当者名は非公開),,,03-3833-0392,6,○,マイナビ,https://job.mynavi.jp/27/pc/search/corp66896/outline.html
株式会社ザイエンス,1010001017941,,マイナビ掲載確認(担当者名は非公開),,saiyou@xyence.co.jp,03-3284-0501,,○,マイナビ,https://job.mynavi.jp/27/pc/search/corp244812/outline.html
ミズホ株式会社,1010001007612,,マイナビ掲載確認(担当者名は非公開),,,03-3815-3191,,○,マイナビ,https://job.mynavi.jp/27/pc/search/corp227148/outline.html
ソリッドコミュニケーション株式会社,1010001021349,,マイナビ掲載確認(担当者名は非公開),,recruit@solidcom.co.jp,03-5212-5235,21,○,マイナビ,https://job.mynavi.jp/27/pc/search/corp205218/outline.html
株式会社中央経済社ホールディングス,1010001022710,,マイナビ掲載確認(担当者名は非公開),,recruit@chuokeizai.co,03-3293-3371,,○,マイナビ,https://job.mynavi.jp/27/pc/search/corp287832/outline.html
株式会社ティ・オー・エス,1010001023378,相良,マイナビ掲載確認(担当者名は非公開) / メール推定(sagara→相良),総務部,Tsagara@tos-kk.co.jp,03-5295-0431,6,○,マイナビ,https://job.mynavi.jp/27/pc/search/corp258590/outline.html
東光電気工事株式会社,1010001024087,,マイナビ掲載確認(担当者名は非公開),,,03-3292-2111,46,○,マイナビ,https://job.mynavi.jp/27/pc/search/corp1493/outline.html
株式会社内藤一水社,1010001025135,,マイナビ掲載確認(担当者名は非公開),,,03-3265-9111,,○,マイナビ,https://job.mynavi.jp/27/pc/search/corp52040/outline.html
イー・アンド・エム株式会社,1010001010847,,マイナビ掲載確認(担当者名は非公開),,,03-3230-1301,,○,マイナビ,https://job.mynavi.jp/27/pc/search/corp94494/outline.html
ＮＸ商事株式会社,1010001025515,,マイナビ掲載確認(担当者名は非公開),,,0120-372-242,51,○,マイナビ,https://job.mynavi.jp/27/pc/search/corp258256/outline.html
日信防災株式会社,1010001025449,,マイナビ掲載確認(担当者名は非公開),総務部,,03-3862-4172,6,○,マイナビ,https://job.mynavi.jp/27/pc/search/corp261909/outline.html
株式会社野澤組,1010001026166,,マイナビ掲載確認(担当者名は非公開),,,03-3528-8101,1,○,マイナビ,https://job.mynavi.jp/27/pc/search/corp85981/outline.html
株式会社共立メンテナンス,1010001014427,,マイナビ掲載確認(担当者名は非公開),,,03-5295-7793,,○,マイナビ,https://job.mynavi.jp/27/pc/search/corp98878/outline.html
株式会社読売アルスＡ,1010001031728,,マイナビ掲載確認(担当者名は非公開),,yarsa-recruit@yomiarsa.co.jp,03-5226-9900,1,○,マイナビ,https://job.mynavi.jp/27/pc/search/corp103531/outline.html
株式会社ＪＰＦ,1010001033237,,マイナビ掲載確認(担当者名は非公開),総務部,jpf-saiyo@jpf.co.jp,03-3265-4851,6,○,マイナビ,https://job.mynavi.jp/27/pc/search/corp207850/outline.html
ＣＨＥＭＩＰＡＺ株式会社,1010001033609,,マイナビ掲載確認(担当者名は非公開),管理本部,recruit@chemipaz.co.jp,03-6202-7331,1,○,マイナビ,https://job.mynavi.jp/27/pc/search/corp100248/outline.html
株式会社内田洋行,1010001034730,,マイナビ掲載確認(担当者名は非公開),,,03-3555-4061,,○,マイナビ,https://job.mynavi.jp/27/pc/search/corp62325/outline.html
株式会社岡三証券グループ,1010001034747,,マイナビ掲載確認(担当者名は非公開),人事総務部,jinji1@sanen-sec.co.jp,052-561-1811,6,○,マイナビ,https://job.mynavi.jp/27/pc/search/corp93586/outline.html
三菱ＵＦＪファクター株式会社,1010001022149,,マイナビ掲載確認(担当者名は非公開),,,03-3251-8399,16,○,マイナビ,https://job.mynavi.jp/27/pc/search/corp89287/outline.html
株式会社資生堂,1010001034813,,マイナビ掲載確認(担当者名は非公開),,,03-6218-5804,,○,マイナビ,https://job.mynavi.jp/27/pc/search/corp51014/outline.html
ＤＭ三井製糖株式会社,1010001034929,,マイナビ掲載確認(担当者名は非公開),三井製糖人事部,Info.Recruit@msdm-hd.com,03-6453-6164,1,○,マイナビ,https://job.mynavi.jp/27/pc/search/corp289949/outline.html
日清オイリオグループ株式会社,1010001034887,,マイナビ掲載確認(担当者名は非公開),,,03-3206-5032,11,○,マイナビ,https://job.mynavi.jp/27/pc/search/corp1581/outline.html
株式会社松屋,1010001034945,,マイナビ掲載確認(担当者名は非公開),,,0422-38-1121,,○,マイナビ,https://job.mynavi.jp/27/pc/search/corp270271/outline.html
株式会社ジェイエイシーリクルートメント,1010001019483,,マイナビ掲載確認(担当者名は非公開),,,03-5259-9904,201,○,マイナビ,https://job.mynavi.jp/27/pc/search/corp66198/outline.html
日本紙パルプ商事株式会社,1010001034978,,マイナビ掲載確認(担当者名は非公開),人事部,person@kamipa.co.jp,03-5548-4029,21,○,マイナビ,https://job.mynavi.jp/27/pc/search/corp2124/outline.html
わかもと製薬株式会社,1010001035010,,マイナビ掲載確認(担当者名は非公開),,,03-3279-0373,,○,マイナビ,https://job.mynavi.jp/27/pc/search/corp57539/outline.html
日本パーカライジング株式会社,1010001034994,,マイナビ掲載確認(担当者名は非公開),,,03-3278-4318,2,○,マイナビ,https://job.mynavi.jp/27/pc/search/corp249188/outline.html
東海東京フィナンシャル・ホールディングス株式会社,1010001034202,,マイナビ掲載確認(担当者名は非公開),,,03-3517-7676,,○,マイナビ,https://job.mynavi.jp/27/pc/search/corp68638/outline.html
株式会社教映社,1120001000341,高橋,マイナビ掲載確認(担当者名は非公開) / メール推定(takahashi→高橋),,takahashi@kyoeisha.com,06-6951-9652,6,○,マイナビ,https://job.mynavi.jp/27/pc/search/corp242331/outline.html
シャープマーケティングジャパン株式会社,1040001008905,,マイナビ掲載確認(担当者名は非公開),総務部,smj-recruit@sharp.co.jp,06-6796-1535,101,○,マイナビ,https://job.mynavi.jp/27/pc/search/corp235418/outline.html
平和不動産株式会社,1010001034920,,マイナビ掲載確認(担当者名は非公開),,heiwa.saiyou@heiwa-net.co.jp,03-3666-0182,1,○,マイナビ,https://job.mynavi.jp/27/pc/search/corp37263/outline.html
ＳＡＮＥＩ株式会社,1120001012428,,マイナビ掲載確認(担当者名は非公開),,,06-6972-5921,,○,マイナビ,https://job.mynavi.jp/27/pc/search/corp95012/outline.html
ＦＣＭ株式会社,1120001011859,,マイナビ掲載確認(担当者名は非公開),人事総務課,fcm_recruiting@fc-m.co.jp,06-6975-1324,1,○,マイナビ,https://job.mynavi.jp/27/pc/search/corp112032/outline.html
株式会社ぐるなび,1010001034565,,マイナビ掲載確認(担当者名は非公開),,,03-6744-6463,,○,マイナビ,https://job.mynavi.jp/27/pc/search/corp68073/outline.html
永大化工株式会社,1120001019704,,マイナビ掲載確認(担当者名は非公開),,,06-6791-3355,6,○,マイナビ,https://job.mynavi.jp/27/pc/search/corp215054/outline.html
アイコム株式会社,1120001019349,,マイナビ掲載確認(担当者名は非公開),,,06-6777-1317,,○,マイナビ,https://job.mynavi.jp/27/pc/search/corp52258/outline.html
ホシザキ京阪株式会社,1120001025289,,マイナビ掲載確認(担当者名は非公開),,,06-6762-5351,,○,マイナビ,https://job.mynavi.jp/27/pc/search/corp40189/outline.html
大日本塗料株式会社,1120001026551,,マイナビ掲載確認(担当者名は非公開),,,06-6266-3105,,○,マイナビ,https://job.mynavi.jp/27/pc/search/corp2059/outline.html
大阪製鐵株式会社,1120001028390,,マイナビ掲載確認(担当者名は非公開),大阪製鐵株式会社総務部,saiyou@osaka-seitetu.co.jp,06-6204-0161,,○,マイナビ,https://job.mynavi.jp/27/pc/search/corp100201/outline.html
株式会社クボタ,1120001037978,井上,マイナビ掲載確認(担当者名は非公開) / メール推定(inoue→井上),本社総務部,yoshimi.inoue@kubota.com,06-6648-3281,6,○,マイナビ,https://job.mynavi.jp/27/pc/search/corp215086/outline.html
日本インシュレーション株式会社,1120001040610,,マイナビ掲載確認(担当者名は非公開),,,06-6210-1253,,○,マイナビ,https://job.mynavi.jp/27/pc/search/corp57225/outline.html
因幡電機産業株式会社,1120001041352,,マイナビ掲載確認(担当者名は非公開),,,0120-728-178,,○,マイナビ,https://job.mynavi.jp/27/pc/search/corp54762/outline.html
サンキン株式会社,1120001043596,,マイナビ掲載確認(担当者名は非公開),,,06-6539-3201,,○,マイナビ,https://job.mynavi.jp/27/pc/search/corp223707/outline.html
サムテック株式会社,1120001043522,,マイナビ掲載確認(担当者名は非公開),本社管理部,h_r@samtech.co.jp,072-977-8851,1,○,マイナビ,https://job.mynavi.jp/27/pc/search/corp263715/outline.html
株式会社浜正,1120001046590,,マイナビ掲載確認(担当者名は非公開),,,06-6531-1383,,○,マイナビ,https://job.mynavi.jp/27/pc/search/corp74419/outline.html
中外商工株式会社,1120001045403,,マイナビ掲載確認(担当者名は非公開),,,06-6443-7747,1,○,マイナビ,https://job.mynavi.jp/27/pc/search/corp283432/outline.html
株式会社マコト電気,1120001047424,,マイナビ掲載確認(担当者名は非公開),,,06-7175-7950,,○,マイナビ,https://job.mynavi.jp/27/pc/search/corp272969/outline.html
株式会社栗本鐵工所,1120001048991,,マイナビ掲載確認(担当者名は非公開),,,06-6538-7602,,○,マイナビ,https://job.mynavi.jp/27/pc/search/corp437/outline.html
株式会社山善,1120001049040,,マイナビ掲載確認(担当者名は非公開),,,046-288-1345,1,○,マイナビ,https://job.mynavi.jp/27/pc/search/corp202379/outline.html
株式会社サガミホールディングス,1180001000443,,マイナビ掲載確認(担当者名は非公開),グループ管理部,sagamisaiyou@sagami.co.jp,0120-197-655,51,○,マイナビ,https://job.mynavi.jp/27/pc/search/corp234179/outline.html
株式会社つむら工芸,1120001045502,,マイナビ掲載確認(担当者名は非公開),,,06-6448-2761,,○,マイナビ,https://job.mynavi.jp/27/pc/search/corp258443/outline.html
中部資材株式会社,1180001006837,,マイナビ掲載確認(担当者名は非公開),人事部,recruit@chubushizai.co.jp,052-661-7232,16,○,マイナビ,https://job.mynavi.jp/27/pc/search/corp104582/outline.html
レンゴー株式会社,1120001036880,,マイナビ掲載確認(担当者名は非公開),レンゴー株式会社人事本部,tjinji@rengo.co.jp,0120-303-621,46,○,マイナビ,https://job.mynavi.jp/27/pc/search/corp39309/outline.html
明星工業株式会社,1120001049032,,マイナビ掲載確認(担当者名は非公開),人事課,,06-6447-0271,11,○,マイナビ,https://job.mynavi.jp/27/pc/search/corp10005/outline.html
日邦産業株式会社,1120901007832,,マイナビ掲載確認(担当者名は非公開),,,052-218-3161,,○,マイナビ,https://job.mynavi.jp/27/pc/search/corp89772/outline.html
朝日金属株式会社,1180001011481,,マイナビ掲載確認(担当者名は非公開),,,052-901-2111,,○,マイナビ,https://job.mynavi.jp/27/pc/search/corp82206/outline.html
大同メタル工業株式会社,1180001012595,,マイナビ掲載確認(担当者名は非公開),人事企画センター,jinji@daidometal.com,0568-61-2539,,○,マイナビ,https://job.mynavi.jp/27/pc/search/corp1034/outline.html
株式会社ニットー,1180001013107,,マイナビ掲載確認(担当者名は非公開),,,026-245-0637,,○,マイナビ,https://job.mynavi.jp/27/pc/search/corp80781/outline.html
株式会社チップトン,1180001014914,,マイナビ掲載確認(担当者名は非公開),人事課,soumu@tipton.co.jp,052-691-5177,,○,マイナビ,https://job.mynavi.jp/27/pc/search/corp89297/outline.html
愛知株式会社,1180001015879,,マイナビ掲載確認(担当者名は非公開),採用コールセンター,recruit@alsok.co.jp,0120-034-314,11,○,マイナビ,https://job.mynavi.jp/27/pc/search/corp106885/outline.html
株式会社スズケン,1180001017009,,マイナビ掲載確認(担当者名は非公開),管理課,soumu@suzukenokinawa.co.jp,098-835-6363,1,○,マイナビ,https://job.mynavi.jp/27/pc/search/corp232586/outline.html
敷島製パン株式会社,1180001016877,,マイナビ掲載確認(担当者名は非公開),,,052-933-2117,11,○,マイナビ,https://job.mynavi.jp/27/pc/search/corp332/outline.html
カネ美食品株式会社,1180001023411,,マイナビ掲載確認(担当者名は非公開),,,052-879-6126,51,○,マイナビ,https://job.mynavi.jp/27/pc/search/corp2064/outline.html
クロスプラス株式会社,1180001025507,,マイナビ掲載確認(担当者名は非公開),,,03-3669-6767,,○,マイナビ,https://job.mynavi.jp/27/pc/search/corp104444/outline.html
名工建設株式会社,1180001027354,,マイナビ掲載確認(担当者名は非公開),,,052-589-1501,,○,マイナビ,https://job.mynavi.jp/27/pc/search/corp58051/outline.html
株式会社アオキスーパー,1180001029202,,マイナビ掲載確認(担当者名は非公開),人事部,,052-414-3601,26,○,マイナビ,https://job.mynavi.jp/27/pc/search/corp104837/outline.html
株式会社ＥＶＥＲＹＦＯＯＤ,1180001001037,,マイナビ掲載確認(担当者名は非公開),,,052-251-1134,,○,マイナビ,https://job.mynavi.jp/27/pc/search/corp235709/outline.html
東海ソフト株式会社,1180001031538,,マイナビ掲載確認(担当者名は非公開),経営管理本部,recruit_newgraduate@tokai-soft.co.jp,052-307-7939,36,○,マイナビ,https://job.mynavi.jp/27/pc/search/corp52336/outline.html
メイラ株式会社,1180001031884,,マイナビ掲載確認(担当者名は非公開),,,052-459-1271,,○,マイナビ,https://job.mynavi.jp/27/pc/search/corp201383/outline.html
ＭＨＩエアロテクノロジーズ株式会社,1180001031934,,マイナビ掲載確認(担当者名は非公開),,MHIAT-saiyou@mhi.com,0120-133-193,51,○,マイナビ,https://job.mynavi.jp/27/pc/search/corp212270/outline.html
教育産業株式会社,1180001035456,,マイナビ掲載確認(担当者名は非公開),,,052-971-3011,,○,マイナビ,https://job.mynavi.jp/27/pc/search/corp216000/outline.html
興和株式会社,1180001035811,,マイナビ掲載確認(担当者名は非公開),,,052-963-3159,51,○,マイナビ,https://job.mynavi.jp/27/pc/search/corp866/outline.html
株式会社ＣＢＣクリエイション,1180001036669,,マイナビ掲載確認(担当者名は非公開),総務部,saiyo@cbc-creation.co.jp,052-241-5503,1,○,マイナビ,https://job.mynavi.jp/27/pc/search/corp226511/outline.html
株式会社コアズ,1180001035761,,マイナビ掲載確認(担当者名は非公開),,,06-6105-1125,6,○,マイナビ,https://job.mynavi.jp/27/pc/search/corp240283/outline.html
大同興業株式会社,1180001037502,,マイナビ掲載確認(担当者名は非公開),,dkk_saiyo@daidokogyo.co.jp,052-963-7600,11,○,マイナビ,https://job.mynavi.jp/27/pc/search/corp71974/outline.html
株式会社新東通信,1180001036792,,マイナビ掲載確認(担当者名は非公開),,,03-3538-8011,11,○,マイナビ,https://job.mynavi.jp/27/pc/search/corp76272/outline.html
オイレス工業株式会社,1010401006049,,マイナビ掲載確認(担当者名は非公開),,,0466-44-4828,,○,マイナビ,https://job.mynavi.jp/27/pc/search/corp2626/outline.html
川北電気工業株式会社,1180001035290,,マイナビ掲載確認(担当者名は非公開),,,052-251-7111,,○,マイナビ,https://job.mynavi.jp/27/pc/search/corp54605/outline.html
ラピスセミコンダクタ株式会社,1010101008452,,マイナビ掲載確認(担当者名は非公開),,,045-476-9212,,○,マイナビ,https://job.mynavi.jp/27/pc/search/corp259297/outline.html
株式会社アート,1010701014775,,マイナビ掲載確認(担当者名は非公開),,,089-961-1400,,○,マイナビ,https://job.mynavi.jp/27/pc/search/corp232089/outline.html
日本飛行機株式会社,1020001006613,,マイナビ掲載確認(担当者名は非公開),人事課,,045-773-5103,,○,マイナビ,https://job.mynavi.jp/27/pc/search/corp1101/outline.html
海洋電子工業株式会社,1020001006043,,マイナビ掲載確認(担当者名は非公開),,,045-771-1241,11,○,マイナビ,https://job.mynavi.jp/27/pc/search/corp16912/outline.html
株式会社信友建設,1020001007520,,マイナビ掲載確認(担当者名は非公開),,,045-860-2615,,○,マイナビ,https://job.mynavi.jp/27/pc/search/corp103092/outline.html
株式会社アルファ,1020001005862,,マイナビ掲載確認(担当者名は非公開),,,03-6635-5140,,○,マイナビ,https://job.mynavi.jp/27/pc/search/corp99742/outline.html
株式会社シバックス,1020001008907,,マイナビ掲載確認(担当者名は非公開),,,045-934-7211,,○,マイナビ,https://job.mynavi.jp/27/pc/search/corp72809/outline.html
ジオマテック株式会社,1020001015003,,マイナビ掲載確認(担当者名は非公開),人事部,recruit@geomatec.co.jp,045-222-5725,1,○,マイナビ,https://job.mynavi.jp/27/pc/search/corp38469/outline.html
横浜植木株式会社,1020001013956,,マイナビ掲載確認(担当者名は非公開),,,045-262-7417,,○,マイナビ,https://job.mynavi.jp/27/pc/search/corp286386/outline.html
株式会社ジャスト,1020001011844,,マイナビ掲載確認(担当者名は非公開),,,0586-85-8161,1,○,マイナビ,https://job.mynavi.jp/27/pc/search/corp247660/outline.html
株式会社ＣＩＪ,1020001015606,,マイナビ掲載確認(担当者名は非公開),,,045-222-0555,,○,マイナビ,https://job.mynavi.jp/27/pc/search/corp65990/outline.html
株式会社浜銀総合研究所,1020001015795,,マイナビ掲載確認(担当者名は非公開),銀総合研究所企画総務部,saiyo@yokohama-ri.co.jp,045-225-2374,6,○,マイナビ,https://job.mynavi.jp/27/pc/search/corp239677/outline.html
株式会社ＫＳＰ,1020001026487,,マイナビ掲載確認(担当者名は非公開),総務人事グループ,,045-650-3185,16,○,マイナビ,https://job.mynavi.jp/27/pc/search/corp209149/outline.html
株式会社宇徳,1020001025489,,マイナビ掲載確認(担当者名は非公開),人事部,,045-201-6582,16,○,マイナビ,https://job.mynavi.jp/27/pc/search/corp91465/outline.html
株式会社日商物産,1020001028194,,マイナビ掲載確認(担当者名は非公開),,,045-731-5611,5,○,マイナビ,https://job.mynavi.jp/27/pc/search/corp108469/outline.html
ＡＬＳＯＫ神奈川株式会社,1020001030159,,マイナビ掲載確認(担当者名は非公開),採用コールセンター,recruit@alsok.co.jp,0120-034-314,16,○,マイナビ,https://job.mynavi.jp/27/pc/search/corp106891/outline.html
横浜冷凍株式会社,1020001030638,,マイナビ掲載確認(担当者名は非公開),,,045-210-0011,,○,マイナビ,https://job.mynavi.jp/27/pc/search/corp74457/outline.html
株式会社ティー・アール・シー,1020001033203,,マイナビ掲載確認(担当者名は非公開),,,045-450-3391,,○,マイナビ,https://job.mynavi.jp/27/pc/search/corp200811/outline.html
トキコシステムソリューションズ株式会社,1020001033723,,マイナビ掲載確認(担当者名は非公開),,,050-3537-2868,,○,マイナビ,https://job.mynavi.jp/27/pc/search/corp106256/outline.html
インバースネット株式会社,1020001036619,,マイナビ掲載確認(担当者名は非公開),,,045-451-2411,,○,マイナビ,https://job.mynavi.jp/27/pc/search/corp217321/outline.html
株式会社横浜グランドインターコンチネンタルホテル,1020001016001,,マイナビ掲載確認(担当者名は非公開),人事部,saiyo@icyokohama.com,045-221-0701,21,○,マイナビ,https://job.mynavi.jp/27/pc/search/corp74420/outline.html
イリソ電子工業株式会社,1020001053696,,マイナビ掲載確認(担当者名は非公開),人事課,jinji@iriso.co.jp,045-478-3111,16,○,マイナビ,https://job.mynavi.jp/27/pc/search/corp13959/outline.html
株式会社福岡銀行,1290001004367,,マイナビ掲載確認(担当者名は非公開),株式会社福岡銀行人事部,,092-723-2601,201,○,マイナビ,https://job.mynavi.jp/27/pc/search/corp200763/outline.html
株式会社ニシコー,1290001009498,,マイナビ掲載確認(担当者名は非公開),,,092-711-8811,,○,マイナビ,https://job.mynavi.jp/27/pc/search/corp203226/outline.html
株式会社インフォグラム,1290001011611,,マイナビ掲載確認(担当者名は非公開),,,092-452-2733,,○,マイナビ,https://job.mynavi.jp/27/pc/search/corp105432/outline.html
九州総合サービス株式会社,1290001012411,,マイナビ掲載確認(担当者名は非公開),,,092-441-1714,1,○,マイナビ,https://job.mynavi.jp/27/pc/search/corp96374/outline.html
株式会社カンサイ,1290001012221,,マイナビ掲載確認(担当者名は非公開),,,092-481-9110,,○,マイナビ,https://job.mynavi.jp/27/pc/search/corp273487/outline.html
空研工業株式会社,1290001007221,,マイナビ掲載確認(担当者名は非公開),,,092-923-1161,,○,マイナビ,https://job.mynavi.jp/27/pc/search/corp249727/outline.html
ＪＲ九州商事株式会社,1290001019794,,マイナビ掲載確認(担当者名は非公開),,,092-402-5590,,○,マイナビ,https://job.mynavi.jp/27/pc/search/corp220452/outline.html
メディアファイブ株式会社,1290001018160,,マイナビ掲載確認(担当者名は非公開),,,092-762-0555,9,○,マイナビ,https://job.mynavi.jp/27/pc/search/corp68591/outline.html
ホシザキ北九株式会社,1290001016577,,マイナビ掲載確認(担当者名は非公開),総務人事課,kitakyu-saiyou@hoshizaki.co.jp,092-471-7396,11,○,マイナビ,https://job.mynavi.jp/27/pc/search/corp84324/outline.html
株式会社ジェイウェイブ,1290001020686,,マイナビ掲載確認(担当者名は非公開),,,092-433-7227,6,○,マイナビ,https://job.mynavi.jp/27/pc/search/corp220633/outline.html
株式会社オービット,1290001020645,,マイナビ掲載確認(担当者名は非公開),,recruit@orbit9806.co.jp,06-6441-3060,6,○,マイナビ,https://job.mynavi.jp/27/pc/search/corp80871/outline.html
イワタニ九州株式会社,1290001024695,,マイナビ掲載確認(担当者名は非公開),,,092-483-5850,,○,マイナビ,https://job.mynavi.jp/27/pc/search/corp233096/outline.html
池田煖房工業株式会社,1430001001267,,マイナビ掲載確認(担当者名は非公開),,,011-726-1151,,○,マイナビ,https://job.mynavi.jp/27/pc/search/corp21929/outline.html
株式会社じょうてつ,1430001007925,,マイナビ掲載確認(担当者名は非公開),うてつ経営戦略室総務グループ,recruit@jotetsu.co.jp,011-811-6141,,○,マイナビ,https://job.mynavi.jp/27/pc/search/corp96733/outline.html
株式会社アルテクス,1290001023417,,マイナビ掲載確認(担当者名は非公開),,,092-832-6522,,○,マイナビ,https://job.mynavi.jp/27/pc/search/corp243654/outline.html
株式会社なの花北海道,1430001005219,,マイナビ掲載確認(担当者名は非公開),,,011-612-1069,,○,マイナビ,https://job.mynavi.jp/27/pc/search/corp273490/outline.html
日本乾溜工業株式会社,1290001028382,,マイナビ掲載確認(担当者名は非公開),,,092-632-1050,6,○,マイナビ,https://job.mynavi.jp/27/pc/search/corp50793/outline.html
株式会社通電技術,1430001010557,小倉,マイナビ掲載確認(担当者名は非公開) / メール推定(ogura→小倉),,ogura.a@tsuuden.co.jp,011-863-0921,1,○,マイナビ,https://job.mynavi.jp/27/pc/search/corp243091/outline.html
株式会社モロオ,1430001017032,,マイナビ掲載確認(担当者名は非公開),,,011-618-2351,,○,マイナビ,https://job.mynavi.jp/27/pc/search/corp3908/outline.html
株式会社アークス,1430001018377,,マイナビ掲載確認(担当者名は非公開),,arcs-saiyo@arcs-g.co.jp,011-530-1210,1,○,マイナビ,https://job.mynavi.jp/27/pc/search/corp107755/outline.html
日本ニューホランド株式会社,1430001021026,,マイナビ掲載確認(担当者名は非公開),管理本部,,011-221-2130,36,○,マイナビ,https://job.mynavi.jp/27/pc/search/corp61967/outline.html
日本高圧コンクリート株式会社,1430001020829,,マイナビ掲載確認(担当者名は非公開),総務部,y.fukuhara@nihonkoatsu.co.jp,011-241-7105,6,○,マイナビ,https://job.mynavi.jp/27/pc/search/corp52108/outline.html
株式会社ユニテック,1430001021645,,マイナビ掲載確認(担当者名は非公開),,,0463-96-1132,1,○,マイナビ,https://job.mynavi.jp/27/pc/search/corp103002/outline.html
ＡＬＳＯＫ北海道株式会社,1430001021959,,マイナビ掲載確認(担当者名は非公開),,,011-747-2203,,○,マイナビ,https://job.mynavi.jp/27/pc/search/corp217709/outline.html
株式会社北海道日立,1430001022461,,マイナビ掲載確認(担当者名は非公開),,,011-722-1221,4,○,マイナビ,https://job.mynavi.jp/27/pc/search/corp258259/outline.html
中道リース株式会社,1430001024094,,マイナビ掲載確認(担当者名は非公開),,recruit@nakamichi-leasing.co.jp,011-280-2171,6,○,マイナビ,https://job.mynavi.jp/27/pc/search/corp58036/outline.html
ビットスター株式会社,1430001037773,,マイナビ掲載確認(担当者名は非公開),,recruit@bitstar.jp,011-241-0064,1,○,マイナビ,https://job.mynavi.jp/27/pc/search/corp218921/outline.html
馬淵建設株式会社,1430001046675,,マイナビ掲載確認(担当者名は非公開),総務人事部,jinjika@mzec.co.jp,045-712-4842,16,○,マイナビ,https://job.mynavi.jp/27/pc/search/corp84644/outline.html
株式会社第一岸本臨床検査センター,1430001055197,,マイナビ掲載確認(担当者名は非公開),,,011-787-2111,,○,マイナビ,https://job.mynavi.jp/27/pc/search/corp268541/outline.html
株式会社トーホー,1140001002071,,マイナビ掲載確認(担当者名は非公開),,,048-935-1671,1,○,マイナビ,https://job.mynavi.jp/27/pc/search/corp291729/outline.html
株式会社シマブンコーポレーション,1140001003508,,マイナビ掲載確認(担当者名は非公開),,,078-802-9518,,○,マイナビ,https://job.mynavi.jp/27/pc/search/corp207424/outline.html
株式会社イナハラ,1140001006205,,マイナビ掲載確認(担当者名は非公開),本社総務部,,078-231-4088,1,○,マイナビ,https://job.mynavi.jp/27/pc/search/corp272359/outline.html
尾道造船株式会社,1140001006741,,マイナビ掲載確認(担当者名は非公開),,,078-391-3424,,○,マイナビ,https://job.mynavi.jp/27/pc/search/corp51214/outline.html
川崎重工業株式会社,1140001005719,,マイナビ掲載確認(担当者名は非公開),人事本部,,0120-111-390,301,○,マイナビ,https://job.mynavi.jp/27/pc/search/corp44/outline.html
共栄株式会社,1140001007137,,マイナビ掲載確認(担当者名は非公開),,somu@kyoyei.com,078-321-2121,1,○,マイナビ,https://job.mynavi.jp/27/pc/search/corp84842/outline.html
株式会社神戸新聞社,1140001012021,,マイナビ掲載確認(担当者名は非公開),,,078-362-7020,,○,マイナビ,https://job.mynavi.jp/27/pc/search/corp76221/outline.html
阪神内燃機工業株式会社,1140001010149,,マイナビ掲載確認(担当者名は非公開),,saiyo@hanshin-dw.co.jp,078-923-3446,6,○,マイナビ,https://job.mynavi.jp/27/pc/search/corp55663/outline.html
株式会社トヨタレンタリース兵庫,1140001016534,,マイナビ掲載確認(担当者名は非公開),,,078-576-6155,9,○,マイナビ,https://job.mynavi.jp/27/pc/search/corp51928/outline.html
ニッポンレンタカー北海道株式会社,1430001021109,高橋,マイナビ掲載確認(担当者名は非公開) / メール推定(takahashi→高橋),採用担当総務部,takahashi.te@nipponrentacar.co.jp,050-1712-3008,1,○,マイナビ,https://job.mynavi.jp/27/pc/search/corp207576/outline.html
神栄テクノロジー株式会社,1140001027226,,マイナビ掲載確認(担当者名は非公開),,,078-392-6881,,○,マイナビ,https://job.mynavi.jp/27/pc/search/corp58019/outline.html
株式会社ＪＭＵアムテック,1140001039675,,マイナビ掲載確認(担当者名は非公開),,,0791-24-2499,,○,マイナビ,https://job.mynavi.jp/27/pc/search/corp211364/outline.html
ホシザキ北海道株式会社,1430001015639,,マイナビ掲載確認(担当者名は非公開),総務人事課,hokkaido-020@hoshizaki.co.jp,011-841-4433,6,○,マイナビ,https://job.mynavi.jp/27/pc/search/corp63202/outline.html
株式会社イボキン,1140001038603,,マイナビ掲載確認(担当者名は非公開),,,0791-72-3531,,○,マイナビ,https://job.mynavi.jp/27/pc/search/corp220384/outline.html
株式会社東海近畿クボタ,1140001041037,,マイナビ掲載確認(担当者名は非公開),総務部,,06-6491-6633,16,○,マイナビ,https://job.mynavi.jp/27/pc/search/corp101522/outline.html
株式会社たけびし,1130001001272,,マイナビ掲載確認(担当者名は非公開),,,075-325-2121,,○,マイナビ,https://job.mynavi.jp/27/pc/search/corp98911/outline.html
ダイニック株式会社,1130001001198,,マイナビ掲載確認(担当者名は非公開),,,03-5402-1811,,○,マイナビ,https://job.mynavi.jp/27/pc/search/corp57404/outline.html
株式会社レボインターナショナル,1130001012055,,マイナビ掲載確認(担当者名は非公開),,,075-353-2277,1,○,マイナビ,https://job.mynavi.jp/27/pc/search/corp277471/outline.html
内外エンジニアリング株式会社,1130001011313,,マイナビ掲載確認(担当者名は非公開),,,075-933-5111,,○,マイナビ,https://job.mynavi.jp/27/pc/search/corp229343/outline.html
株式会社堀場製作所,1130001011676,,マイナビ掲載確認(担当者名は非公開),,recruit@horiba.co.jp,075-314-6394,51,○,マイナビ,https://job.mynavi.jp/27/pc/search/corp56775/outline.html
オムロン株式会社,1130001016824,,マイナビ掲載確認(担当者名は非公開),,,075-344-7031,,○,マイナビ,https://job.mynavi.jp/27/pc/search/corp209/outline.html
株式会社京進,1130001017021,,マイナビ掲載確認(担当者名は非公開),人材開発課,,075-365-1528,36,○,マイナビ,https://job.mynavi.jp/27/pc/search/corp88130/outline.html
株式会社エース,1130001016650,,マイナビ掲載確認(担当者名は非公開),,,045-651-5821,,○,マイナビ,https://job.mynavi.jp/27/pc/search/corp85854/outline.html
トヨタカローラ京都株式会社,1130001021849,,マイナビ掲載確認(担当者名は非公開),,saiyou@corollakyoto.co.jp,075-463-1111,1,○,マイナビ,https://job.mynavi.jp/27/pc/search/corp57281/outline.html
ナカライテスク株式会社,1130001021948,,マイナビ掲載確認(担当者名は非公開),,,075-256-5845,,○,マイナビ,https://job.mynavi.jp/27/pc/search/corp55973/outline.html
星和電機株式会社,1130001038463,,マイナビ掲載確認(担当者名は非公開),,,0774-55-8181,,○,マイナビ,https://job.mynavi.jp/27/pc/search/corp4747/outline.html
埼玉トヨペット株式会社,1030001003329,,マイナビ掲載確認(担当者名は非公開),,,048-859-4120,26,○,マイナビ,https://job.mynavi.jp/27/pc/search/corp63667/outline.html
株式会社島忠,1030001004269,,マイナビ掲載確認(担当者名は非公開),株式会社島忠新卒採用部,,048-851-7710,26,○,マイナビ,https://job.mynavi.jp/27/pc/search/corp76797/outline.html
株式会社ハイデイ日高,1030001006892,,マイナビ掲載確認(担当者名は非公開),人事部,,048-644-8447,51,○,マイナビ,https://job.mynavi.jp/27/pc/search/corp62526/outline.html
株式会社パレスエンタープライズ,1030001006950,,マイナビ掲載確認(担当者名は非公開),,,048-647-3415,1,○,マイナビ,https://job.mynavi.jp/27/pc/search/corp284505/outline.html
株式会社エクス・アドメディア,1030001014086,,マイナビ掲載確認(担当者名は非公開),,saiyo@ex-ad.co.jp,048-837-5460,6,○,マイナビ,https://job.mynavi.jp/27/pc/search/corp110980/outline.html
埼玉西ヤクルト販売株式会社,1030001026924,,マイナビ掲載確認(担当者名は非公開),総務部,soumu@saitamanishi-yakult.co.jp,04-2964-8960,1,○,マイナビ,https://job.mynavi.jp/27/pc/search/corp290391/outline.html
株式会社アイチコーポレーション,1030001042723,,マイナビ掲載確認(担当者名は非公開),,,048-781-1111,,○,マイナビ,https://job.mynavi.jp/27/pc/search/corp38002/outline.html
ニッポンレンタカー北関東株式会社,1030001044141,,マイナビ掲載確認(担当者名は非公開),総務部,,050-1712-2853,6,○,マイナビ,https://job.mynavi.jp/27/pc/search/corp112627/outline.html
ユー・エム・シー・エレクトロニクス株式会社,1030001044117,,マイナビ掲載確認(担当者名は非公開),人事総務部,m-yazawa@umc.co.jp,048-724-0001,6,○,マイナビ,https://job.mynavi.jp/27/pc/search/corp62123/outline.html
アイ・エム・アイ株式会社,1030001063447,,マイナビ掲載確認(担当者名は非公開),,,048-988-4472,11,○,マイナビ,https://job.mynavi.jp/27/pc/search/corp262705/outline.html
旭産業株式会社,1030001060114,,マイナビ掲載確認(担当者名は非公開),管理部,soumu@asahi-ids.co.jp,054-261-2456,1,○,マイナビ,https://job.mynavi.jp/27/pc/search/corp241846/outline.html
株式会社イハシエネルギー,1030001063604,,マイナビ掲載確認(担当者名は非公開),,,048-985-9111,,○,マイナビ,https://job.mynavi.jp/27/pc/search/corp225397/outline.html
株式会社銚子丸,1040001001199,,マイナビ掲載確認(担当者名は非公開),人事総務部,saiyou@choushimaru.co.jp,043-350-1263,16,○,マイナビ,https://job.mynavi.jp/27/pc/search/corp243795/outline.html
千葉テレビ放送株式会社,1040001004838,,マイナビ掲載確認(担当者名は非公開),総務部,soumu-saiyou@chiba-tv.com,0570-030-333,1,○,マイナビ,https://job.mynavi.jp/27/pc/search/corp89868/outline.html
ＡＬＳＯＫ千葉株式会社,1040001008244,,マイナビ掲載確認(担当者名は非公開),採用コールセンター,recruit@alsok.co.jp,0120-034-314,21,○,マイナビ,https://job.mynavi.jp/27/pc/search/corp106893/outline.html
日本サービス株式会社,1040001036451,,マイナビ掲載確認(担当者名は非公開),,,052-222-9963,1,○,マイナビ,https://job.mynavi.jp/27/pc/search/corp243392/outline.html
株式会社ジェス,1040001042929,,マイナビ掲載確認(担当者名は非公開),,,076-269-3175,,○,マイナビ,https://job.mynavi.jp/27/pc/search/corp252631/outline.html
株式会社シー・エス・ランバー,1040001057646,,マイナビ掲載確認(担当者名は非公開),,saiyou_tm_all@c-s-lumber.co.jp,043-215-7781,6,○,マイナビ,https://job.mynavi.jp/27/pc/search/corp222755/outline.html
鈴木建設株式会社,1040001061846,,マイナビ掲載確認(担当者名は非公開),,,0479-55-3221,,○,マイナビ,https://job.mynavi.jp/27/pc/search/corp101750/outline.html
株式会社アイガー,1010001035258,,マイナビ掲載確認(担当者名は非公開),,,03-3212-5500,,○,マイナビ,https://job.mynavi.jp/27/pc/search/corp292660/outline.html
イシグロ株式会社,1010001036925,,マイナビ掲載確認(担当者名は非公開),,ishiguro-gr@saiyo-g.net,050-1704-7011,36,○,マイナビ,https://job.mynavi.jp/27/pc/search/corp81170/outline.html
日本紙通商株式会社,1010001045983,,マイナビ掲載確認(担当者名は非公開),人事本部,jinji@np-t.co.jp,03-6665-7053,6,○,マイナビ,https://job.mynavi.jp/27/pc/search/corp235178/outline.html
第一高周波工業株式会社,1010001048722,,マイナビ掲載確認(担当者名は非公開),,,03-5649-3725,6,○,マイナビ,https://job.mynavi.jp/27/pc/search/corp267890/outline.html
高橋カーテンウォール工業株式会社,1010001049480,,マイナビ掲載確認(担当者名は非公開),,,03-3271-1711,,○,マイナビ,https://job.mynavi.jp/27/pc/search/corp104174/outline.html
株式会社東証コンピュータシステム,1010001051437,,マイナビ掲載確認(担当者名は非公開),,saiyou@tcs.co.jp,03-6458-5170,11,○,マイナビ,https://job.mynavi.jp/27/pc/search/corp39822/outline.html
東洋熱工業株式会社,1010001051916,,マイナビ掲載確認(担当者名は非公開),,,03-5250-4146,,○,マイナビ,https://job.mynavi.jp/27/pc/search/corp84293/outline.html
株式会社廣瀬商会,1010001054927,,マイナビ掲載確認(担当者名は非公開),,,03-3271-3851,,○,マイナビ,https://job.mynavi.jp/27/pc/search/corp100185/outline.html
丸三証券株式会社,1010001057236,,マイナビ掲載確認(担当者名は非公開),,,03-3238-2200,,○,マイナビ,https://job.mynavi.jp/27/pc/search/corp1588/outline.html
株式会社東京エコール,1010001059174,,マイナビ掲載確認(担当者名は非公開),,,03-3864-3471,,○,マイナビ,https://job.mynavi.jp/27/pc/search/corp74168/outline.html
ミツワ電機株式会社,1010001058408,,マイナビ掲載確認(担当者名は非公開),,recruit@mitsuwadenki.co.jp,03-6693-0842,,○,マイナビ,https://job.mynavi.jp/27/pc/search/corp50967/outline.html
株式会社アヴァンティスタッフ,1010001061972,,マイナビ掲載確認(担当者名は非公開),,,03-6836-2922,46,○,マイナビ,https://job.mynavi.jp/27/pc/search/corp267213/outline.html
株式会社日本デザインセンター,1010001062302,,マイナビ掲載確認(担当者名は非公開),,recruit@ndc.co.jp,03-6264-0333,,○,マイナビ,https://job.mynavi.jp/27/pc/search/corp221895/outline.html
株式会社パソナ,1010001067359,,マイナビ掲載確認(担当者名は非公開),,,03-6734-1057,,○,マイナビ,https://job.mynavi.jp/27/pc/search/corp39884/outline.html
株式会社ＮＴＴドコモ,1010001067912,,マイナビ掲載確認(担当者名は非公開),,,03-5156-1111,301,○,マイナビ,https://job.mynavi.jp/27/pc/search/corp52405/outline.html
株式会社ＩＤＯＭ,1010001069520,,マイナビ掲載確認(担当者名は非公開),,,0120-348-081,,○,マイナビ,https://job.mynavi.jp/27/pc/search/corp84924/outline.html
商船三井テクノトレード株式会社,1010001074512,,マイナビ掲載確認(担当者名は非公開),,moltech-pad@molgroup.com,03-6367-5300,1,○,マイナビ,https://job.mynavi.jp/27/pc/search/corp82245/outline.html
フロンティアコンストラクション＆パートナーズ株式会社,1010001083026,,マイナビ掲載確認(担当者名は非公開),,,03-6263-9080,,○,マイナビ,https://job.mynavi.jp/27/pc/search/corp106215/outline.html
株式会社トレードワークス,1010001085245,西岡幸嗣,Wantedly投稿者,,,03-5468-9033,11,○,Wantedly+マイナビ,https://www.wantedly.com/projects/1190408
日新興業株式会社,1120001057571,,マイナビ掲載確認(担当者名は非公開),,,03-3256-1311,1,○,マイナビ,https://job.mynavi.jp/27/pc/search/corp21871/outline.html
株式会社公文教育研究会,1120001054949,,マイナビ掲載確認(担当者名は非公開),公文教育研究会人事部,t-jinzai@kumon.co.jp,0120-372-100,26,○,マイナビ,https://job.mynavi.jp/27/pc/search/corp1543/outline.html
スミセイ情報システム株式会社,1120001056193,,マイナビ掲載確認(担当者名は非公開),,,03-3348-6287,51,○,マイナビ,https://job.mynavi.jp/27/pc/search/corp86065/outline.html
西日本旅客鉄道株式会社,1120001059675,,マイナビ掲載確認(担当者名は非公開),,,0120-242-394,301,○,マイナビ,https://job.mynavi.jp/27/pc/search/corp10/outline.html
朝日建物管理株式会社,1120001060014,,マイナビ掲載確認(担当者名は非公開),,,03-3549-1465,1,○,マイナビ,https://job.mynavi.jp/27/pc/search/corp52897/outline.html
株式会社きんでん,1120001063033,,マイナビ掲載確認(担当者名は非公開),株式会社きんでん人事部,saiyo@kinden.co.jp,06-6375-6019,101,○,マイナビ,https://job.mynavi.jp/27/pc/search/corp146/outline.html
大成機工株式会社,1120001066556,,マイナビ掲載確認(担当者名は非公開),,,06-6344-7771,,○,マイナビ,https://job.mynavi.jp/27/pc/search/corp80609/outline.html
株式会社ジェイエスエス,1120001064799,,マイナビ掲載確認(担当者名は非公開),,soumu@jss-grp.co.jp,076-223-7361,,○,マイナビ,https://job.mynavi.jp/27/pc/search/corp79213/outline.html
株式会社ＣＹＬＬＥＮＧＥ,1120001070120,,マイナビ掲載確認(担当者名は非公開),,,03-5730-1400,,○,マイナビ,https://job.mynavi.jp/27/pc/search/corp106464/outline.html
株式会社魚国総本社,1120001074930,,マイナビ掲載確認(担当者名は非公開),,,06-6478-5700,,○,マイナビ,https://job.mynavi.jp/27/pc/search/corp205517/outline.html
小泉産業株式会社,1120001077413,,マイナビ掲載確認(担当者名は非公開),,,06-6262-1353,1,○,マイナビ,https://job.mynavi.jp/27/pc/search/corp106357/outline.html
井澤金属株式会社,1120001077347,,マイナビ掲載確認(担当者名は非公開),総務部,,06-6262-1231,1,○,マイナビ,https://job.mynavi.jp/27/pc/search/corp6841/outline.html
株式会社イムラ,1120001074740,,マイナビ掲載確認(担当者名は非公開),,,0570-035-088,6,○,マイナビ,https://job.mynavi.jp/27/pc/search/corp233580/outline.html
株式会社リヒトラブ,1120001077594,,マイナビ掲載確認(担当者名は非公開),管理本部,jinji5osaka@lihit-lab.co.jp,06-6946-2555,6,○,マイナビ,https://job.mynavi.jp/27/pc/search/corp59105/outline.html
株式会社コノエ,1120001079491,,マイナビ掲載確認(担当者名は非公開),総務課,,06-6746-1903,6,○,マイナビ,https://job.mynavi.jp/27/pc/search/corp53771/outline.html
株式会社コーユービジネス,1120001079599,,マイナビ掲載確認(担当者名は非公開),,,06-6263-2411,,○,マイナビ,https://job.mynavi.jp/27/pc/search/corp225538/outline.html
株式会社出版文化社,1120001081431,,マイナビ掲載確認(担当者名は非公開),本社サービス部人事課,,03-6822-9203,6,○,マイナビ,https://job.mynavi.jp/27/pc/search/corp290196/outline.html
イオンディライト株式会社,1120001081381,,マイナビ掲載確認(担当者名は非公開),採用教育部,,0120-680-885,51,○,マイナビ,https://job.mynavi.jp/27/pc/search/corp76738/outline.html
株式会社サイネックス,1120001079723,,マイナビ掲載確認(担当者名は非公開),,career@scinex.co.jp,06-6766-3339,46,○,マイナビ,https://job.mynavi.jp/27/pc/search/corp65688/outline.html
株式会社タクミナ,1120001083948,,マイナビ掲載確認(担当者名は非公開),,,06-6208-3972,,○,マイナビ,https://job.mynavi.jp/27/pc/search/corp60826/outline.html
株式会社チクマ,1120001084293,,マイナビ掲載確認(担当者名は非公開),,,06-6222-3321,,○,マイナビ,https://job.mynavi.jp/27/pc/search/corp67396/outline.html
株式会社日阪製作所,1120001087750,,マイナビ掲載確認(担当者名は非公開),,recruit@hisaka.co.jp,06-6363-0006,6,○,マイナビ,https://job.mynavi.jp/27/pc/search/corp71402/outline.html
パーソルエクセルＨＲパートナーズ株式会社,1120001089788,,マイナビ掲載確認(担当者名は非公開),,,06-7166-8724,,○,マイナビ,https://job.mynavi.jp/27/pc/search/corp232092/outline.html
株式会社マンダム,1120001090234,,マイナビ掲載確認(担当者名は非公開),,,06-6767-5001,,○,マイナビ,https://job.mynavi.jp/27/pc/search/corp8087/outline.html
株式会社ワークステーション,1120001092585,,マイナビ掲載確認(担当者名は非公開),,wsjinji@workstation.co.jp,06-4391-8806,1,○,マイナビ,https://job.mynavi.jp/27/pc/search/corp63844/outline.html
株式会社レタス,1120001092346,,マイナビ掲載確認(担当者名は非公開),,,06-6221-3250,1,○,マイナビ,https://job.mynavi.jp/27/pc/search/corp220753/outline.html
大阪有機化学工業株式会社,1120001093014,,マイナビ掲載確認(担当者名は非公開),,,06-6264-5071,,○,マイナビ,https://job.mynavi.jp/27/pc/search/corp58074/outline.html
株式会社イチネン,1120001097972,,マイナビ掲載確認(担当者名は非公開),,,052-831-6502,,○,マイナビ,https://job.mynavi.jp/27/pc/search/corp93783/outline.html
株式会社宮崎,1180001045546,,マイナビ掲載確認(担当者名は非公開),管理部,02-freshers-recruit@miyazaki-nw.or,0985-30-5050,1,○,マイナビ,https://job.mynavi.jp/27/pc/search/corp227096/outline.html
中央紙器工業株式会社,1180001045224,,マイナビ掲載確認(担当者名は非公開),総務部,,052-400-2800,6,○,マイナビ,https://job.mynavi.jp/27/pc/search/corp216755/outline.html
株式会社アビリブ,1180001056163,細川健一,Wantedly投稿者,,,052-262-8041,,○,Wantedly+マイナビ,https://www.wantedly.com/projects/2003096
ＮＤＳインフォス株式会社,1180001056171,,マイナビ掲載確認(担当者名は非公開),,,052-223-5255,11,○,マイナビ,https://job.mynavi.jp/27/pc/search/corp73705/outline.html
東建コーポレーション株式会社,1180001054828,,マイナビ掲載確認(担当者名は非公開),,,052-232-8013,,○,マイナビ,https://job.mynavi.jp/27/pc/search/corp54375/outline.html
マスプロ電工株式会社,1180001067276,,マイナビ掲載確認(担当者名は非公開),,,052-802-2222,,○,マイナビ,https://job.mynavi.jp/27/pc/search/corp2223/outline.html
笹徳印刷株式会社,1180001069322,,マイナビ掲載確認(担当者名は非公開),,saiyou@sasatoku.co.jp,0562-98-3334,6,○,マイナビ,https://job.mynavi.jp/27/pc/search/corp106319/outline.html
株式会社コモ,1180001075799,,マイナビ掲載確認(担当者名は非公開),,,0568-73-7050,6,○,マイナビ,https://job.mynavi.jp/27/pc/search/corp200240/outline.html
岩田食品株式会社,1180001082184,,マイナビ掲載確認(担当者名は非公開),総務部,soumu1@iwatafoods.co.jp,0586-71-0321,6,○,マイナビ,https://job.mynavi.jp/27/pc/search/corp55111/outline.html
オークマ株式会社,1180001081319,,マイナビ掲載確認(担当者名は非公開),,,0587-95-7819,51,○,マイナビ,https://job.mynavi.jp/27/pc/search/corp52340/outline.html
株式会社今仙電機製作所,1180001080700,,マイナビ掲載確認(担当者名は非公開),,,0568-67-1211,,○,マイナビ,https://job.mynavi.jp/27/pc/search/corp54842/outline.html
ＮＫＫスイッチズ株式会社,1020001066839,,マイナビ掲載確認(担当者名は非公開),,,044-813-8006,,○,マイナビ,https://job.mynavi.jp/27/pc/search/corp61984/outline.html
富士通株式会社,1020001071491,,マイナビ掲載確認(担当者名は非公開),,,03-3216-3684,,○,マイナビ,https://job.mynavi.jp/27/pc/search/corp84942/outline.html
株式会社秀光,1020001077472,,マイナビ掲載確認(担当者名は非公開),,,044-543-5320,,○,マイナビ,https://job.mynavi.jp/27/pc/search/corp54310/outline.html
東芝電波プロダクツ株式会社,1020001081053,,マイナビ掲載確認(担当者名は非公開),ロダクツ株式会社総務部,tept-saiyou@tept.toshiba.co.jp,044-548-5235,16,○,マイナビ,https://job.mynavi.jp/27/pc/search/corp39823/outline.html
アイ・ティー・エックス株式会社,1020001108657,,マイナビ掲載確認(担当者名は非公開),,,095-801-2411,11,○,マイナビ,https://job.mynavi.jp/27/pc/search/corp211000/outline.html
株式会社グッドライフ,1021001000589,,マイナビ掲載確認(担当者名は非公開),,,03-6222-8563,51,○,マイナビ,https://job.mynavi.jp/27/pc/search/corp250477/outline.html
株式会社エイアンドティー,1021001002692,,マイナビ掲載確認(担当者名は非公開),人材開発グループ,,045-440-5810,11,○,マイナビ,https://job.mynavi.jp/27/pc/search/corp76986/outline.html
株式会社ＹＤＫテクノロジーズ,1021001022880,,マイナビ掲載確認(担当者名は非公開),人財総務部,saiyo@ydktechs.co.jp,0463-84-8751,16,○,マイナビ,https://job.mynavi.jp/27/pc/search/corp7575/outline.html
株式会社ＱＣＬ,1290001058636,,マイナビ掲載確認(担当者名は非公開),,,092-474-0606,,○,マイナビ,https://job.mynavi.jp/27/pc/search/corp286190/outline.html
キャタピラー九州株式会社,1290001079293,,マイナビ掲載確認(担当者名は非公開),本社業務部総務人事課,ck_recruit@catkyushu.jp,092-924-1221,11,○,マイナビ,https://job.mynavi.jp/27/pc/search/corp75525/outline.html
福岡酸素株式会社,1290001049544,,マイナビ掲載確認(担当者名は非公開),,,0942-33-0411,,○,マイナビ,https://job.mynavi.jp/27/pc/search/corp83346/outline.html
濱田重工株式会社,1290801003064,,マイナビ掲載確認(担当者名は非公開),,,093-883-2879,11,○,マイナビ,https://job.mynavi.jp/27/pc/search/corp68049/outline.html
株式会社ヤマックス,1290801007338,,マイナビ掲載確認(担当者名は非公開),,,092-937-5531,,○,マイナビ,https://job.mynavi.jp/27/pc/search/corp200490/outline.html
株式会社アスモフードサービス東日本,1430001072317,,マイナビ掲載確認(担当者名は非公開),,,03-3349-8551,,○,マイナビ,https://job.mynavi.jp/27/pc/search/corp104819/outline.html
株式会社コンピューター・ビジネス,1450001001133,,マイナビ掲載確認(担当者名は非公開),,,0166-65-4511,1,○,マイナビ,https://job.mynavi.jp/27/pc/search/corp214103/outline.html
環境コンサルタント株式会社,1460001000241,武田,マイナビ掲載確認(担当者名は非公開) / メール推定(takeda→武田),,seiichiro_takeda@next-enviro.co.jp,0238-29-0025,1,○,マイナビ,https://job.mynavi.jp/27/pc/search/corp240607/outline.html
東洋株式会社,1460101001189,,マイナビ掲載確認(担当者名は非公開),,,03-5521-2169,,○,マイナビ,https://job.mynavi.jp/27/pc/search/corp73642/outline.html
株式会社三共後藤建設,1460301001253,,マイナビ掲載確認(担当者名は非公開),総務部,sawai@sankyo-goto.co.jp,0152-73-3161,,○,マイナビ,https://job.mynavi.jp/27/pc/search/corp236963/outline.html
株式会社エーティック,2430001002181,,マイナビ掲載確認(担当者名は非公開),,,080-0170-4832,1,○,マイナビ,https://job.mynavi.jp/27/pc/search/corp202313/outline.html
株式会社日総,2430001012643,,マイナビ掲載確認(担当者名は非公開),,,011-785-0015,,○,マイナビ,https://job.mynavi.jp/27/pc/search/corp217803/outline.html
株式会社電通北海道,2430001010952,,マイナビ掲載確認(担当者名は非公開),電通北海道経営管理局総務人事部,saiyo-hokkaido@dhj.dentsu.co.jp,011-214-5007,1,○,マイナビ,https://job.mynavi.jp/27/pc/search/corp71613/outline.html
株式会社シビテック,2430001007651,,マイナビ掲載確認(担当者名は非公開),,,011-816-3001,1,○,マイナビ,https://job.mynavi.jp/27/pc/search/corp283446/outline.html
札建工業株式会社,2430001006736,,マイナビ掲載確認(担当者名は非公開),経営管理本部,,011-737-2210,,○,マイナビ,https://job.mynavi.jp/27/pc/search/corp214101/outline.html
株式会社ムトウ,2430001016743,,マイナビ掲載確認(担当者名は非公開),株式会社ムトウ管理部,makoto_m@mutounet.com,092-851-0111,6,○,マイナビ,https://job.mynavi.jp/27/pc/search/corp246232/outline.html
株式会社サンコー,2430001019011,西川,マイナビ掲載確認(担当者名は非公開) / メール推定(nishikawa→西川),,nishikawa@sancoh-web.co.jp,076-424-3050,1,○,マイナビ,https://job.mynavi.jp/27/pc/search/corp204809/outline.html
札幌トヨタ自動車株式会社,2430001020191,,マイナビ掲載確認(担当者名は非公開),,,011-231-3111,,○,マイナビ,https://job.mynavi.jp/27/pc/search/corp62448/outline.html
三井不動産リアルティ札幌株式会社,2430001020480,,マイナビ掲載確認(担当者名は非公開),,,011-231-6845,,○,マイナビ,https://job.mynavi.jp/27/pc/search/corp94760/outline.html
株式会社ワンステップ,1140001062280,柳田匠,Wantedly投稿者,,,,,,Wantedly,https://www.wantedly.com/projects/1582458
株式会社プレステージ・インターナショナル,1010001089262,荒川亮太,Wantedly投稿者,,,,,,Wantedly,https://www.wantedly.com/projects/2040548
株式会社クリーク・アンド・リバー社,1010001101101,佐藤菜採,Wantedly投稿者,,,,,,Wantedly,https://www.wantedly.com/projects/422182
フォーエス株式会社,3300001001212,関春之佑,Wantedly投稿者,,,,,,Wantedly,https://www.wantedly.com/projects/2162331
フェンリル株式会社,,鈴木都,Wantedly投稿者,,,,,,Wantedly,https://www.wantedly.com/projects/1577707