企業名,発見媒体,発見クエリ,掲載件数
株式会社ネオキャリア,求人ボックス,新卒 営業 東京,1
井上定株式会社,求人ボックス,新卒 営業 東京,1
株式会社i-plug,求人ボックス,新卒 営業 東京,2
日本瓦斯株式会社,求人ボックス,新卒 営業 東京,1
Mitty株式会社,求人ボックス,新卒 営業 東京,1
パナック株式会社,求人ボックス,新卒 営業 東京,1
株式会社インフィニティエージェント,求人ボックス,新卒 営業 東京,1
フクシマガリレイ株式会社,求人ボックス,新卒 営業 東京,1
株式会社長谷工リアルエステート,求人ボックス,新卒 営業 東京,1
テラドローン株式会社,求人ボックス,新卒 営業 東京,1
山三株式会社,求人ボックス,新卒 営業 東京,1
富士産業株式会社,求人ボックス,新卒 営業 東京,2
三田電業株式会社,求人ボックス,新卒 営業 東京,2
株式会社フォーラムエンジニアリング,求人ボックス,新卒 営業 東京,2
株式会社毎日コムネット,求人ボックス,新卒 営業 東京,2
プラドアカデミー 板橋校,求人ボックス,新卒 営業 東京,1
株式会社スポーツフィールド,求人ボックス,新卒 営業 東京,2
株式会社ジールコミュニケーションズ,求人ボックス,新卒 営業 東京,2
株式会社大協建材,求人ボックス,新卒 営業 東京,1
ALH株式会社,求人ボックス,新卒 営業 東京,1
株式会社トーコン,求人ボックス,新卒 営業 東京,1
株式会社オンテックス,求人ボックス,新卒 営業 東京,1
株式会社メイクス,求人ボックス,新卒 営業 東京,1
株式会社アドバンス,求人ボックス,新卒 営業 東京,1
株式会社テクノジャパン,求人ボックス,新卒 営業 東京,1
株式会社シンフォニード,求人ボックス,新卒 営業 東京,1
ヤマダイ株式会社,求人ボックス,新卒 営業 東京,1
株式会社B・P・S,求人ボックス,新卒 営業 東京,1
株式会社Timers,求人ボックス,新卒 営業 東京,1
株式会社ビズリーチ,求人ボックス,新卒 営業 東京,1
株式会社START LINE,求人ボックス,新卒 営業 東京,1
X Mile株式会社,求人ボックス,新卒 営業 東京,1
グッドルーム株式会社,求人ボックス,新卒 営業 東京,1
株式会社yell,求人ボックス,新卒 営業 東京,1
株式会社メルディア,求人ボックス,新卒 営業 東京,1
株式会社レオパレス21,求人ボックス,新卒 営業 東京,1
株式会社綜合キャリアオプション,求人ボックス,新卒 営業 東京,1
株式会社For A-career,求人ボックス,新卒 営業 東京,1
ALSOK株式会社,求人ボックス,新卒 営業 東京,1
パーソルキャリア株式会社,求人ボックス,新卒 営業 東京,1
株式会社make standards,求人ボックス,新卒 営業 東京,1
オーガニックグループ株式会社,求人ボックス,新卒 営業 東京,1
株式会社オープンアップネクストエンジニア,求人ボックス,新卒 エンジニア 東京,1
株式会社瀧口製作所,求人ボックス,新卒 エンジニア 東京,1
株式会社zero-state,求人ボックス,新卒 エンジニア 東京,2
株式会社GUM,求人ボックス,新卒 エンジニア 東京,1
株式会社マネーフォワード,求人ボックス,新卒 エンジニア 東京,1
株式会社ファナティック,求人ボックス,新卒 エンジニア 東京,1
永山コンピューターサービス株式会社,求人ボックス,新卒 エンジニア 東京,1
KKCシステムズ株式会社,求人ボックス,新卒 エンジニア 東京,1
株式会社Gizumo,求人ボックス,新卒 エンジニア 東京,1
株式会社アソウ・アルファ,求人ボックス,新卒 エンジニア 東京,1
株式会社BREXA Technology,求人ボックス,新卒 エンジニア 東京,1
株式会社ハイテックス,求人ボックス,新卒 エンジニア 東京,1
電音エンジニアリング株式会社,求人ボックス,新卒 エンジニア 東京,1
株式会社ドリーム・アーツ,求人ボックス,新卒 エンジニア 東京,1
中央ソフト開発株式会社,求人ボックス,新卒 エンジニア 東京,1
株式会社ユニゾン・テクノロジー,求人ボックス,新卒 エンジニア 東京,2
株式会社スタッフサービス エンジニアガイド,求人ボックス,新卒 エンジニア 東京,1
株式会社日立エンジニアリング,求人ボックス,新卒 エンジニア 東京,1
Success Force株式会社,求人ボックス,新卒 エンジニア 東京,1
株式会社SAKURUG,求人ボックス,新卒 エンジニア 東京,1
ティー・アンド・ティー株式会社,求人ボックス,新卒 エンジニア 東京,1
株式会社TBM,求人ボックス,新卒 エンジニア 東京,1
株式会社EMP 制作技術部,求人ボックス,新卒 エンジニア 東京,1
株式会社スピードリンクジャパン,求人ボックス,新卒 エンジニア 東京,1
株式会社HIT,求人ボックス,新卒 エンジニア 東京,1
合同会社FYB,求人ボックス,新卒 エンジニア 東京,1
フォワードソフト株式会社,求人ボックス,新卒 エンジニア 東京,1
フォーシーズンズ株式会社,求人ボックス,新卒 エンジニア 東京,1
株式会社Y&K Narita Internati...,求人ボックス,新卒 エンジニア 東京,1
株式会社RIOT,求人ボックス,新卒 エンジニア 東京,1
シェアジャパン株式会社,求人ボックス,新卒 エンジニア 東京,1
学校法人道灌山学園,求人ボックス,新卒 企画 東京,1
株式会社富士巧芸社,求人ボックス,新卒 企画 東京,1
株式会社Plott,求人ボックス,新卒 企画 東京,1
株式会社大都技研,求人ボックス,新卒 企画 東京,2
株式会社LVUP,求人ボックス,新卒 企画 東京,1
株式会社Cygames,求人ボックス,新卒 企画 東京,2
レバレジーズ株式会社,求人ボックス,新卒 企画 東京,2
株式会社バイク王&カンパニー,求人ボックス,新卒 企画 東京,1
エムスリー株式会社,求人ボックス,新卒 企画 東京,2
RX Japan合同会社,求人ボックス,新卒 企画 東京,2
株式会社スタッフサービス ITソリューション,求人ボックス,新卒 企画 東京,1
株式会社イングリウッド,求人ボックス,新卒 企画 東京,1
bravesoft株式会社,求人ボックス,新卒 企画 東京,1
ソルー株式会社,求人ボックス,新卒 企画 東京,1
INTLOOP株式会社,求人ボックス,新卒 企画 東京,1
株式会社アクアスター,求人ボックス,新卒 企画 東京,1
ダブルエース株式会社,求人ボックス,新卒 企画 東京,1
株式会社プレックス,求人ボックス,新卒 企画 東京,1
株式会社ファイブ・フォックス,求人ボックス,新卒 企画 東京,1
ステラ千住ふたば保育園,求人ボックス,新卒 企画 東京,1
大田区立新井宿児童館,求人ボックス,新卒 企画 東京,1
ケイアイスター不動産株式会社,求人ボックス,新卒 企画 東京,1
南田中小ねりっこひろば,求人ボックス,新卒 企画 東京,1
日本コンベンションサービス株式会社,求人ボックス,新卒 企画 東京,1
株式会社クロス・マーケティンググループ,求人ボックス,新卒 企画 東京,1
株式会社ワークス・ジャパン,求人ボックス,新卒 企画 東京,1
株式会社WorkX,求人ボックス,新卒 企画 東京,1
株式会社クリーク・アンド・リバー社,求人ボックス,新卒 企画 東京,1
株式会社Libero,求人ボックス,新卒 企画 東京,1
リトライブ株式会社,求人ボックス,新卒 企画 東京,1
株式会社和心,求人ボックス,新卒 企画 東京,1
株式会社ヤマノホールディングス,求人ボックス,新卒 総合職 東京,1
ミクロ精工株式会社,求人ボックス,新卒 総合職 東京,1
株式会社グラフィック,求人ボックス,新卒 総合職 東京,1
株式会社貝沢工業所,求人ボックス,新卒 総合職 東京,1
ネクステージ池袋店,求人ボックス,新卒 総合職 東京,1
ネクステージ足立店,求人ボックス,新卒 総合職 東京,1
大分朝日放送株式会社,求人ボックス,新卒 総合職 東京,1
SUV LAND横浜町田／株式会社ネクステージ,求人ボックス,新卒 総合職 東京,2
ネクステージ板橋店,求人ボックス,新卒 総合職 東京,1
パーソルテンプスタッフ株式会社,求人ボックス,新卒 総合職 東京,1
ネクステージ世田谷店,求人ボックス,新卒 総合職 東京,1
アデコ株式会社,求人ボックス,新卒 総合職 東京,1
マセラティ江東,求人ボックス,新卒 総合職 東京,1
ネクステージ小平店,求人ボックス,新卒 総合職 東京,2
学校法人大乗淑徳学園,求人ボックス,新卒 総合職 東京,1
株式会社FUSIONIA,求人ボックス,新卒 総合職 東京,1
BYD AUTO池袋,求人ボックス,新卒 総合職 東京,1
ネクステージ葛飾店,求人ボックス,新卒 総合職 東京,1
ネクステージ昭島店,求人ボックス,新卒 総合職 東京,2
ハート・インターナショナルグループ,求人ボックス,新卒 総合職 東京,1
株式会社東名自動車学校,求人ボックス,新卒 総合職 東京,1
FIDIA SOLUTIONS株式会社,求人ボックス,新卒 総合職 東京,1
株式会社大岩マシナリー,求人ボックス,新卒 総合職 東京,1
町田市農業協同組合,求人ボックス,新卒 総合職 東京,1
第二東京弁護士会,求人ボックス,新卒 総合職 東京,1
ADEKA総合設備株式会社,求人ボックス,新卒 総合職 東京,1
代々木オール株式会社,求人ボックス,新卒 総合職 東京,1
株式会社セレス,求人ボックス,新卒 総合職 東京,1
クイーンズウェイ ヤエチカ,求人ボックス,新卒 総合職 東京,1
株式会社日本総合研究所,求人ボックス,新卒 総合職 東京,1
株式会社マイルストーン,求人ボックス,新卒 総合職 東京,1
クイーンズウェイ 丸ビル,求人ボックス,新卒 総合職 東京,1
加納コーポレーション株式会社,求人ボックス,新卒 総合職 東京,1
コニカミノルタ株式会社,求人ボックス,新卒 総合職 東京,1
Dr.stretch ヤエチカ店／ds,求人ボックス,新卒 総合職 東京,1
デスティネーション・リゾーツ&ホテルズ・マネジメ...,求人ボックス,新卒 総合職 東京,1
株式会社JPR,求人ボックス,新卒 総合職 東京,1
ネクステージ江戸川店,求人ボックス,新卒 総合職 東京,1
M&Iホールディングス株式会社,求人ボックス,新卒 総合職 東京,1
株式会社稲治造園工務所,求人ボックス,新卒 総合職 東京,1
MATCHMAKER,求人ボックス,新卒 総合職 東京,1
生活協同組合パルシステム東京,求人ボックス,新卒 総合職 東京,1
株式会社ニチイ学館,求人ボックス,新卒 事務 東京,1
株式会社レイア,求人ボックス,新卒 事務 東京,1
株式会社エンジニアファースト,求人ボックス,新卒 事務 東京,1
株式会社田山工業,求人ボックス,新卒 事務 東京,1
弁護士法人法律事務所ロイヤーズ・ハイ,求人ボックス,新卒 事務 東京,1
ハンディ株式会社,求人ボックス,新卒 事務 東京,1
朝日税理士法人,求人ボックス,新卒 事務 東京,1
医療法人社団永研会,求人ボックス,新卒 事務 東京,1
株式会社レッグス,求人ボックス,新卒 事務 東京,1
株式会社三菱UFJ銀行,求人ボックス,新卒 事務 東京,1
社会福祉法人正吉福祉会,求人ボックス,新卒 事務 東京,2
株式会社L&E Group,求人ボックス,新卒 事務 東京,2
TPK株式会社,求人ボックス,新卒 事務 東京,2
医療法人泰一会,求人ボックス,新卒 事務 東京,2
双日商業開発株式会社,求人ボックス,新卒 事務 東京,2
株式会社日本カストディ銀行,求人ボックス,新卒 事務 東京,2
医療法人社団もかほ会,求人ボックス,新卒 事務 東京,2
株式会社商工組合中央金庫,求人ボックス,新卒 事務 東京,2
株式会社リエネ・エナジー,求人ボックス,新卒 事務 東京,2
株式会社綜合キャリアトラスト,求人ボックス,新卒 事務 東京,1
株式会社シンアトラス,求人ボックス,新卒 事務 東京,1
日進トレーディング株式会社,求人ボックス,新卒 事務 東京,1
株式会社キャムテック,求人ボックス,新卒 事務 東京,1
正志会グループ,求人ボックス,新卒 事務 東京,1
SBIアルヒ株式会社,求人ボックス,新卒 事務 東京,1
医療法人社団苑田会 苑田第三病院,求人ボックス,新卒 事務 東京,1
株式会社ELM,求人ボックス,新卒 事務 東京,1
株式会社ジャスミンシステム,求人ボックス,新卒 事務 東京,1
株式会社LOP,求人ボックス,新卒 事務 東京,1
合同会社ラージ,求人ボックス,新卒 事務 東京,1
ベンタス株式会社,求人ボックス,新卒 事務 東京,1
第二青陽園,求人ボックス,新卒 事務 東京,1
株式会社enrich technology,求人ボックス,新卒 事務 東京,1
株式会社ELシステム,求人ボックス,新卒 事務 東京,1
株式会社大斗,求人ボックス,新卒 事務 東京,1
株式会社Birth,求人ボックス,新卒 事務 東京,1
株式会社ジーアフター,求人ボックス,新卒 販売 東京,1
株式会社キューブ,求人ボックス,新卒 販売 東京,1
株式会社ファーイーストカンパニー,求人ボックス,新卒 販売 東京,1
株式会社北の達人コーポレーション,求人ボックス,新卒 販売 東京,1
株式会社リクルートスタッフィング,求人ボックス,新卒 販売 東京,1
株式会社新東通信,求人ボックス,新卒 販売 東京,1
株式会社サイクルワークス,求人ボックス,新卒 販売 東京,1
株式会社マリハインターナショナル,求人ボックス,新卒 販売 東京,2
株式会社アイランド,求人ボックス,新卒 販売 東京,2
株式会社ジンズ,求人ボックス,新卒 販売 東京,3
株式会社サーズ,求人ボックス,新卒 販売 東京,1
株式会社ジェイ・ビー,求人ボックス,新卒 販売 東京,1
株式会社サントラージュ,求人ボックス,新卒 販売 東京,2
株式会社なだ万,求人ボックス,新卒 販売 東京,2
株式会社オフィシャルバイヤーズ,求人ボックス,新卒 販売 東京,2
株式会社鼓月,求人ボックス,新卒 販売 東京,2
ワールドグループ新卒採用,求人ボックス,新卒 販売 東京,1
株式会社ケイスタイル,求人ボックス,新卒 販売 東京,1
株式会社SCミート,求人ボックス,新卒 販売 東京,1
株式会社アミナコレクション,求人ボックス,新卒 販売 東京,1
大進ホンダ株式会社,求人ボックス,新卒 販売 東京,1
釣具買取専門店ウェイブ,求人ボックス,新卒 販売 東京,1
株式会社MCM,求人ボックス,新卒 販売 東京,1
WyL株式会社,求人ボックス,新卒 販売 東京,1
株式会社タフ,求人ボックス,新卒 販売 東京,1
パルド株式会社,求人ボックス,新卒 販売 東京,1
株式会社うかい,求人ボックス,新卒 販売 東京,1
株式会社ルックホールディングス,求人ボックス,新卒 販売 東京,1
株式会社クレイブ,求人ボックス,新卒 販売 東京,1
ForceLinkNext株式会社,求人ボックス,新卒 販売 東京,1
株式会社NODA Japan,求人ボックス,新卒 販売 東京,1
シューワ株式会社,求人ボックス,新卒 販売 東京,1
ニュー百貨株式会社,求人ボックス,新卒 販売 東京,1
コジマ×ビックカメラ善福寺店,求人ボックス,新卒 販売 東京,1
建総企画株式会社,求人ボックス,新卒 販売 東京,1
シナジーマーケティング株式会社,求人ボックス,新卒 マーケティング 東京,1
株式会社Early Bird,求人ボックス,新卒 マーケティング 東京,1
ヨネックス株式会社,求人ボックス,新卒 マーケティング 東京,1
株式会社モリタ,求人ボックス,新卒 マーケティング 東京,1
株式会社ジュエリー工房Orefice,求人ボックス,新卒 マーケティング 東京,1
株式会社コトラ,求人ボックス,新卒 マーケティング 東京,1
トランス・コスモス株式会社～プライム市場上場企業～,求人ボックス,新卒 マーケティング 東京,1
株式会社マーキュリー,求人ボックス,新卒 マーケティング 東京,2
株式会社タダノ,求人ボックス,新卒 マーケティング 東京,1
ファンネルアド株式会社,求人ボックス,新卒 マーケティング 東京,2
株式会社マーキュリー セールスプロモーション事業,求人ボックス,新卒 マーケティング 東京,1
株式会社ABABA,求人ボックス,新卒 マーケティング 東京,1
株式会社ジーニー,求人ボックス,新卒 マーケティング 東京,1
株式会社TalentX,求人ボックス,新卒 マーケティング 東京,1
株式会社ブロンコビリー,求人ボックス,新卒 マーケティング 東京,1
株式会社Media Theater,求人ボックス,新卒 マーケティング 東京,1
株式会社Senjin Holdings,求人ボックス,新卒 マーケティング 東京,1
株式会社ストライクグループ,求人ボックス,新卒 マーケティング 東京,1
BLUE FITNESS24 松戸店,求人ボックス,新卒 マーケティング 東京,1
RISU Japan株式会社,求人ボックス,新卒 マーケティング 東京,1
ゴウリカ株式会社,求人ボックス,新卒 マーケティング 東京,1
株式会社Dreamship,求人ボックス,新卒 マーケティング 東京,1
株式会社エーテル,求人ボックス,新卒 マーケティング 東京,1
BLUE FITNESS24 新検見川店,求人ボックス,新卒 マーケティング 東京,1
Shared X株式会社,求人ボックス,新卒 マーケティング 東京,1
株式会社PMFコンサルティング,求人ボックス,新卒 マーケティング 東京,1
エンターテイメント株式会社,求人ボックス,新卒 マーケティング 東京,1
株式会社dwing,求人ボックス,新卒 マーケティング 東京,1
株式会社エム・シー・アイ,求人ボックス,新卒 マーケティング 東京,1
株式会社NeXT,求人ボックス,新卒 マーケティング 東京,1
株式会社バント,求人ボックス,新卒 マーケティング 東京,1
株式会社ThinkPunks,求人ボックス,新卒 マーケティング 東京,1
株式会社MONOLITH Japan,求人ボックス,新卒 デザイナー 東京,1
アイアルマーズ株式会社,求人ボックス,新卒 デザイナー 東京,1
株式会社プログレス,求人ボックス,新卒 デザイナー 東京,1
株式会社エス・ワイ・エス,求人ボックス,新卒 デザイナー 東京,1
ピアス株式会社,求人ボックス,新卒 デザイナー 東京,1
株式会社DYM,求人ボックス,新卒 デザイナー 東京,1
株式会社パル,求人ボックス,新卒 デザイナー 東京,1
株式会社ADE CREATES,求人ボックス,新卒 デザイナー 東京,2
株式会社sizebook,求人ボックス,新卒 デザイナー 東京,2
株式会社キャセリーニ,求人ボックス,新卒 デザイナー 東京,2
株式会社アップコム,求人ボックス,新卒 デザイナー 東京,2
株式会社ライツ,求人ボックス,新卒 デザイナー 東京,2
株式会社バンク・オブ・イノベーション,求人ボックス,新卒 デザイナー 東京,2
株式会社フレッシュタウン,求人ボックス,新卒 デザイナー 東京,1
株式会社alBee,求人ボックス,新卒 デザイナー 東京,1
株式会社Le Lien,求人ボックス,新卒 デザイナー 東京,1
株式会社Linksprout,求人ボックス,新卒 デザイナー 東京,1
株式会社サイバーコネクトツー,求人ボックス,新卒 デザイナー 東京,1
株式会社ReAM,求人ボックス,新卒 デザイナー 東京,1
フォーク株式会社,求人ボックス,新卒 デザイナー 東京,1
エルコムウォーク株式会社,求人ボックス,新卒 デザイナー 東京,1
Yts株式会社,求人ボックス,新卒 デザイナー 東京,1
株式会社小林,求人ボックス,新卒 デザイナー 東京,1
株式会社RIOT GROUP,求人ボックス,新卒 デザイナー 東京,1
AQUARIUS株式会社,求人ボックス,新卒 デザイナー 東京,1
株式会社KAIKA,求人ボックス,新卒 デザイナー 東京,1
株式会社シーズ・スリー,求人ボックス,新卒 デザイナー 東京,1
株式会社ジェイ・フリート,求人ボックス,新卒 デザイナー 東京,1
ポート株式会社,求人ボックス,新卒 コンサル 東京,1
パーソルエクセルHRパートナーズ株式会社,求人ボックス,新卒 コンサル 東京,1
株式会社オープンループパートナーズ,求人ボックス,新卒 コンサル 東京,1
株式会社レッツアイ,求人ボックス,新卒 コンサル 東京,1
株式会社ファミリーコーポレーション,求人ボックス,新卒 コンサル 東京,1
T&T税理士法人,求人ボックス,新卒 コンサル 東京,1
株式会社Dirbato,求人ボックス,新卒 コンサル 東京,2
株式会社スリーエスコンサルタンツ,求人ボックス,新卒 コンサル 東京,2
AKKODiSコンサルティング株式会社,求人ボックス,新卒 コンサル 東京,1
フューチャー株式会社,求人ボックス,新卒 コンサル 東京,1
株式会社andUS,求人ボックス,新卒 コンサル 東京,1
株式会社ワンストップHOP,求人ボックス,新卒 コンサル 東京,1
Balve Gym 篠崎店,求人ボックス,新卒 コンサル 東京,1
株式会社ウィンティ,求人ボックス,新卒 コンサル 東京,1
Balve Gym 船堀店,求人ボックス,新卒 コンサル 東京,1
株式会社ハイブリッジマネジメント,求人ボックス,新卒 コンサル 東京,1
株式会社FREEBRAIN 注力案件,求人ボックス,新卒 コンサル 東京,1
株式会社KSP,求人ボックス,新卒 コンサル 東京,1
サイバーフリークス株式会社,求人ボックス,新卒 コンサル 東京,1
株式会社FREEBRAIN,求人ボックス,新卒 コンサル 東京,1
東京デンタルクリニック,求人ボックス,新卒 コンサル 東京,1
株式会社レイゼクス,求人ボックス,新卒 コンサル 東京,1
アルファブレーンコンサルティング株式会社,求人ボックス,新卒 コンサル 東京,1
株式会社ロンバード,求人ボックス,新卒 コンサル 東京,1
Avalon Consulting株式会社,求人ボックス,新卒 コンサル 東京,1
長崎文化放送株式会社,求人ボックス,新卒 技術職 東京,1
株式会社キッド,求人ボックス,新卒 技術職 東京,1
スーパーマーケットバロー 本羽田店,求人ボックス,新卒 技術職 東京,1
TANAKEN株式会社,求人ボックス,新卒 技術職 東京,1
UNDEUX SUPER BODY 栄スタジオ,求人ボックス,新卒 技術職 東京,1
三峰電気株式会社,求人ボックス,新卒 技術職 東京,1
JAGフィールド株式会社,求人ボックス,新卒 技術職 東京,2
UNDEUX SUPER BODY 本厚木スタジオ,求人ボックス,新卒 技術職 東京,1
徳倉建設株式会社,求人ボックス,新卒 技術職 東京,2
振興電気株式会社,求人ボックス,新卒 技術職 東京,2
エレワール株式会社,求人ボックス,新卒 技術職 東京,1
イオンディライトコネクト株式会社,求人ボックス,新卒 技術職 東京,1
株式会社I&color,求人ボックス,新卒 技術職 東京,1
KSグループ輸入車事業部 2027年度新卒用 技...,求人ボックス,新卒 技術職 東京,1
株式会社メイテックキャスト,求人ボックス,新卒 技術職 東京,1
大成技研株式会社,求人ボックス,新卒 技術職 東京,1
UNDEUX SUPER BODY 堺スタジオ,求人ボックス,新卒 技術職 東京,1
ジーエヌティー株式会社,求人ボックス,新卒 技術職 東京,1
UNDEUX SUPER BODY 博多スタジオ,求人ボックス,新卒 技術職 東京,1
株式会社エクセレンス,求人ボックス,新卒 技術職 東京,1
昌和輸送機株式会社,求人ボックス,新卒 技術職 東京,1
UNDEUX SUPER BODY 芦屋スタジオ,求人ボックス,新卒 技術職 東京,1
イーズ ラボ&サロン大丸東京店,求人ボックス,新卒 技術職 東京,1
株式会社ウラタ,求人ボックス,新卒 技術職 東京,1
アクアリンク株式会社,求人ボックス,新卒 技術職 東京,1
株式会社アルテカ,求人ボックス,新卒 技術職 東京,1
Quality Cloud株式会社,求人ボックス,新卒 技術職 東京,1
ヴェオリア・ジェネッツ株式会社,求人ボックス,新卒 技術職 東京,1
株式会社城南サービス,求人ボックス,新卒 技術職 東京,1
株式会社ネットセーブ,求人ボックス,新卒 技術職 東京,1
株式会社高橋メタル,求人ボックス,新卒 技術職 東京,1
株式会社電通総研,求人ボックス,新卒 技術職 東京,1
株式会社キーマネジメントソリューションズ,求人ボックス,新卒 技術職 東京,1
株式会社スタッフサービス,求人ボックス,新卒 システムエンジニア 東京,1
柿沼金属精機株式会社,求人ボックス,新卒 システムエンジニア 東京,1
特定非営利活動法人日本ファイナンシャル・プランナ...,求人ボックス,新卒 システムエンジニア 東京,1
株式会社KBTEC,求人ボックス,新卒 システムエンジニア 東京,2
株式会社リクルートR&Dスタッフィング,求人ボックス,新卒 システムエンジニア 東京,2
株式会社マクニカ,求人ボックス,新卒 システムエンジニア 東京,2
東京海上日動システムズ株式会社,求人ボックス,新卒 システムエンジニア 東京,2
株式会社KOSMO,求人ボックス,新卒 システムエンジニア 東京,2
株式会社博報堂プロダクツ,求人ボックス,新卒 システムエンジニア 東京,2
三愛オブリ株式会社,求人ボックス,新卒 システムエンジニア 東京,2
受発注バスターズ株式会社,求人ボックス,新卒 システムエンジニア 東京,2
日本クリエイティブシステム株式会社,求人ボックス,新卒 システムエンジニア 東京,1
東京コンピュータサービス株式会社,求人ボックス,新卒 システムエンジニア 東京,1
株式会社VITA,求人ボックス,新卒 システムエンジニア 東京,1
株式会社アイ・ブロード,求人ボックス,新卒 システムエンジニア 東京,1
株式会社Meta Sales,求人ボックス,新卒 システムエンジニア 東京,1
G-new's株式会社,求人ボックス,新卒 システムエンジニア 東京,1
株式会社アイエーイー,求人ボックス,新卒 システムエンジニア 東京,1
株式会社イクシング,求人ボックス,新卒 システムエンジニア 東京,1
株式会社Creer,求人ボックス,新卒 システムエンジニア 東京,1
四葉システム開発株式会社,求人ボックス,新卒 システムエンジニア 東京,1
株式会社アストラ,求人ボックス,新卒 システムエンジニア 東京,1
株式会社I2C,求人ボックス,新卒 システムエンジニア 東京,1
株式会社エクステック,求人ボックス,新卒 システムエンジニア 東京,1
株式会社YAMATOWORKS,求人ボックス,新卒 制作 東京,1
株式会社エス・ブイ・シー ディレクションズ,求人ボックス,新卒 制作 東京,1
株式会社エス・ケイ通信,求人ボックス,新卒 制作 東京,1
株式会社サイバーエージェント,求人ボックス,新卒 制作 東京,1
JOKERS株式会社,求人ボックス,新卒 制作 東京,1
株式会社アプリボット,求人ボックス,新卒 制作 東京,1
合同会社バイブリーアニメーションスタジオ,求人ボックス,新卒 制作 東京,1
BETA株式会社,求人ボックス,新卒 制作 東京,2
株式会社キャリタス,求人ボックス,新卒 制作 東京,2
株式会社TREE Digital Studio,求人ボックス,新卒 制作 東京,2
株式会社フリーピット,求人ボックス,新卒 制作 東京,2
株式会社サムザップ,求人ボックス,新卒 制作 東京,2
株式会社キャリアデザインセンター,求人ボックス,新卒 制作 東京,1
スープアップデザインズ株式会社,求人ボックス,新卒 制作 東京,1
株式会社ネクストページ 東京事務所,求人ボックス,新卒 制作 東京,1
株式会社ディー・エヌ・エー,求人ボックス,新卒 制作 東京,1
Sansan株式会社,求人ボックス,新卒 制作 東京,1
株式会社ネットグロース,求人ボックス,新卒 制作 東京,1
株式会社プロジェクトトリガー,求人ボックス,新卒 制作 東京,1
株式会社テレビ朝日サービス,求人ボックス,新卒 制作 東京,1
株式会社ネクストページ 京都事務所,求人ボックス,新卒 制作 東京,1
株式会社ネクストページ 神戸事務所,求人ボックス,新卒 制作 東京,1
株式会社ジーパーソナル,求人ボックス,新卒 制作 東京,1
株式会社YELLOW MARCH,求人ボックス,新卒 制作 東京,1
株式会社トータルブレイン,求人ボックス,新卒 制作 東京,1
株式会社ILC,求人ボックス,新卒 制作 東京,1
株式会社アームズ,求人ボックス,新卒 制作 東京,1
株式会社NEQ,求人ボックス,新卒 制作 東京,1
株式会社キソシン,求人ボックス,新卒 制作 東京,1
大和ハウス工業株式会社,求人ボックス,新卒 広報 東京,1
Rapidus株式会社,求人ボックス,新卒 広報 東京,1
株式会社Copia,求人ボックス,新卒 広報 東京,2
株式会社ギックス,求人ボックス,新卒 広報 東京,1
アビーム コンサルティング株式会社,求人ボックス,新卒 広報 東京,2
株式会社エヌ・ティ・ティ・データ・ビジネスブレイ...,求人ボックス,新卒 広報 東京,1
株式会社永田屋,求人ボックス,新卒 広報 東京,2
株式会社HERP,求人ボックス,新卒 広報 東京,1
トヨクモ株式会社,求人ボックス,新卒 広報 東京,2
株式会社マーキュリー／新規事業,求人ボックス,新卒 広報 東京,3
株式会社三井E&S,求人ボックス,新卒 広報 東京,1
HALEグループホールディングス株式会社,求人ボックス,新卒 広報 東京,1
オーマイグラス株式会社,求人ボックス,新卒 広報 東京,1
銀座ユニーク株式会社,求人ボックス,新卒 広報 東京,1
株式会社YUI,求人ボックス,新卒 広報 東京,1
株式会社アンドパッド,求人ボックス,新卒 広報 東京,1
株式会社SNK,求人ボックス,新卒 広報 東京,1
株式会社プロネクト,求人ボックス,新卒 広報 東京,1
株式会社アドスタイル,求人ボックス,新卒 広報 東京,1
JOKERS株式会社 渋谷オフィス,求人ボックス,新卒 広報 東京,1
株式会社HYBRIDBANK,求人ボックス,新卒 広報 東京,1
全薬ホールディングス株式会社,求人ボックス,新卒 広報 東京,1
医療法人社団モルゲンロート法人本部,求人ボックス,新卒 広報 東京,1
株式会社uyet,求人ボックス,新卒 広報 東京,1
Fanx株式会社,求人ボックス,新卒 広報 東京,1
みちなかの里 南大泉店,求人ボックス,新卒 広報 東京,1
株式会社エンリード不動産,求人ボックス,新卒 人事 東京,1
パナソニックコネクト株式会社,求人ボックス,新卒 人事 東京,1
コベルコシステム株式会社,求人ボックス,新卒 人事 東京,1
KDDIアジャイル開発センター株式会社,求人ボックス,新卒 人事 東京,1
SOLIZE Holdings株式会社,求人ボックス,新卒 人事 東京,1
株式会社MID,求人ボックス,新卒 人事 東京,1
ARアドバンストテクノロジ株式会社,求人ボックス,新卒 人事 東京,1
大和財託株式会社,求人ボックス,新卒 人事 東京,1
ギブクリエーション株式会社,求人ボックス,新卒 人事 東京,1
株式会社インテリックス,求人ボックス,新卒 人事 東京,1
株式会社仙台銘板,求人ボックス,新卒 人事 東京,1
Hajimeテクノロジーズ株式会社,求人ボックス,新卒 人事 東京,1
株式会社Jストリーム,求人ボックス,新卒 人事 東京,1
株式会社ニチレイフーズ,求人ボックス,新卒 人事 東京,1
株式会社タカラ,求人ボックス,新卒 人事 東京,1
三建設備工業株式会社,求人ボックス,新卒 人事 東京,1
株式会社Matchbox Technologies,求人ボックス,新卒 人事 東京,2
シンプレクス・ホールディングス株式会社,求人ボックス,新卒 人事 東京,1
トランコム株式会社,求人ボックス,新卒 人事 東京,1
株式会社ミギナナメウエ,求人ボックス,新卒 人事 東京,1
株式会社MyVision,求人ボックス,新卒 人事 東京,1
経理の特命レスキュー隊株式会社,求人ボックス,新卒 経理 東京,1
新生紙パルプ商事株式会社,求人ボックス,新卒 経理 東京,1
株式会社ホリプロ・グループ・ホールディングス,求人ボックス,新卒 経理 東京,1
株式会社フジキン,求人ボックス,新卒 経理 東京,1
株式会社Looop,求人ボックス,新卒 経理 東京,1
株式会社Legaseed,求人ボックス,新卒 経理 東京,2
サンフロンティア不動産株式会社,求人ボックス,新卒 経理 東京,2
サンコーコンサルタント株式会社,求人ボックス,新卒 経理 東京,1
中央日本土地建物株式会社,求人ボックス,新卒 経理 東京,2
五洋建設株式会社,求人ボックス,新卒 経理 東京,1
住友不動産株式会社,求人ボックス,新卒 経理 東京,2
株式会社Go-bling,求人ボックス,新卒 経理 東京,2
株式会社じげん,求人ボックス,新卒 経理 東京,1
テクノブリッジNKE株式会社,求人ボックス,新卒 経理 東京,1
株式会社キャムコム,求人ボックス,新卒 経理 東京,1
株式会社SEVEN TRUST,求人ボックス,新卒 経理 東京,1
コムシスシェアードサービス株式会社,求人ボックス,新卒 経理 東京,1
葛西昌医会病院,求人ボックス,新卒 経理 東京,1
株式会社OOQ,求人ボックス,新卒 経理 東京,1
未来株式会社,求人ボックス,新卒 経理 東京,1
株式会社ワク・ワク・ワークス,求人ボックス,新卒 経理 東京,1
SBSスタッフ株式会社,求人ボックス,新卒 経理 東京,1
株式会社裕堂,求人ボックス,新卒 経理 東京,1
株式会社カシワバラ・グラウンド,求人ボックス,新卒 経理 東京,1
東京下町クリニック,求人ボックス,新卒 経理 東京,1
合同会社あたらよ,求人ボックス,新卒 経理 東京,1
株式会社花森,求人ボックス,新卒 施工管理 東京,1
新日本計装株式会社,求人ボックス,新卒 施工管理 東京,1
株式会社アスール,求人ボックス,新卒 施工管理 東京,1
株式会社ワット・コンサルティング,求人ボックス,新卒 施工管理 東京,1
荏原商事株式会社,求人ボックス,新卒 施工管理 東京,1
ピーエス・コンストラクション株式会社,求人ボックス,新卒 施工管理 東京,1
株式会社カシワバラ・コーポレーション,求人ボックス,新卒 施工管理 東京,2
阪和エンジニアリング株式会社,求人ボックス,新卒 施工管理 東京,2
日研トータルソーシング株式会社,求人ボックス,新卒 施工管理 東京,1
株式会社良電社,求人ボックス,新卒 施工管理 東京,2
株式会社プロスタファウンデーション,求人ボックス,新卒 施工管理 東京,2
古久根建設株式会社,求人ボックス,新卒 施工管理 東京,2
建装工業株式会社,求人ボックス,新卒 施工管理 東京,2
株式会社アメニティジョイハウス,求人ボックス,新卒 施工管理 東京,2
リック株式会社,求人ボックス,新卒 施工管理 東京,1
浦安工業株式会社,求人ボックス,新卒 施工管理 東京,1
株式会社建設工業社,求人ボックス,新卒 施工管理 東京,1
株式会社吉川組,求人ボックス,新卒 施工管理 東京,1
株式会社住田工務店,求人ボックス,新卒 施工管理 東京,1
株式会社市川電設,求人ボックス,新卒 施工管理 東京,1
株式会社マルゴ,求人ボックス,新卒 施工管理 東京,1
岩崎興業,求人ボックス,新卒 施工管理 東京,1
ダイキン福祉サービス,求人ボックス,新卒 施工管理 東京,1
吉田電気株式会社,求人ボックス,新卒 施工管理 東京,1
株式会社シルバーコーポレーション,求人ボックス,新卒 施工管理 東京,1
株式会社西建設計,求人ボックス,新卒 施工管理 東京,1
ヒトトヒトキャリアライズ株式会社,求人ボックス,新卒 施工管理 東京,1
株式会社ノアスタッフ,求人ボックス,新卒 施工管理 東京,1
株式会社昭和技研,求人ボックス,新卒 施工管理 東京,1
マルタケ株式会社,求人ボックス,新卒 施工管理 東京,1
株式会社ハタノシステム,求人ボックス,新卒 施工管理 東京,1
株式会社ゼロワン,求人ボックス,新卒 施工管理 東京,1
株式会社金原,求人ボックス,新卒 生産管理 東京,1
株式会社スカイフィールドコーポレーション,求人ボックス,新卒 生産管理 東京,1
岩田地崎建設株式会社,求人ボックス,新卒 生産管理 東京,1
株式会社杉田製線,求人ボックス,新卒 生産管理 東京,1
株式会社寺岡精工,求人ボックス,新卒 生産管理 東京,1
日本航空電子工業株式会社,求人ボックス,新卒 生産管理 東京,1
株式会社セラク,求人ボックス,新卒 生産管理 東京,2
横河電機株式会社,求人ボックス,新卒 生産管理 東京,2
日本原子力発電株式会社,求人ボックス,新卒 生産管理 東京,2
太陽ホールディングス株式会社,求人ボックス,新卒 生産管理 東京,2
築地産業株式会社 2027年 新卒会社説明会兼一...,求人ボックス,新卒 生産管理 東京,1
株式会社日税不動産情報センター,求人ボックス,新卒 生産管理 東京,2
株式会社アムスコーポレーション,求人ボックス,新卒 生産管理 東京,1
HARIOランプワークファクトリー株式会社,求人ボックス,新卒 生産管理 東京,1
日本モウルド工業株式会社,求人ボックス,新卒 生産管理 東京,1
UTエージェント株式会社 北関東第一CU,求人ボックス,新卒 生産管理 東京,1
矢田工業株式会社,求人ボックス,新卒 生産管理 東京,1
UTエージェント株式会社 北日本第一CU,求人ボックス,新卒 生産管理 東京,1
UTエージェント株式会社 北日本第二CU,求人ボックス,新卒 生産管理 東京,1
株式会社テクノ・サービス,求人ボックス,新卒 生産管理 東京,1
株式会社青野工業,求人ボックス,新卒 生産管理 東京,1
リングロー株式会社,求人ボックス,新卒 生産管理 東京,1
株式会社シーズワン,求人ボックス,新卒 生産管理 東京,1
株式会社ユイット・ラボラトリーズ,求人ボックス,新卒 生産管理 東京,1
東毛情報開発株式会社,求人ボックス,新卒 生産管理 東京,1
株式会社朝倉組,求人ボックス,新卒 生産管理 東京,1
株式会社アクシーズ,求人ボックス,新卒 生産管理 東京,1
株式会社ウィルオブ・ワーク FO熊谷,求人ボックス,新卒 生産管理 東京,1
株式会社ウィルオブ・ワーク FO上越,求人ボックス,新卒 生産管理 東京,1
パーソルクロステクノロジー株式会社,求人ボックス,新卒 生産管理 東京,1
Latte自由が丘店,求人ボックス,新卒 研究開発 東京,1
株式会社大西熱学,求人ボックス,新卒 研究開発 東京,1
スタッフサービス・エンジニアリング,求人ボックス,新卒 研究開発 東京,1
株式会社桐井製作所,求人ボックス,新卒 研究開発 東京,1
サラエクセレント 銀座,求人ボックス,新卒 研究開発 東京,1
精電舎電子工業株式会社,求人ボックス,新卒 研究開発 東京,2
ヘアメディカルサロン銀座PREMIUM,求人ボックス,新卒 研究開発 東京,2
日興リカ株式会社,求人ボックス,新卒 研究開発 東京,2
ヘアメディカルサロン東京,求人ボックス,新卒 研究開発 東京,2
日鉄ソリューションズ株式会社,求人ボックス,新卒 研究開発 東京,2
ヘアメディカルサロン銀座,求人ボックス,新卒 研究開発 東京,2
ヘアメディカルサロン新宿,求人ボックス,新卒 研究開発 東京,1
生化学工業株式会社,求人ボックス,新卒 研究開発 東京,1
アクティブファーマ株式会社,求人ボックス,新卒 研究開発 東京,1
株式会社黒坂鍍金工業所,求人ボックス,新卒 研究開発 東京,1
Neusoft Corporation,求人ボックス,新卒 研究開発 東京,1
アプライド マテリアルズ ジャパン株式会社,求人ボックス,新卒 研究開発 東京,1
株式会社OA研究所,求人ボックス,新卒 研究開発 東京,1
株式会社とめ研究所,求人ボックス,新卒 研究開発 東京,1
株式会社アルトナー,求人ボックス,新卒 研究開発 東京,1
能美防災株式会社,求人ボックス,新卒 研究開発 東京,1
株式会社カーリット,求人ボックス,新卒 研究開発 東京,1
株式会社アイ・トランスポート・ラボ,求人ボックス,新卒 研究開発 東京,1
株式会社アイヴィス,求人ボックス,新卒 研究開発 東京,1
株式会社デルタエンジニアリング,求人ボックス,新卒 研究開発 東京,1
株式会社アルプス技研,求人ボックス,新卒 研究開発 東京,1
オフテクスグループ,求人ボックス,新卒 研究開発 東京,1
宇部エクシモ株式会社,求人ボックス,新卒 研究開発 東京,1
株式会社タイカ,求人ボックス,新卒 研究開発 東京,1
青葉化成株式会社,求人ボックス,新卒 研究開発 東京,1
Qnityジャパン,求人ボックス,新卒 研究開発 東京,1
若葉高齢者在宅サービスセンター,求人ボックス,新卒 サービス 東京,1
神谷デイサービス,求人ボックス,新卒 サービス 東京,1
放課後等デイサービスアイ・らんど町田,求人ボックス,新卒 サービス 東京,2
あけぼのデイサービスまごころ館中野坂上,求人ボックス,新卒 サービス 東京,1
より処まんまる庵,求人ボックス,新卒 サービス 東京,1
Conatus Suginami,求人ボックス,新卒 サービス 東京,1
まなびの森キラリ亀戸,求人ボックス,新卒 サービス 東京,1
渋谷区かんなみの杜・渋谷,求人ボックス,新卒 サービス 東京,1
放課後等デイサービス 豆庭,求人ボックス,新卒 サービス 東京,1
放課後等デイサービスGRIPキッズ両国緑校,求人ボックス,新卒 サービス 東京,1
さぽな,求人ボックス,新卒 サービス 東京,2
放課後デイサービス東京ヘルスケア学習運動センター,求人ボックス,新卒 サービス 東京,1
ウィズ・ユー東糀谷,求人ボックス,新卒 サービス 東京,1
くれよんくらぶ,求人ボックス,新卒 サービス 東京,1
アプリ児童デイサービス高島平,求人ボックス,新卒 サービス 東京,2
株式会社グッドマンサービス,求人ボックス,新卒 サービス 東京,1
TODAY児童デイサービス白金,求人ボックス,新卒 サービス 東京,1
八王子市高齢者あんしん相談センター高尾,求人ボックス,新卒 サービス 東京,1
放課後等デイサービスささえ,求人ボックス,新卒 サービス 東京,1
ハッピーテラス曳舟教室,求人ボックス,新卒 サービス 東京,1
アルモニア株式会社,求人ボックス,新卒 サービス 東京,1
ウィズ・ユー西新井,求人ボックス,新卒 サービス 東京,1
株式会社リアブロード,求人ボックス,新卒 サービス 東京,1
こもれび,求人ボックス,新卒 サービス 東京,1
リッスンアンドコミュニティ五反野教室,求人ボックス,新卒 サービス 東京,1
八王子市高齢者あんしん相談センター元八王子,求人ボックス,新卒 サービス 東京,1
株式会社芝パークホテル,求人ボックス,新卒 サービス 東京,1
株式会社三和薬品,求人ボックス,新卒 サービス 東京,1
株式会社NECライベックス,求人ボックス,新卒 サービス 東京,1
八王子保健生活協同組合 いきいきラウンジ 栄杜,求人ボックス,新卒 サービス 東京,1
医療法人社団苑田会 愛里病院,求人ボックス,新卒 サービス 東京,1
株式会社グローバルクリエイション,求人ボックス,新卒 IT 東京,1
株式会社アイ・ラーニング,求人ボックス,新卒 IT 東京,1
株式会社ワールドスカイ,求人ボックス,新卒 IT 東京,1
株式会社アスパーク,求人ボックス,新卒 IT 東京,1
株式会社ネクストスケープ,求人ボックス,新卒 IT 東京,1
デロイト トーマツ ウェブレッジ株式会社,求人ボックス,新卒 IT 東京,1
データプロセス株式会社,求人ボックス,新卒 IT 東京,1
株式会社ハルラルソフト,求人ボックス,新卒 IT 東京,1
株式会社ジパング,求人ボックス,新卒 IT 東京,1
株式会社光洋 新卒採用,求人ボックス,新卒 営業 大阪,1
株式会社いわさき,求人ボックス,新卒 営業 大阪,1
株式会社irodas,求人ボックス,新卒 営業 大阪,1
えびす商店株式会社,求人ボックス,新卒 営業 大阪,1
アビリティーズ・ケアネット株式会社,求人ボックス,新卒 営業 大阪,1
株式会社オール,求人ボックス,新卒 営業 大阪,1
関西商事株式会社,求人ボックス,新卒 営業 大阪,1
株式会社バサラダイニング,求人ボックス,新卒 営業 大阪,1
株式会社コスモ不動産情報,求人ボックス,新卒 営業 大阪,1
ネクステージ箕面店,求人ボックス,新卒 営業 大阪,1
三庄インダストリー株式会社,求人ボックス,新卒 営業 大阪,1
ネクステージ守口店,求人ボックス,新卒 営業 大阪,1
株式会社アトライズイナケン,求人ボックス,新卒 営業 大阪,1
SUV LAND堺／株式会社ネクステージ,求人ボックス,新卒 営業 大阪,1
ネクステージ堺美原店,求人ボックス,新卒 営業 大阪,1
ネクステージ岸和田店,求人ボックス,新卒 営業 大阪,1
株式会社メディノス,求人ボックス,新卒 営業 大阪,1
SPC,求人ボックス,新卒 営業 大阪,1
サイボウズ株式会社,求人ボックス,新卒 営業 大阪,1
インフォコム株式会社,求人ボックス,新卒 営業 大阪,1
株式会社ワンキャリア,求人ボックス,新卒 営業 大阪,1
アクリーコンサルティング株式会社,求人ボックス,新卒 営業 大阪,1
株式会社アイテクス,求人ボックス,新卒 営業 大阪,1
株式会社インターテクノ,求人ボックス,新卒 営業 大阪,1
GMOペイメントゲートウェイ株式会社,求人ボックス,新卒 営業 大阪,1
松原住宅株式会社,求人ボックス,新卒 営業 大阪,1
マインドフリー株式会社,求人ボックス,新卒 営業 大阪,1
株式会社エースタイル,求人ボックス,新卒 営業 大阪,1
大阪佐々木化学株式会社,求人ボックス,新卒 営業 大阪,1
株式会社ツカサテック,求人ボックス,新卒 エンジニア 大阪,2
医療法人社団上桜会 ゆうメンタルクリニック 大阪院,求人ボックス,新卒 エンジニア 大阪,2
JHRconsulting株式会社,求人ボックス,新卒 エンジニア 大阪,1
株式会社ytv Nextry,求人ボックス,新卒 エンジニア 大阪,1
スキルシステムズ株式会社,求人ボックス,新卒 エンジニア 大阪,1
アンテリジャンス・コンサルティング株式会社,求人ボックス,新卒 エンジニア 大阪,1
テー・ピー・エスサービス株式会社,求人ボックス,新卒 エンジニア 大阪,1
アンテリジャンス株式会社,求人ボックス,新卒 エンジニア 大阪,1
株式会社Az One,求人ボックス,新卒 エンジニア 大阪,1
infront株式会社,求人ボックス,新卒 エンジニア 大阪,1
ナナイロモバイル株式会社,求人ボックス,新卒 エンジニア 大阪,1
株式会社ライジングコーポレーション,求人ボックス,新卒 企画 大阪,1
クアドラソフトウェア株式会社,求人ボックス,新卒 企画 大阪,1
クックビズ株式会社,求人ボックス,新卒 企画 大阪,1
フェンリル株式会社,求人ボックス,新卒 企画 大阪,1
株式会社チャイルド社,求人ボックス,新卒 企画 大阪,2
株式会社モスストアカンパニー,求人ボックス,新卒 企画 大阪,2
幸福米穀株式会社,求人ボックス,新卒 企画 大阪,2
THE PERSONAL GYM 梅田店,求人ボックス,新卒 企画 大阪,2
ALLAGI株式会社,求人ボックス,新卒 企画 大阪,2
名工建設株式会社,求人ボックス,新卒 企画 大阪,2
MATE合同会社,求人ボックス,新卒 企画 大阪,1
株式会社オーシャンサービス,求人ボックス,新卒 企画 大阪,1
株式会社ベースオントップ,求人ボックス,新卒 企画 大阪,1
株式会社エースシステムズ,求人ボックス,新卒 企画 大阪,1
株式会社ワールド・ヘリテイジ,求人ボックス,新卒 企画 大阪,1
Fulfill株式会社,求人ボックス,新卒 企画 大阪,1
和光ホームズ株式会社,求人ボックス,新卒 企画 大阪,1
全国信用協同組合連合会,求人ボックス,新卒 総合職 大阪,1
デイサービスプログレス32,求人ボックス,新卒 総合職 大阪,1
介護老人保健施設セレーナなとり,求人ボックス,新卒 総合職 大阪,1
株式会社トウペ 茨城工場,求人ボックス,新卒 総合職 大阪,1
美樹工業株式会社,求人ボックス,新卒 総合職 大阪,1
株式会社トウペ 三重工場,求人ボックス,新卒 総合職 大阪,1
大阪技術管理株式会社,求人ボックス,新卒 総合職 大阪,2
株式会社日本教育クリエイト,求人ボックス,新卒 総合職 大阪,2
クイーンズウェイ 梅田阪急三番街,求人ボックス,新卒 総合職 大阪,2
クイーンズウェイ 大阪空港,求人ボックス,新卒 総合職 大阪,2
寿精版印刷株式会社,求人ボックス,新卒 総合職 大阪,2
フットデザイン ディアモール大阪店,求人ボックス,新卒 総合職 大阪,2
Dr.stretch 阪急大阪梅田茶屋町口店／ds,求人ボックス,新卒 総合職 大阪,2
シスメックスCNA株式会社,求人ボックス,新卒 総合職 大阪,2
大阪きづがわ医療福祉生活協同組合,求人ボックス,新卒 総合職 大阪,1
オートバックス仁和寺,求人ボックス,新卒 総合職 大阪,1
社会福祉法人豊中福祉会 特別養護老人ホーム ロー...,求人ボックス,新卒 総合職 大阪,1
株式会社酒 直,求人ボックス,新卒 総合職 大阪,1
スーパーオートバックス・外環四条畷,求人ボックス,新卒 総合職 大阪,1
Dr.stretch グランフロント大阪店／ds,求人ボックス,新卒 総合職 大阪,1
UNIVERSE堺／株式会社ネクステージ,求人ボックス,新卒 総合職 大阪,1
Dr.stretch あべのHoop店／ds,求人ボックス,新卒 総合職 大阪,1
ネクステージ外環東大阪店,求人ボックス,新卒 総合職 大阪,1
天理楽器,求人ボックス,新卒 総合職 大阪,1
ボルボ・カー香里園,求人ボックス,新卒 総合職 大阪,1
ジャガー・ランドローバー大阪東,求人ボックス,新卒 総合職 大阪,1
ネクステージ摂津店,求人ボックス,新卒 総合職 大阪,1
ネクステージ箕面セダン・スポーツ専門店,求人ボックス,新卒 総合職 大阪,1
株式会社昭和貨物,求人ボックス,新卒 総合職 大阪,1
豊興サ-ビス株式会社総務部,求人ボックス,新卒 総合職 大阪,1
株式会社ティーエム・テックス,求人ボックス,新卒 事務 大阪,1
株式会社ナリコマホールディングス,求人ボックス,新卒 事務 大阪,1
新洋海運株式会社,求人ボックス,新卒 事務 大阪,1
日本通運株式会社,求人ボックス,新卒 事務 大阪,1
株式会社アドバHRソリューションズ,求人ボックス,新卒 事務 大阪,2
谷村実業株式会社,求人ボックス,新卒 事務 大阪,1
株式会社ナイモノ,求人ボックス,新卒 事務 大阪,2
税理士法人キャスダック,求人ボックス,新卒 事務 大阪,1
社労士法人フォーグッド,求人ボックス,新卒 事務 大阪,1
株式会社タブチ,求人ボックス,新卒 事務 大阪,1
北浜法律事務所・外国法共同事業,求人ボックス,新卒 事務 大阪,1
TopField合同会社,求人ボックス,新卒 事務 大阪,1
株式会社タイズ,求人ボックス,新卒 事務 大阪,1
株式会社Wealth On,求人ボックス,新卒 事務 大阪,1
百人力,求人ボックス,新卒 事務 大阪,1
株式会社IMG,求人ボックス,新卒 事務 大阪,1
訪問看護ステーション春夏秋冬,求人ボックス,新卒 事務 大阪,1
佐藤病院,求人ボックス,新卒 事務 大阪,1
株式会社シアラ,求人ボックス,新卒 事務 大阪,1
株式会社UPP,求人ボックス,新卒 事務 大阪,1
Kボックス合同会社,求人ボックス,新卒 事務 大阪,1
株式会社Another,求人ボックス,新卒 販売 大阪,1
高島屋グループ 株式会社センチュリーアンドカンパ...,求人ボックス,新卒 販売 大阪,1
株式会社美々卯,求人ボックス,新卒 販売 大阪,2
株式会社BuySell Technologies,求人ボックス,新卒 販売 大阪,1
株式会社カスカード,求人ボックス,新卒 販売 大阪,3
株式会社SI,求人ボックス,新卒 販売 大阪,2
SDエンターテイメント株式会社,求人ボックス,新卒 販売 大阪,2
コスモ石油販売株式会社,求人ボックス,新卒 販売 大阪,1
中部フーズ株式会社,求人ボックス,新卒 販売 大阪,2
朝日給食株式会社,求人ボックス,新卒 販売 大阪,1
株式会社ビースマイルプロジェクト,求人ボックス,新卒 販売 大阪,1
株式会社Flower,求人ボックス,新卒 販売 大阪,1
株式会社ゾフ,求人ボックス,新卒 販売 大阪,1
フィルドテーブル株式会社,求人ボックス,新卒 販売 大阪,1
ザボディショップジャパン株式会社,求人ボックス,新卒 販売 大阪,1
合同会社HSB,求人ボックス,新卒 販売 大阪,1
株式会社ラルスコーポレーション,求人ボックス,新卒 販売 大阪,1
株式会社パコム,求人ボックス,新卒 販売 大阪,1
株式会社ニキ大阪,求人ボックス,新卒 販売 大阪,1
DITA inc.,求人ボックス,新卒 販売 大阪,1
株式会社日翔グローバル,求人ボックス,新卒 販売 大阪,1
株式会社ジェイシーシー,求人ボックス,新卒 販売 大阪,1
Liberty合同会社,求人ボックス,新卒 販売 大阪,1
株式会社パレスホテル,求人ボックス,新卒 マーケティング 大阪,1
Startramp株式会社,求人ボックス,新卒 マーケティング 大阪,1
株式会社船井総合研究所,求人ボックス,新卒 マーケティング 大阪,2
株式会社SceneLive,求人ボックス,新卒 マーケティング 大阪,2
株式会社マテリアル,求人ボックス,新卒 マーケティング 大阪,2
株式会社FORCE,求人ボックス,新卒 マーケティング 大阪,2
株式会社無限,求人ボックス,新卒 マーケティング 大阪,1
株式会社スパークル,求人ボックス,新卒 マーケティング 大阪,1
株式会社なちゅらフーズ,求人ボックス,新卒 マーケティング 大阪,1
株式会社AIMY,求人ボックス,新卒 マーケティング 大阪,1
株式会社JOBJOB,求人ボックス,新卒 マーケティング 大阪,1
株式会社DUNK,求人ボックス,新卒 マーケティング 大阪,1
ユニバースジャパン株式会社,求人ボックス,新卒 マーケティング 大阪,1
株式会社IGNITE,求人ボックス,新卒 マーケティング 大阪,1
株式会社Bit's,求人ボックス,新卒 マーケティング 大阪,1
Y.W.C.株式会社,求人ボックス,新卒 マーケティング 大阪,1
社会医療法人純幸会関西メディカル病院,求人ボックス,新卒 デザイナー 大阪,1
Eleanor 梅田店,求人ボックス,新卒 デザイナー 大阪,1
Luana hair&treatment 梅田店,求人ボックス,新卒 デザイナー 大阪,2
Eleanor spa&treatment 梅田...,求人ボックス,新卒 デザイナー 大阪,2
関西メディカル病院,求人ボックス,新卒 デザイナー 大阪,2
tocca hair & treatment 天...,求人ボックス,新卒 デザイナー 大阪,1
株式会社エックスラボ,求人ボックス,新卒 デザイナー 大阪,1
大阪市生野区・地下鉄「北巽」「南巽」駅／JR「長...,求人ボックス,新卒 デザイナー 大阪,2
tocca hair&treatment 天王寺...,求人ボックス,新卒 デザイナー 大阪,2
株式会社マイキャリア,求人ボックス,新卒 デザイナー 大阪,1
Luana hair&treatment 難波店,求人ボックス,新卒 デザイナー 大阪,1
Lily of the Vase,求人ボックス,新卒 デザイナー 大阪,1
tocca hair & treatment難波店,求人ボックス,新卒 デザイナー 大阪,1
あいあい株式会社,求人ボックス,新卒 デザイナー 大阪,1
株式会社メディアート,求人ボックス,新卒 デザイナー 大阪,1
株式会社コネック,求人ボックス,新卒 デザイナー 大阪,1
株式会社シリウス,求人ボックス,新卒 デザイナー 大阪,1
株式会社noix,求人ボックス,新卒 デザイナー 大阪,1
株式会社HarmoniQ,求人ボックス,新卒 デザイナー 大阪,1
株式会社計測リサーチコンサルタント,求人ボックス,新卒 コンサル 大阪,2
Earth Security Career,求人ボックス,新卒 コンサル 大阪,1
株式会社プレラナ,求人ボックス,新卒 コンサル 大阪,1
株式会社あそびゴコロ,求人ボックス,新卒 コンサル 大阪,1
株式会社Renovate,求人ボックス,新卒 コンサル 大阪,1
ナンバーズ株式会社,求人ボックス,新卒 コンサル 大阪,1
医療法人エスティーアドバンス 大和駅前ファミリー...,求人ボックス,新卒 コンサル 大阪,1
株式会社ライセンスアカデミー,求人ボックス,新卒 コンサル 大阪,1
日本クレアス税理士法人,求人ボックス,新卒 コンサル 大阪,1
サポート行政書士法人,求人ボックス,新卒 コンサル 大阪,1
船井総研サプライチェーンコンサルティング,求人ボックス,新卒 コンサル 大阪,1
株式会社エンジョイワークス,求人ボックス,新卒 コンサル 大阪,1
株式会社プレシャスパートナーズ,求人ボックス,新卒 コンサル 大阪,1
株式会社PFC,求人ボックス,新卒 コンサル 大阪,1
ヒューマンリソシア株式会社,求人ボックス,新卒 コンサル 大阪,1
五代目和牛東京,求人ボックス,新卒 コンサル 大阪,1
株式会社求人センター,求人ボックス,新卒 コンサル 大阪,1
株式会社ダイブ,求人ボックス,新卒 コンサル 大阪,1
UNDEUX SUPER BODY 梅田スタジオ,求人ボックス,新卒 技術職 大阪,1
奥村組土木興業株式会社,求人ボックス,新卒 技術職 大阪,1
UNDEUX SUPER BODY 天王寺スタジオ,求人ボックス,新卒 技術職 大阪,1
UNDEUX SUPER BODY 江坂スタジオ,求人ボックス,新卒 技術職 大阪,1
ボディッシュ阪急梅田芝田店,求人ボックス,新卒 技術職 大阪,2
東洋ビルメンテナンス株式会社,求人ボックス,新卒 技術職 大阪,1
Relax大阪梅田店,求人ボックス,新卒 技術職 大阪,1
株式会社辻中,求人ボックス,新卒 技術職 大阪,1
ゆめみし阪急グランドビル店,求人ボックス,新卒 技術職 大阪,1
株式会社松尾組,求人ボックス,新卒 技術職 大阪,1
西日本旅客鉄道株式会社,求人ボックス,新卒 技術職 大阪,2
株式会社ウィルオブ・ワーク,求人ボックス,新卒 技術職 大阪,1
痩せたい人の専門店 Queen 梅田店,求人ボックス,新卒 技術職 大阪,1
株式会社木内計測,求人ボックス,新卒 技術職 大阪,1
株式会社ムトウ,求人ボックス,新卒 技術職 大阪,1
日本レヂボン株式会社,求人ボックス,新卒 技術職 大阪,1
白鶴酒造株式会社,求人ボックス,新卒 技術職 大阪,1
株式会社サムシング,求人ボックス,新卒 技術職 大阪,1
Peach Aviation株式会社,求人ボックス,新卒 技術職 大阪,1
近畿商事株式会社,求人ボックス,新卒 技術職 大阪,1
日新明弘テック株式会社,求人ボックス,新卒 技術職 大阪,1
株式会社CKサンエツ 日本伸銅,求人ボックス,新卒 技術職 大阪,1
株式会社メイテック,求人ボックス,新卒 技術職 大阪,1
株式会社CORE技術研究所,求人ボックス,新卒 技術職 大阪,1
30分まつ毛パーマ専門店 ALI 茨木店,求人ボックス,新卒 システムエンジニア 大阪,1
30分まつ毛パーマ専門店 ALI 高槻店,求人ボックス,新卒 システムエンジニア 大阪,2
30分まつ毛パーマ専門店 ALI 枚方店,求人ボックス,新卒 システムエンジニア 大阪,1
吉野ゴム工業株式会社,求人ボックス,新卒 システムエンジニア 大阪,2
株式会社デザインシステムサービス,求人ボックス,新卒 システムエンジニア 大阪,1
株式会社あかさき設計,求人ボックス,新卒 システムエンジニア 大阪,2
株式会社Widsley,求人ボックス,新卒 システムエンジニア 大阪,2
株式会社ウイズ・ソフトウェア,求人ボックス,新卒 システムエンジニア 大阪,1
株式会社ウィクレソフト・ジャパン,求人ボックス,新卒 システムエンジニア 大阪,1
illmatics Inc.,求人ボックス,新卒 システムエンジニア 大阪,1
アイピーシステム株式会社,求人ボックス,新卒 システムエンジニア 大阪,1
株式会社人創,求人ボックス,新卒 システムエンジニア 大阪,1
ソレキア株式会社,求人ボックス,新卒 システムエンジニア 大阪,1
プレイス株式会社,求人ボックス,新卒 システムエンジニア 大阪,1
株式会社プロシード,求人ボックス,新卒 システムエンジニア 大阪,1
株式会社シー・アール・シー,求人ボックス,新卒 システムエンジニア 大阪,1
はぁとふるグループ,求人ボックス,新卒 システムエンジニア 大阪,1
株式会社ファルケ,求人ボックス,新卒 システムエンジニア 大阪,1
株式会社reborn ウェルビーライフ大阪,求人ボックス,新卒 システムエンジニア 大阪,1
トライアロー株式会社,求人ボックス,新卒 システムエンジニア 大阪,1
合同会社シュガーカット,求人ボックス,新卒 制作 大阪,1
イントリックス株式会社,求人ボックス,新卒 制作 大阪,2
AnyKan株式会社,求人ボックス,新卒 制作 大阪,1
有限会社トニーズ・カンパニー,求人ボックス,新卒 制作 大阪,1
株式会社インスパイア,求人ボックス,新卒 制作 大阪,1
合同会社華,求人ボックス,新卒 制作 大阪,1
アートユニオン株式会社,求人ボックス,新卒 制作 大阪,1
株式会社TheNewGate,求人ボックス,新卒 制作 大阪,1
CLARK SMART 天王寺,求人ボックス,新卒 広報 大阪,1
三陽工業株式会社,求人ボックス,新卒 広報 大阪,1
株式会社フェニックス管理,求人ボックス,新卒 広報 大阪,1
CBSフィナンシャルサービス株式会社,求人ボックス,新卒 広報 大阪,2
株式会社トラスト,求人ボックス,新卒 広報 大阪,1
株式会社進研アド,求人ボックス,新卒 広報 大阪,1
株式会社FTG Company,求人ボックス,新卒 広報 大阪,2
TBCグループ株式会社,求人ボックス,新卒 広報 大阪,2
株式会社ジェイアール西日本ビルト,求人ボックス,新卒 広報 大阪,2
カキモトレーシング株式会社／柿本 改,求人ボックス,新卒 広報 大阪,1
ターゲットメディア・ジャパン株式会社,求人ボックス,新卒 広報 大阪,1
株式会社Magical,求人ボックス,新卒 広報 大阪,1
株式会社COFFISO,求人ボックス,新卒 広報 大阪,1
株式会社ガクチカ,求人ボックス,新卒 広報 大阪,1
thirty eight合同会社,求人ボックス,新卒 広報 大阪,1
株式会社光伸,求人ボックス,新卒 広報 大阪,1
ベルサンテ株式会社,求人ボックス,新卒 広報 大阪,1
社会福祉法人晋栄福祉会,求人ボックス,新卒 広報 大阪,1
アモシスジャパン株式会社,求人ボックス,新卒 広報 大阪,1
株式会社テイジイエル,求人ボックス,新卒 広報 大阪,1
株式会社マルゼンホールディングス,求人ボックス,新卒 人事 大阪,1
小泉産業株式会社,求人ボックス,新卒 人事 大阪,1
アイリスオーヤマ株式会社,求人ボックス,新卒 人事 大阪,1
株式会社ポピンズエデュケア,求人ボックス,新卒 人事 大阪,1
株式会社新日本科学PPD,求人ボックス,新卒 人事 大阪,1
株式会社平山,求人ボックス,新卒 人事 大阪,2
岡安商事株式会社,求人ボックス,新卒 人事 大阪,2
株式会社テクノクリエイティブ,求人ボックス,新卒 人事 大阪,2
DAIWA CYCLE株式会社,求人ボックス,新卒 人事 大阪,2
豊和開発株式会社,求人ボックス,新卒 人事 大阪,2
リゾートトラスト株式会社,求人ボックス,新卒 人事 大阪,2
リバティー株式会社,求人ボックス,新卒 人事 大阪,1
グロリアス株式会社,求人ボックス,新卒 人事 大阪,1
三菱電機システムサービス株式会社,求人ボックス,新卒 人事 大阪,1
トーヨーポリマー株式会社,求人ボックス,新卒 人事 大阪,1
社会医療法人美杉会 法人事務局,求人ボックス,新卒 人事 大阪,1
株式会社大広,求人ボックス,新卒 人事 大阪,1
株式会社タカラレンタックスグループホールディングス,求人ボックス,新卒 人事 大阪,1
株式会社トータルクリエーションズ,求人ボックス,新卒 人事 大阪,1
株式会社キャリアエンジン,求人ボックス,新卒 人事 大阪,1
株式会社武蔵野,求人ボックス,新卒 人事 大阪,1
栄光ホールディングス株式会社,求人ボックス,新卒 人事 大阪,1
テンスマイル合同会社,求人ボックス,新卒 人事 大阪,1
テレック株式会社,求人ボックス,新卒 経理 大阪,1
Joyful喜一ホールディングス株式会社,求人ボックス,新卒 経理 大阪,1
株式会社コプロ・ホールディングス,求人ボックス,新卒 経理 大阪,1
株式会社JM,求人ボックス,新卒 経理 大阪,1
株式会社ECC,求人ボックス,新卒 経理 大阪,2
公益社団法人河内長野市シルバー人材センター,求人ボックス,新卒 経理 大阪,2
生和設計研究所ホールディングス株式会社,求人ボックス,新卒 経理 大阪,2
日精株式会社,求人ボックス,新卒 経理 大阪,2
株式会社グロップ 梅田オフィス,求人ボックス,新卒 経理 大阪,2
税理士法人クラウドパートナーズ,求人ボックス,新卒 経理 大阪,1
イサム塗料株式会社,求人ボックス,新卒 経理 大阪,2
高槻クローバー歯科・矯正歯科,求人ボックス,新卒 経理 大阪,2
株式会社ReaLight,求人ボックス,新卒 経理 大阪,1
東尾メック株式会社,求人ボックス,新卒 経理 大阪,1
株式会社OLC,求人ボックス,新卒 経理 大阪,1
株式会社KOS,求人ボックス,新卒 経理 大阪,1
ブリヂストンタイヤ北大阪販売株式会社,求人ボックス,新卒 経理 大阪,1
株式会社FDS,求人ボックス,新卒 経理 大阪,1
株式会社LIVA TRANSIT,求人ボックス,新卒 経理 大阪,1
喜望株式会社,求人ボックス,新卒 経理 大阪,1
株式会社サンエッセン,求人ボックス,新卒 経理 大阪,1
株式会社総合企画新栄,求人ボックス,新卒 経理 大阪,1
キワヨシ株式会社,求人ボックス,新卒 経理 大阪,1
丸一化成株式会社,求人ボックス,新卒 経理 大阪,1
中央電設株式会社,求人ボックス,新卒 施工管理 大阪,1
株式会社ケントホームズ,求人ボックス,新卒 施工管理 大阪,1
株式会社杉本組,求人ボックス,新卒 施工管理 大阪,3
生和コーポレーション株式会社,求人ボックス,新卒 施工管理 大阪,2
生和コーポレーション株式会社西日本本社,求人ボックス,新卒 施工管理 大阪,2
泰華建設工業株式会社,求人ボックス,新卒 施工管理 大阪,2
株式会社日新工営,求人ボックス,新卒 施工管理 大阪,2
株式会社秀建,求人ボックス,新卒 施工管理 大阪,1
共和海建グループ,求人ボックス,新卒 施工管理 大阪,2
株式会社美商,求人ボックス,新卒 施工管理 大阪,1
太閤木下建設株式会社,求人ボックス,新卒 施工管理 大阪,1
株式会社東工,求人ボックス,新卒 施工管理 大阪,1
株式会社レボテクノ,求人ボックス,新卒 施工管理 大阪,1
有限会社創建工房／縁 創建工房,求人ボックス,新卒 施工管理 大阪,1
重孝設備株式会社,求人ボックス,新卒 施工管理 大阪,1
株式会社Lambo,求人ボックス,新卒 施工管理 大阪,1
田村栄株式会社,求人ボックス,新卒 施工管理 大阪,1
株式会社稲山技研,求人ボックス,新卒 施工管理 大阪,1
株式会社ミヤテック,求人ボックス,新卒 施工管理 大阪,1
日生建設株式会社,求人ボックス,新卒 施工管理 大阪,1
株式会社朝日設計,求人ボックス,新卒 施工管理 大阪,1
阪東電気株式会社,求人ボックス,新卒 施工管理 大阪,1
ハマダホールディングス株式会社,求人ボックス,新卒 生産管理 大阪,1
昭和金属工業株式会社工場,求人ボックス,新卒 生産管理 大阪,1
株式会社京栄センター,求人ボックス,新卒 生産管理 大阪,1
パーソルファクトリーパートナーズ株式会社,求人ボックス,新卒 生産管理 大阪,1
RIJENA BEAUTY ESTHETIQUE...,求人ボックス,新卒 生産管理 大阪,2
Crea la Luce 梅田店,求人ボックス,新卒 生産管理 大阪,2
アルト居宅介護支援,求人ボックス,新卒 生産管理 大阪,2
Crea la Luce 京橋店,求人ボックス,新卒 生産管理 大阪,2
株式会社アークリンク,求人ボックス,新卒 生産管理 大阪,1
Crea la Luce JR茨木店,求人ボックス,新卒 生産管理 大阪,2
フジアルテ株式会社,求人ボックス,新卒 生産管理 大阪,1
水島運輸株式会社,求人ボックス,新卒 生産管理 大阪,1
Crea la Luce 高槻駅前店,求人ボックス,新卒 生産管理 大阪,1
株式会社RAPTOR,求人ボックス,新卒 生産管理 大阪,1
有限会社ユーアイ産業,求人ボックス,新卒 生産管理 大阪,1
株式会社TONEZ,求人ボックス,新卒 生産管理 大阪,1
株式会社ミマキエンジニアリング,求人ボックス,新卒 生産管理 大阪,1
大阪特殊合金株式会社,求人ボックス,新卒 生産管理 大阪,1
株式会社スクウェア,求人ボックス,新卒 生産管理 大阪,1
サンワ株式会社,求人ボックス,新卒 生産管理 大阪,1
旭化工株式会社,求人ボックス,新卒 生産管理 大阪,1
株式会社生駒,求人ボックス,新卒 生産管理 大阪,1
株式会社ニシムラ,求人ボックス,新卒 生産管理 大阪,1
株式会社フューチャーシステム,求人ボックス,新卒 生産管理 大阪,1
株式会社551蓬莱,求人ボックス,新卒 生産管理 大阪,1
株式会社明治製作所,求人ボックス,新卒 生産管理 大阪,1
東洋製鉄株式会社,求人ボックス,新卒 生産管理 大阪,1
岡村製油株式会社,求人ボックス,新卒 研究開発 大阪,1
株式会社アイロムOM大阪オフィス,求人ボックス,新卒 研究開発 大阪,1
特定医療法人大阪精神医学研究所新阿武山病院,求人ボックス,新卒 研究開発 大阪,1
WDB株式会社,求人ボックス,新卒 研究開発 大阪,1
SARA EXCELLENT 梅田店,求人ボックス,新卒 研究開発 大阪,2
サラエクセレント 天王寺,求人ボックス,新卒 研究開発 大阪,2
株式会社インテリム,求人ボックス,新卒 研究開発 大阪,2
株式会社BREXA Advan,求人ボックス,新卒 研究開発 大阪,1
林純薬工業株式会社,求人ボックス,新卒 研究開発 大阪,1
住化エンバイロメンタルサイエンス株式会社,求人ボックス,新卒 研究開発 大阪,1
東洋ビューティ株式会社,求人ボックス,新卒 研究開発 大阪,1
朝日新聞社,求人ボックス,新卒 研究開発 大阪,1
新阿武山病院,求人ボックス,新卒 研究開発 大阪,1
株式会社栗田機械製作所,求人ボックス,新卒 研究開発 大阪,1
豊国製油株式会社,求人ボックス,新卒 研究開発 大阪,1
オーケー食品工業株式会社,求人ボックス,新卒 研究開発 大阪,1
丸菱油化工業株式会社,求人ボックス,新卒 研究開発 大阪,1
カナデビア株式会社,求人ボックス,新卒 研究開発 大阪,1
五洋紙工株式会社,求人ボックス,新卒 研究開発 大阪,1
関西化学機械製作株式会社,求人ボックス,新卒 研究開発 大阪,1
日研フード株式会社,求人ボックス,新卒 研究開発 大阪,1
林兼産業株式会社,求人ボックス,新卒 研究開発 大阪,1
株式会社フソウ,求人ボックス,新卒 研究開発 大阪,1
浪田石油株式会社Dr.Driveネオス高津SS,求人ボックス,新卒 サービス 大阪,2
東京・日本交通株式会社,求人ボックス,新卒 サービス 大阪,1
浪田石油株式会社 Dr.Drive武庫之荘南SS,求人ボックス,新卒 サービス 大阪,1
株式会社セカンドライン,求人ボックス,新卒 サービス 大阪,1
株式会社k-onelog,求人ボックス,新卒 サービス 大阪,1
リハビリデイサービス大きな手・天王寺,求人ボックス,新卒 サービス 大阪,2
医療法人呉診療所デイサービス勝山,求人ボックス,新卒 サービス 大阪,1
TAKUMI川崎教室,求人ボックス,新卒 サービス 大阪,1
藤井寺デイサービスセンター,求人ボックス,新卒 サービス 大阪,1
癒しの森デイサービス久宝寺,求人ボックス,新卒 サービス 大阪,2
わくわくデイサービス金岡,求人ボックス,新卒 サービス 大阪,1
幸楽の里豊中北条デイサービスセンター,求人ボックス,新卒 サービス 大阪,1
デイサービス笑楽コスモスクエア,求人ボックス,新卒 サービス 大阪,2
ビーナスケアセンター瑞光,求人ボックス,新卒 サービス 大阪,1
un le pont 梅田店,求人ボックス,新卒 サービス 大阪,1
小規模多機能型居宅介護アルモニー西淀川大野,求人ボックス,新卒 サービス 大阪,1
PUJAhair,求人ボックス,新卒 サービス 大阪,2
介護老人保健施設 美杉,求人ボックス,新卒 サービス 大阪,1
リハビリデイサービス大きな手・住之江,求人ボックス,新卒 サービス 大阪,1
特別養護老人ホーム 美郷,求人ボックス,新卒 サービス 大阪,1
デイサービスセンター一休,求人ボックス,新卒 サービス 大阪,1
有料老人ホーム フィオーレ美杉,求人ボックス,新卒 サービス 大阪,1
さわやか淀川リハビリデイサービス,求人ボックス,新卒 サービス 大阪,1
特別養護老人ホーム 美来,求人ボックス,新卒 サービス 大阪,1
小規模特別養護老人ホーム くずは西美郷,求人ボックス,新卒 サービス 大阪,1
有料老人ホーム まきの美郷,求人ボックス,新卒 サービス 大阪,1
小規模特別養護老人ホーム くずは美郷,求人ボックス,新卒 サービス 大阪,1
介護老人保健施設 美樟苑,求人ボックス,新卒 サービス 大阪,1
イフスコヘルスケア株式会社,求人ボックス,新卒 サービス 大阪,1
有料老人ホーム 美華,求人ボックス,新卒 サービス 大阪,1
subaco switch,求人ボックス,新卒 IT 大阪,1
subaco switchうつぼ公園,求人ボックス,新卒 IT 大阪,1
subaco switchたにまち,求人ボックス,新卒 IT 大阪,1
けいきlittle,求人ボックス,新卒 IT 大阪,1
LITALICOジュニア天王寺教室,求人ボックス,新卒 IT 大阪,2
LITALICOジュニア梅田教室,求人ボックス,新卒 IT 大阪,2
LITALICOジュニア此花教室,求人ボックス,新卒 IT 大阪,2
LITALICOジュニアなんば・日本橋教室,求人ボックス,新卒 IT 大阪,2
La fith hair pur 梅田茶屋町店,求人ボックス,新卒 IT 大阪,2
株式会社チェプロ,求人ボックス,新卒 IT 大阪,2
株式会社トランスビジョン,求人ボックス,新卒 IT 大阪,1
Goo-it! 天王寺店,求人ボックス,新卒 IT 大阪,1
システムスクエア株式会社,求人ボックス,新卒 IT 大阪,1
Sky Grid株式会社,求人ボックス,新卒 IT 大阪,1
Job and Technology合同会社,求人ボックス,新卒 IT 大阪,1
株式会社シンホリ,求人ボックス,新卒 営業 愛知,1
株式会社住生活研究所,求人ボックス,新卒 営業 愛知,1
株式会社不動産パートナーズ,求人ボックス,新卒 営業 愛知,2
株式会社豊電子工業,求人ボックス,新卒 営業 愛知,2
株式会社ワークナビ,求人ボックス,新卒 営業 愛知,1
株式会社TMGT,求人ボックス,新卒 営業 愛知,1
株式会社エネチタ,求人ボックス,新卒 営業 愛知,1
株式会社コスモテック,求人ボックス,新卒 営業 愛知,1
株式会社丸金商会,求人ボックス,新卒 営業 愛知,1
ニッカホーム株式会社,求人ボックス,新卒 営業 愛知,1
株式会社ホワイトハウス,求人ボックス,新卒 営業 愛知,1
株式会社APパートナーズ,求人ボックス,新卒 営業 愛知,1
株式会社都工業,求人ボックス,新卒 営業 愛知,1
株式会社サンワハウス,求人ボックス,新卒 営業 愛知,1
常盤産業株式会社,求人ボックス,新卒 営業 愛知,1
株式会社マルヤマ,求人ボックス,新卒 営業 愛知,2
株式会社アドストーリー,求人ボックス,新卒 営業 愛知,1
旭化成ホームズ株式会社,求人ボックス,新卒 営業 愛知,1
SCSK株式会社,求人ボックス,新卒 営業 愛知,1
株式会社オープンハウス,求人ボックス,新卒 営業 愛知,1
アリさんマークの引越社 新卒採用,求人ボックス,新卒 営業 愛知,1
アドプランナー株式会社,求人ボックス,新卒 営業 愛知,1
株式会社中京アドサイン,求人ボックス,新卒 営業 愛知,1
かりや愛知中央生活協同組合,求人ボックス,新卒 営業 愛知,1
株式会社プリマジェスト,求人ボックス,新卒 営業 愛知,1
株式会社アールプランナー,求人ボックス,新卒 営業 愛知,1
山本瓦工業株式会社,求人ボックス,新卒 営業 愛知,1
株式会社タンサイボウズ 営業部,求人ボックス,新卒 営業 愛知,1
川洋建装株式会社,求人ボックス,新卒 営業 愛知,1
株式会社中部,求人ボックス,新卒 営業 愛知,1
株式会社フリード トヨタインター店,求人ボックス,新卒 営業 愛知,1
永田や佛壇店 西尾店,求人ボックス,新卒 営業 愛知,1
株式会社魚初 工場,求人ボックス,新卒 営業 愛知,1
名鉄自動車整備株式会社,求人ボックス,新卒 営業 愛知,1
株式会社玉善,求人ボックス,新卒 営業 愛知,1
アジア産業株式会社,求人ボックス,新卒 営業 愛知,1
ポールトゥウィン株式会社,求人ボックス,新卒 エンジニア 愛知,1
株式会社テクノプロ,求人ボックス,新卒 エンジニア 愛知,1
株式会社GLW,求人ボックス,新卒 エンジニア 愛知,2
株式会社テクノスマイル,求人ボックス,新卒 エンジニア 愛知,2
プロフィット株式会社,求人ボックス,新卒 エンジニア 愛知,1
神星電機株式会社,求人ボックス,新卒 エンジニア 愛知,2
トヨタカローラ名古屋株式会社 安城店,求人ボックス,新卒 エンジニア 愛知,2
株式会社エー・オー・シー,求人ボックス,新卒 エンジニア 愛知,2
興和工業株式会社,求人ボックス,新卒 エンジニア 愛知,2
桜の眠り,求人ボックス,新卒 エンジニア 愛知,2
株式会社STELAQ,求人ボックス,新卒 エンジニア 愛知,1
合同会社hitoricco,求人ボックス,新卒 エンジニア 愛知,1
株式会社エイビス,求人ボックス,新卒 エンジニア 愛知,1
株式会社平岩鉄工所,求人ボックス,新卒 企画 愛知,1
TGウェルフェア株式会社,求人ボックス,新卒 企画 愛知,1
株式会社スマートノート,求人ボックス,新卒 企画 愛知,1
興和化成株式会社,求人ボックス,新卒 企画 愛知,1
BurnesStyle 今池店,求人ボックス,新卒 企画 愛知,1
THE PERSONAL GYM 愛知県 覚王山店,求人ボックス,新卒 企画 愛知,2
THE PERSONAL GYM 名古屋栄店,求人ボックス,新卒 企画 愛知,2
城北学童保育所,求人ボックス,新卒 企画 愛知,2
株式会社ビジョン,求人ボックス,新卒 企画 愛知,2
株式会社ウィルオブ・ワーク CW営業部,求人ボックス,新卒 企画 愛知,2
株式会社MARUWA,求人ボックス,新卒 企画 愛知,2
株式会社OnePile,求人ボックス,新卒 企画 愛知,1
OGIYA GROUP XO,求人ボックス,新卒 企画 愛知,1
有限会社ネクサスコーポレーション,求人ボックス,新卒 企画 愛知,1
OGIYA GROUP 安城店,求人ボックス,新卒 企画 愛知,1
OGIYA GROUP 駅前店,求人ボックス,新卒 企画 愛知,1
OGIYA GROUP チャンピオン,求人ボックス,新卒 企画 愛知,1
株式会社キョウエイアドインターナショナル,求人ボックス,新卒 企画 愛知,1
OGIYA GROUP 西尾店,求人ボックス,新卒 企画 愛知,1
OGIYA GROUP 豊橋蔵子店,求人ボックス,新卒 企画 愛知,1
OGIYA GROUP WO,求人ボックス,新卒 企画 愛知,1
株式会社BIG SHIP,求人ボックス,新卒 企画 愛知,1
OGIYA GROUP グランプリ店,求人ボックス,新卒 企画 愛知,1
OGIYA GROUP 二川店,求人ボックス,新卒 企画 愛知,1
アルビス 北区金田店／アルビス株式会社,求人ボックス,新卒 総合職 愛知,1
株式会社ニッセーデリカ,求人ボックス,新卒 総合職 愛知,1
アルビス 中村二瀬店／アルビス株式会社,求人ボックス,新卒 総合職 愛知,1
社会医療法人愛生会 総合上飯田第一病院,求人ボックス,新卒 総合職 愛知,2
独立行政法人労働者健康安全機構旭労災病院,求人ボックス,新卒 総合職 愛知,2
医療法人医仁会さくら総合病院デイ ケアセンター ...,求人ボックス,新卒 総合職 愛知,1
あづま家デイサービス北部,求人ボックス,新卒 総合職 愛知,1
グループホームつばさ今町,求人ボックス,新卒 総合職 愛知,1
株式会社C-mind,求人ボックス,新卒 総合職 愛知,2
あづま食品株式会社,求人ボックス,新卒 総合職 愛知,2
株式会社ニヤクコーポレーション,求人ボックス,新卒 総合職 愛知,2
株式会社帝国データバンク,求人ボックス,新卒 総合職 愛知,1
株式会社コプロコンストラクション,求人ボックス,新卒 総合職 愛知,2
株式会社魚初,求人ボックス,新卒 総合職 愛知,1
髙瀬物産株式会社,求人ボックス,新卒 総合職 愛知,1
ダイセーエブリー二十四株式会社,求人ボックス,新卒 総合職 愛知,1
三昌物産株式会社,求人ボックス,新卒 総合職 愛知,1
ネクステージ昭和橋店,求人ボックス,新卒 総合職 愛知,1
社会医療法人志聖会,求人ボックス,新卒 総合職 愛知,1
みのりライフ介護センター春日井,求人ボックス,新卒 総合職 愛知,1
ネクステージ岡崎スバル車専門店,求人ボックス,新卒 総合職 愛知,1
株式会社オープンアップコンストラクション,求人ボックス,新卒 総合職 愛知,1
ネクステージ豊田東店,求人ボックス,新卒 総合職 愛知,1
ランドローバー岡崎,求人ボックス,新卒 総合職 愛知,1
ネクステージ日進駅前店,求人ボックス,新卒 総合職 愛知,1
ネクステージ⾧久手グリーンロード店,求人ボックス,新卒 総合職 愛知,1
ネクステージ春日井セダン・スポーツ専門店,求人ボックス,新卒 総合職 愛知,1
ネクステージ名古屋茶屋店,求人ボックス,新卒 総合職 愛知,1
ネクステージ岡崎美合店,求人ボックス,新卒 総合職 愛知,1
ネクステージ西尾店,求人ボックス,新卒 総合職 愛知,1
ネクステージ一宮スバル車専門店,求人ボックス,新卒 総合職 愛知,1
SUV LAND名古屋／株式会社ネクステージ,求人ボックス,新卒 総合職 愛知,1
ネクステージ天白セダン・スポーツ専門店,求人ボックス,新卒 総合職 愛知,1
UNIVERSE名古屋／株式会社ネクステージ,求人ボックス,新卒 総合職 愛知,1
ネクステージ江南店,求人ボックス,新卒 総合職 愛知,1
名鉄イン株式会社,求人ボックス,新卒 事務 愛知,1
日総ブレイン株式会社,求人ボックス,新卒 事務 愛知,1
シンコール株式会社,求人ボックス,新卒 事務 愛知,1
行政書士法人シフトアップ,求人ボックス,新卒 事務 愛知,1
株式会社アラカン,求人ボックス,新卒 事務 愛知,1
株式会社スギ薬局,求人ボックス,新卒 事務 愛知,2
株式会社クイック,求人ボックス,新卒 事務 愛知,2
株式会社マイナビワークス,求人ボックス,新卒 事務 愛知,2
ランスタッド株式会社,求人ボックス,新卒 事務 愛知,2
パーソルマーケティング株式会社,求人ボックス,新卒 事務 愛知,2
セントラルエンジニアリング株式会社,求人ボックス,新卒 事務 愛知,1
株式会社TAC設計室,求人ボックス,新卒 事務 愛知,1
医療法人利靖会,求人ボックス,新卒 事務 愛知,1
千音寺産婦人科,求人ボックス,新卒 事務 愛知,1
愛知鋼業株式会社,求人ボックス,新卒 事務 愛知,1
近鉄住宅管理株式会社,求人ボックス,新卒 事務 愛知,1
ジョブストア株式会社,求人ボックス,新卒 事務 愛知,1
ライフケア薬局,求人ボックス,新卒 事務 愛知,1
株式会社アレックス・ジャパン,求人ボックス,新卒 事務 愛知,1
あったかハウス弐番館,求人ボックス,新卒 事務 愛知,1
株式会社コムスタッフ,求人ボックス,新卒 事務 愛知,1
かぐら薬局はばたき店,求人ボックス,新卒 事務 愛知,1
一般社団法人拠,求人ボックス,新卒 事務 愛知,1
株式会社ウィルオブ・ワーク CO西,求人ボックス,新卒 事務 愛知,1
富士産業株式会社 東名古屋病院内の厨房,求人ボックス,新卒 事務 愛知,1
吉浜保育園,求人ボックス,新卒 事務 愛知,1
株式会社夢眠ホーム,求人ボックス,新卒 事務 愛知,1
こども園あるこ,求人ボックス,新卒 事務 愛知,1
株式会社オールハーツ・カンパニー,求人ボックス,新卒 販売 愛知,1
株式会社タナパックス,求人ボックス,新卒 販売 愛知,1
中部電子システム株式会社,求人ボックス,新卒 販売 愛知,1
株式会社GROWTH,求人ボックス,新卒 販売 愛知,1
株式会社アットイン,求人ボックス,新卒 販売 愛知,2
株式会社グッドスピード,求人ボックス,新卒 販売 愛知,2
みっつ葉ライフケア,求人ボックス,新卒 販売 愛知,2
株式会社かつや,求人ボックス,新卒 販売 愛知,1
パナドーム,求人ボックス,新卒 販売 愛知,1
コバックカーズ一宮店,求人ボックス,新卒 販売 愛知,1
コバックカーズ岐阜店,求人ボックス,新卒 販売 愛知,1
株式会社圓屋,求人ボックス,新卒 販売 愛知,1
福祉用具貸与販売プラス,求人ボックス,新卒 販売 愛知,1
株式会社山水,求人ボックス,新卒 販売 愛知,1
株式会社アンジュールプラス,求人ボックス,新卒 販売 愛知,1
株式会社イエデザインラボ,求人ボックス,新卒 販売 愛知,1
コバックカーズ四日市インター店,求人ボックス,新卒 販売 愛知,1
大黒天物産株式会社,求人ボックス,新卒 販売 愛知,1
エバーアクション株式会社,求人ボックス,新卒 販売 愛知,1
株式会社バックスグループ,求人ボックス,新卒 販売 愛知,1
ゲンキー株式会社,求人ボックス,新卒 販売 愛知,1
株式会社サカイ,求人ボックス,新卒 販売 愛知,1
株式会社モダン装美,求人ボックス,新卒 販売 愛知,1
株式会社アクオ,求人ボックス,新卒 販売 愛知,1
名古屋西青果株式会社,求人ボックス,新卒 販売 愛知,1
株式会社パロマ,求人ボックス,新卒 販売 愛知,1
株式会社オートバックス中部販売,求人ボックス,新卒 販売 愛知,1
株式会社アメイズプラス,求人ボックス,新卒 マーケティング 愛知,1
株式会社Josho,求人ボックス,新卒 マーケティング 愛知,1
株式会社アイケイ,求人ボックス,新卒 マーケティング 愛知,1
スガキコシステムズ株式会社,求人ボックス,新卒 マーケティング 愛知,1
株式会社ガーデンメーカー,求人ボックス,新卒 マーケティング 愛知,1
u Kanayama,求人ボックス,新卒 マーケティング 愛知,2
u nagoya,求人ボックス,新卒 マーケティング 愛知,2
amie 名古屋店,求人ボックス,新卒 マーケティング 愛知,2
amie 栄,求人ボックス,新卒 マーケティング 愛知,2
ランク王株式会社,求人ボックス,新卒 マーケティング 愛知,2
オーガニックヘアカラー専門店 Colors La...,求人ボックス,新卒 マーケティング 愛知,2
株式会社MTG,求人ボックス,新卒 マーケティング 愛知,2
株式会社SMCマーケティング,求人ボックス,新卒 マーケティング 愛知,1
ビー・マックス株式会社,求人ボックス,新卒 マーケティング 愛知,1
株式会社トライフィット,求人ボックス,新卒 マーケティング 愛知,1
OGIYA GROUP オーギヤタウン半田店,求人ボックス,新卒 マーケティング 愛知,1
OGIYA GROUP 彦根店,求人ボックス,新卒 マーケティング 愛知,1
株式会社リンクスタッド,求人ボックス,新卒 マーケティング 愛知,1
カジュアルダイニング株式会社,求人ボックス,新卒 マーケティング 愛知,1
OGIYA GROUP 垂水店,求人ボックス,新卒 マーケティング 愛知,1
龍玉精工株式会社,求人ボックス,新卒 マーケティング 愛知,1
DOMANI PLUS. 泉店,求人ボックス,新卒 デザイナー 愛知,1
そそ,求人ボックス,新卒 デザイナー 愛知,1
ヘアメイクシールN 5,求人ボックス,新卒 デザイナー 愛知,1
ヘアメイクジール,求人ボックス,新卒 デザイナー 愛知,1
ヘアメイクジール スパ&リラクゼーション,求人ボックス,新卒 デザイナー 愛知,2
Zeal d,求人ボックス,新卒 デザイナー 愛知,2
HAIR LOUNGE Le ciel,求人ボックス,新卒 デザイナー 愛知,2
Hair make Zeal Six,求人ボックス,新卒 デザイナー 愛知,1
Eleanor名古屋店,求人ボックス,新卒 デザイナー 愛知,2
有限会社山口業務店,求人ボックス,新卒 デザイナー 愛知,1
合同会社LFP,求人ボックス,新卒 デザイナー 愛知,1
エステティックTiARY エアポートウォーク名古...,求人ボックス,新卒 デザイナー 愛知,1
エステティックTiARY サンマルシェ高蔵寺店,求人ボックス,新卒 デザイナー 愛知,1
株式会社DCG Entertainment,求人ボックス,新卒 デザイナー 愛知,1
株式会社イチマルイチ,求人ボックス,新卒 デザイナー 愛知,1
株式会社セントラル,求人ボックス,新卒 デザイナー 愛知,1
株式会社AIRCIEL,求人ボックス,新卒 デザイナー 愛知,1
サクセスサポートライン,求人ボックス,新卒 デザイナー 愛知,1
有限会社サウンドプラン,求人ボックス,新卒 デザイナー 愛知,1
株式会社ケーズコンサルタント,求人ボックス,新卒 コンサル 愛知,1
株式会社マザアス プレステージ事業運営部,求人ボックス,新卒 コンサル 愛知,1
Hairsalon&Eyelash STORY ...,求人ボックス,新卒 コンサル 愛知,2
Hairsalon&Eyelash STORY知...,求人ボックス,新卒 コンサル 愛知,1
NBC税理士法人,求人ボックス,新卒 コンサル 愛知,1
ナーシングホームSmilebase 江南,求人ボックス,新卒 コンサル 愛知,2
名古屋トレーニングセンター,求人ボックス,新卒 コンサル 愛知,2
道建コンサルタント株式会社,求人ボックス,新卒 コンサル 愛知,1
株式会社zion,求人ボックス,新卒 コンサル 愛知,1
サン技術コンサルタント株式会社,求人ボックス,新卒 コンサル 愛知,1
医療法人慈鳳社 こうの歯科・矯正歯科クリニック,求人ボックス,新卒 コンサル 愛知,1
株式会社東海ビルメンテナス,求人ボックス,新卒 コンサル 愛知,1
株式会社沢田工務店,求人ボックス,新卒 コンサル 愛知,1
リクルートラボ株式会社,求人ボックス,新卒 コンサル 愛知,1
オックスフォードパートナーズ株式会社,求人ボックス,新卒 コンサル 愛知,1
コスモエンタープライズ株式会社,求人ボックス,新卒 コンサル 愛知,1
株式会社Ling,求人ボックス,新卒 コンサル 愛知,1
株式会社名南経営ソリューションズ,求人ボックス,新卒 コンサル 愛知,1
社会保険労務士法人とうかい,求人ボックス,新卒 コンサル 愛知,1
株式会社リィ,求人ボックス,新卒 コンサル 愛知,1
株式会社グローバルネットワークコーポレーション,求人ボックス,新卒 コンサル 愛知,1
株式会社iNaho,求人ボックス,新卒 技術職 愛知,1
MO-KU 一宮店,求人ボックス,新卒 技術職 愛知,1
LUCIDO STYLE WINS,求人ボックス,新卒 技術職 愛知,2
LUCIDO STYLE Cube,求人ボックス,新卒 技術職 愛知,1
chaleur,求人ボックス,新卒 技術職 愛知,2
特別養護老人ホームレモンの樹東海,求人ボックス,新卒 技術職 愛知,1
美容室イレブンカット フィールアイアイアイプラザ店,求人ボックス,新卒 技術職 愛知,1
TEN・D,求人ボックス,新卒 技術職 愛知,1
TEN Atelier,求人ボックス,新卒 技術職 愛知,2
美容室イレブンカット フィール シャンピアポート店,求人ボックス,新卒 技術職 愛知,1
美容室イレブンカット ピアゴ清水山店,求人ボックス,新卒 技術職 愛知,1
LUCIDO STYLE,求人ボックス,新卒 技術職 愛知,1
グランラフィネ 松坂屋 店,求人ボックス,新卒 技術職 愛知,1
TEN AVEDAプライムツリー赤池店,求人ボックス,新卒 技術職 愛知,1
美容室イレブンカット アピタ名古屋南店,求人ボックス,新卒 技術職 愛知,2
武山鋳造株式会社,求人ボックス,新卒 技術職 愛知,1
株式会社三和化成,求人ボックス,新卒 技術職 愛知,1
名古屋電機器サービス株式会社,求人ボックス,新卒 技術職 愛知,1
富士工器株式会社,求人ボックス,新卒 技術職 愛知,1
株式会社西村製作所,求人ボックス,新卒 技術職 愛知,1
LUCIDO STYLE Leclat,求人ボックス,新卒 技術職 愛知,1
株式会社ヤマイチプライメタル,求人ボックス,新卒 技術職 愛知,1
LUCIDO STYLE LeR,求人ボックス,新卒 技術職 愛知,1
株式会社アイ・ディー・エー,求人ボックス,新卒 技術職 愛知,1
ラフィネプリュス イオンモール則武新町店,求人ボックス,新卒 技術職 愛知,1
日進化成株式会社,求人ボックス,新卒 技術職 愛知,1
教育産業株式会社,求人ボックス,新卒 技術職 愛知,1
レンテック大敬株式会社,求人ボックス,新卒 技術職 愛知,1
愛知高速交通株式会社,求人ボックス,新卒 技術職 愛知,1
スジャータめいらくグループ,求人ボックス,新卒 技術職 愛知,1
種子屋久農業協同組合,求人ボックス,新卒 技術職 愛知,1
株式会社コベルコ科研,求人ボックス,新卒 技術職 愛知,1
岡設計株式会社,求人ボックス,新卒 技術職 愛知,1
株式会社エクシード,求人ボックス,新卒 システムエンジニア 愛知,2
メタウォーターサービス株式会社,求人ボックス,新卒 システムエンジニア 愛知,2
AZAPAエンジニアリング株式会社,求人ボックス,新卒 システムエンジニア 愛知,2
株式会社スタイル・フリー,求人ボックス,新卒 システムエンジニア 愛知,2
株式会社テクノプロ テクノプロ・エンジニアリング社,求人ボックス,新卒 システムエンジニア 愛知,2
ベルエアーシステムズ株式会社,求人ボックス,新卒 システムエンジニア 愛知,1
株式会社トラストファミリー,求人ボックス,新卒 システムエンジニア 愛知,1
株式会社ベル,求人ボックス,新卒 システムエンジニア 愛知,1
株式会社セレスポ,求人ボックス,新卒 制作 愛知,1
こばとこども園,求人ボックス,新卒 制作 愛知,2
大杉保育園,求人ボックス,新卒 制作 愛知,2
HOPPA江向町2丁目,求人ボックス,新卒 制作 愛知,2
HOPPAorka南大高,求人ボックス,新卒 制作 愛知,2
デイサービス愛西ガーデン,求人ボックス,新卒 制作 愛知,2
HOPPAライフガーデン,求人ボックス,新卒 制作 愛知,2
家族葬のタクセル春日井本部,求人ボックス,新卒 制作 愛知,1
株式会社東愛知新聞社,求人ボックス,新卒 制作 愛知,1
合同会社ライク,求人ボックス,新卒 制作 愛知,1
ベルサンテスタッフ株式会社,求人ボックス,新卒 制作 愛知,1
有限会社元亀屋,求人ボックス,新卒 制作 愛知,1
JOKERS株式会社 名古屋オフィス,求人ボックス,新卒 制作 愛知,1
株式会社チャンスメイト,求人ボックス,新卒 制作 愛知,1
株式会社ジーリンクワークス,求人ボックス,新卒 制作 愛知,1
株式会社ルナ・ソーレ,求人ボックス,新卒 制作 愛知,1
プロジエ株式会社,求人ボックス,新卒 広報 愛知,1
CLARK SMART 名古屋,求人ボックス,新卒 広報 愛知,1
新東工業株式会社,求人ボックス,新卒 広報 愛知,1
ダイコク電機株式会社,求人ボックス,新卒 広報 愛知,1
内浜化成株式会社,求人ボックス,新卒 広報 愛知,1
株式会社ニッセイ,求人ボックス,新卒 広報 愛知,1
特別養護老人ホーム ウエルコートみづほ,求人ボックス,新卒 広報 愛知,2
VTホールディングス株式会社,求人ボックス,新卒 広報 愛知,2
社会福祉法人愛燦会,求人ボックス,新卒 広報 愛知,2
トータルセラピー プライムツリー赤池店,求人ボックス,新卒 広報 愛知,1
株式会社フロンティア,求人ボックス,新卒 広報 愛知,1
株式会社幡野ファーム,求人ボックス,新卒 広報 愛知,1
株式会社リプライス,求人ボックス,新卒 広報 愛知,1
豊通オートモーティブクリエーション株式会社,求人ボックス,新卒 広報 愛知,1
株式会社モリテツ,求人ボックス,新卒 広報 愛知,1
株式会社ユーネットランス,求人ボックス,新卒 広報 愛知,1
合同会社CT4,求人ボックス,新卒 広報 愛知,1
株式会社WORK ON,求人ボックス,新卒 広報 愛知,1
株式会社ロルバーン,求人ボックス,新卒 広報 愛知,1
株式会社FVS,求人ボックス,新卒 広報 愛知,1
株式会社アルテクナ,求人ボックス,新卒 人事 愛知,1
テクノシステム株式会社,求人ボックス,新卒 人事 愛知,1
株式会社三五,求人ボックス,新卒 人事 愛知,1
東明工業株式会社,求人ボックス,新卒 人事 愛知,1
株式会社ヒメノ,求人ボックス,新卒 人事 愛知,1
大和グラビヤ株式会社,求人ボックス,新卒 人事 愛知,1
オオサキメディカル株式会社,求人ボックス,新卒 人事 愛知,2
株式会社ウッドフレンズ,求人ボックス,新卒 人事 愛知,2
セキスイハイム中部株式会社,求人ボックス,新卒 人事 愛知,2
豊通保険パートナーズ株式会社,求人ボックス,新卒 人事 愛知,1
豊和工業株式会社,求人ボックス,新卒 人事 愛知,1
株式会社フューレックス,求人ボックス,新卒 人事 愛知,1
トーエイオフリール,求人ボックス,新卒 人事 愛知,1
サカエ理研工業株式会社,求人ボックス,新卒 人事 愛知,1
株式会社パーソンサービス,求人ボックス,新卒 人事 愛知,1
美容プラージュ 豊橋柱店,求人ボックス,新卒 人事 愛知,1
株式会社サンライズ・パートナー,求人ボックス,新卒 人事 愛知,1
株式会社未来堂,求人ボックス,新卒 人事 愛知,1
明和工業株式会社,求人ボックス,新卒 人事 愛知,1
日本ネットワークコミュニケーションズ株式会社,求人ボックス,新卒 人事 愛知,1
中部システムソリューションズ株式会社,求人ボックス,新卒 人事 愛知,1
Next Advance株式会社,求人ボックス,新卒 人事 愛知,1
株式会社アクティー,求人ボックス,新卒 人事 愛知,1
株式会社G-STYLE,求人ボックス,新卒 人事 愛知,1
株式会社協和コーポレーション,求人ボックス,新卒 人事 愛知,1
株式会社メグラス,求人ボックス,新卒 人事 愛知,1
株式会社貝沼商店,求人ボックス,新卒 経理 愛知,1
愛知タイヤ工業株式会社,求人ボックス,新卒 経理 愛知,1
ジャパンエレベーターサービスホールディングス株式...,求人ボックス,新卒 経理 愛知,1
学校法人藤ノ花学園,求人ボックス,新卒 経理 愛知,1
株式会社アルバイトタイムス,求人ボックス,新卒 経理 愛知,1
株式会社近藤組,求人ボックス,新卒 経理 愛知,2
TSUCHIYA株式会社,求人ボックス,新卒 経理 愛知,2
株式会社サーテックカリヤ,求人ボックス,新卒 経理 愛知,2
株式会社コメ兵,求人ボックス,新卒 経理 愛知,2
ホッコー株式会社,求人ボックス,新卒 経理 愛知,1
株式会社リライブルサポート,求人ボックス,新卒 経理 愛知,1
丸一運輸株式会社,求人ボックス,新卒 経理 愛知,1
株式会社ユニック,求人ボックス,新卒 経理 愛知,1
合同会社ytc,求人ボックス,新卒 経理 愛知,1
天寶株式会社,求人ボックス,新卒 経理 愛知,1
株式会社デンソー,求人ボックス,新卒 経理 愛知,1
株式会社レッツネクスト,求人ボックス,新卒 経理 愛知,1
株式会社テニスラウンジ,求人ボックス,新卒 経理 愛知,1
協和ケミカル株式会社,求人ボックス,新卒 経理 愛知,1
SUZUKI HEALTH PLANNING 西...,求人ボックス,新卒 経理 愛知,1
東海時計商事株式会社,求人ボックス,新卒 経理 愛知,1
名古屋臨床検査センター,求人ボックス,新卒 経理 愛知,1
株式会社S.vision,求人ボックス,新卒 経理 愛知,1
メルコヒューマンポート株式会社,求人ボックス,新卒 経理 愛知,1
グリーンショップ合同会社,求人ボックス,新卒 経理 愛知,1
株式会社Belink,求人ボックス,新卒 経理 愛知,1
株式会社三榮,求人ボックス,新卒 施工管理 愛知,2
株式会社トーヨー,求人ボックス,新卒 施工管理 愛知,2
大塚産業インテリア株式会社,求人ボックス,新卒 施工管理 愛知,1
株式会社オープンハウス・アーキテクト,求人ボックス,新卒 施工管理 愛知,2
株式会社クロップス・クルー,求人ボックス,新卒 施工管理 愛知,2
株式会社竹中工務店,求人ボックス,新卒 施工管理 愛知,2
株式会社山越,求人ボックス,新卒 施工管理 愛知,2
太建工業株式会社,求人ボックス,新卒 施工管理 愛知,2
株式会社アーキ・ジャパン,求人ボックス,新卒 施工管理 愛知,2
有限会社たかはま,求人ボックス,新卒 施工管理 愛知,1
株式会社タカショー,求人ボックス,新卒 施工管理 愛知,1
株式会社ノービル,求人ボックス,新卒 施工管理 愛知,1
株式会社永賢組-14,求人ボックス,新卒 施工管理 愛知,1
AG株式会社,求人ボックス,新卒 施工管理 愛知,1
佐伯綜合建設株式会社,求人ボックス,新卒 施工管理 愛知,1
株式会社大智建設,求人ボックス,新卒 施工管理 愛知,1
穂の国エンジニアリング株式会社,求人ボックス,新卒 施工管理 愛知,1
株式会社松村組,求人ボックス,新卒 施工管理 愛知,1
株式会社カケン,求人ボックス,新卒 施工管理 愛知,1
株式会社アクセス22,求人ボックス,新卒 施工管理 愛知,1
藤村産業株式会社,求人ボックス,新卒 施工管理 愛知,1
株式会社IEC,求人ボックス,新卒 施工管理 愛知,1
株式会社永賢組-04,求人ボックス,新卒 施工管理 愛知,1
株式会社永賢組-21,求人ボックス,新卒 施工管理 愛知,1
株式会社Sun air,求人ボックス,新卒 施工管理 愛知,1
株式会社ワールドメカニック,求人ボックス,新卒 生産管理 愛知,1
Fanta,求人ボックス,新卒 生産管理 愛知,1
日研トータルソーシング株式会社／7A001-刈谷,求人ボックス,新卒 生産管理 愛知,1
近藤工業株式会社,求人ボックス,新卒 生産管理 愛知,2
株式会社アドバンティア本社,求人ボックス,新卒 生産管理 愛知,2
株式会社エー・ピーホールディングス,求人ボックス,新卒 生産管理 愛知,2
東急リバブル株式会社,求人ボックス,新卒 生産管理 愛知,2
株式会社アクセル,求人ボックス,新卒 生産管理 愛知,1
ミヅホ工業株式会社,求人ボックス,新卒 生産管理 愛知,1
有限会社イソガイプラスチック,求人ボックス,新卒 生産管理 愛知,1
貴城精工株式会社,求人ボックス,新卒 生産管理 愛知,1
株式会社タイセイ,求人ボックス,新卒 生産管理 愛知,1
進興金属工業株式会社,求人ボックス,新卒 生産管理 愛知,1
二村機器株式会社,求人ボックス,新卒 生産管理 愛知,1
株式会社ホニック,求人ボックス,新卒 生産管理 愛知,1
株式会社キャメル珈琲,求人ボックス,新卒 生産管理 愛知,1
土岐津産業株式会社,求人ボックス,新卒 生産管理 愛知,1
アチーヴキャリア,求人ボックス,新卒 生産管理 愛知,1
笹徳印刷株式会社,求人ボックス,新卒 生産管理 愛知,1
下村電機工業株式会社,求人ボックス,新卒 生産管理 愛知,1
富士岐工産株式会社,求人ボックス,新卒 生産管理 愛知,1
株式会社アドバンティア,求人ボックス,新卒 生産管理 愛知,1
中央紙器工業株式会社,求人ボックス,新卒 生産管理 愛知,1
中部抵抗器株式会社,求人ボックス,新卒 生産管理 愛知,1
転職サービス Jobuddy,求人ボックス,新卒 生産管理 愛知,1
ウチダ株式会社,求人ボックス,新卒 生産管理 愛知,1
株式会社イワタツール,求人ボックス,新卒 生産管理 愛知,1
株式会社アイロムIR名古屋オフィス,求人ボックス,新卒 研究開発 愛知,1
独立行政法人国立病院機構名古屋医療センター,求人ボックス,新卒 研究開発 愛知,1
株式会社シュヴァルベル,求人ボックス,新卒 研究開発 愛知,1
UTエージェント株式会社,求人ボックス,新卒 研究開発 愛知,1
伊藤忠テクノソリューションズ株式会社,求人ボックス,新卒 研究開発 愛知,1
コスモトレーディング株式会社,求人ボックス,新卒 研究開発 愛知,2
丸三証券株式会社,求人ボックス,新卒 研究開発 愛知,2
名古屋医療センター,求人ボックス,新卒 研究開発 愛知,2
ドリームズ・21st平安通校,求人ボックス,新卒 研究開発 愛知,2
チャレンジドホーム寿々中村,求人ボックス,新卒 研究開発 愛知,2
医療法人なかわか なかわか歯科医院,求人ボックス,新卒 研究開発 愛知,2
スギムラ化学工業株式会社,求人ボックス,新卒 研究開発 愛知,1
理研計器株式会社,求人ボックス,新卒 研究開発 愛知,1
株式会社パーカーコーポレーション,求人ボックス,新卒 研究開発 愛知,1
株式会社サンエー化研,求人ボックス,新卒 研究開発 愛知,1
株式会社オティックスホールディングス,求人ボックス,新卒 研究開発 愛知,1
東山フイルム株式会社,求人ボックス,新卒 研究開発 愛知,1
株式会社モリタ製作所,求人ボックス,新卒 研究開発 愛知,1
日本ガスケット株式会社,求人ボックス,新卒 研究開発 愛知,1
株式会社槌屋,求人ボックス,新卒 研究開発 愛知,1
三洋化成工業株式会社,求人ボックス,新卒 研究開発 愛知,1
株式会社大阪めいらく,求人ボックス,新卒 研究開発 愛知,1
株式会社えひめ飲料,求人ボックス,新卒 研究開発 愛知,1
ソフラ株式会社,求人ボックス,新卒 研究開発 愛知,1
株式会社エアレックス,求人ボックス,新卒 研究開発 愛知,1
エステー株式会社,求人ボックス,新卒 研究開発 愛知,1
株式会社関電工,求人ボックス,新卒 研究開発 愛知,1
N'zCREW株式会社,求人ボックス,新卒 サービス 愛知,1
保育所しらゆり,求人ボックス,新卒 サービス 愛知,1
若葉保育園,求人ボックス,新卒 サービス 愛知,1
にじいろ保育園花園,求人ボックス,新卒 サービス 愛知,1
刈谷市立あおば保育園,求人ボックス,新卒 サービス 愛知,2
東郷旭丘幼稚園,求人ボックス,新卒 サービス 愛知,1
デイサービスさくら家,求人ボックス,新卒 サービス 愛知,2
にじいろ保育園羽黒,求人ボックス,新卒 サービス 愛知,1
みやこ第二幼稚園,求人ボックス,新卒 サービス 愛知,1
株式会社こうけつ鍼灸・接骨院&リハビリデイサービス,求人ボックス,新卒 サービス 愛知,1
紫音の里,求人ボックス,新卒 サービス 愛知,2
波の音児童発達支援事業所・放課後等デイサービス ...,求人ボックス,新卒 サービス 愛知,1
デイサービスセンター 輪中の郷,求人ボックス,新卒 サービス 愛知,1
柿の木第二デイサービス,求人ボックス,新卒 サービス 愛知,1
日本ライフケアソリューションズ株式会社,求人ボックス,新卒 サービス 愛知,1
医療法人整友会,求人ボックス,新卒 サービス 愛知,1
ぶどうのプール,求人ボックス,新卒 サービス 愛知,1
とりはらデイサービスセンター,求人ボックス,新卒 サービス 愛知,1
リハビリデイサービス げんき倶楽部・甚目寺,求人ボックス,新卒 サービス 愛知,1
デイサービス榊原,求人ボックス,新卒 サービス 愛知,1
デイサービスめぐみの里,求人ボックス,新卒 サービス 愛知,1
放課後等デイサービス青空 2組,求人ボックス,新卒 サービス 愛知,1
特別養護老人ホームあさひが丘,求人ボックス,新卒 サービス 愛知,1
みかんのプール,求人ボックス,新卒 サービス 愛知,1
社会福祉法人長寿会,求人ボックス,新卒 サービス 愛知,1
リハビリフィットネス守山,求人ボックス,新卒 サービス 愛知,1
デイサービスセンター悠縁,求人ボックス,新卒 サービス 愛知,1
ほのぼのデイサービスセンター穂華,求人ボックス,新卒 サービス 愛知,1
株式会社ジーエスコンサルティング,求人ボックス,新卒 サービス 愛知,1
放課後等デイサービス アミーゴ六名,求人ボックス,新卒 サービス 愛知,1
デイサービス秋桜,求人ボックス,新卒 サービス 愛知,1
株式会社三喜サービス,求人ボックス,新卒 サービス 愛知,1
株式会社花の店友楽園,求人ボックス,新卒 サービス 愛知,1
ジョイリハ昭和御器所,求人ボックス,新卒 サービス 愛知,1
合同会社恵,求人ボックス,新卒 サービス 愛知,1
コハルデイサービス扶桑,求人ボックス,新卒 サービス 愛知,1
コハルデイサロン高根,求人ボックス,新卒 サービス 愛知,1
児童養護施設 オリーブ,求人ボックス,新卒 サービス 愛知,1
名古屋大学こすもす保育園,求人ボックス,新卒 IT 愛知,1
名古屋市ポピンズ家庭保育室志賀公園,求人ボックス,新卒 IT 愛知,2
名古屋大学あすなろ保育園,求人ボックス,新卒 IT 愛知,1
市が洞保育園,求人ボックス,新卒 IT 愛知,1
東海さくらのみち保育園,求人ボックス,新卒 IT 愛知,1
美容プラージュ 豊田駅前店,求人ボックス,新卒 IT 愛知,1
美容プラージュ 豊橋飯村店,求人ボックス,新卒 IT 愛知,1
美容プラージュ 豊田浄水店,求人ボックス,新卒 IT 愛知,2
美容プラージュ 日進長久手店,求人ボックス,新卒 IT 愛知,2
株式会社インデックス,求人ボックス,新卒 IT 愛知,1
美容プラージュ カインズ東海店,求人ボックス,新卒 IT 愛知,1
美容プラージュ 豊橋駅前店,求人ボックス,新卒 IT 愛知,1
美容プラージュ 江南店,求人ボックス,新卒 IT 愛知,1
株式会社Assh,求人ボックス,新卒 IT 愛知,1
株式会社ジー・コミュニケーション,求人ボックス,新卒 IT 愛知,1
株式会社ドリームプランニング,求人ボックス,新卒 営業 神奈川,2
オスフェリオンバイオマテリアル株式会社,求人ボックス,新卒 営業 神奈川,1
一正蒲鉾株式会社,求人ボックス,新卒 営業 神奈川,1
株式会社ピーアイコーポレーション,求人ボックス,新卒 営業 神奈川,2
NTTデータルウィーブ株式会社,求人ボックス,新卒 営業 神奈川,1
NTTテクノクロス株式会社,求人ボックス,新卒 営業 神奈川,1
株式会社ヨシノ自動車,求人ボックス,新卒 営業 神奈川,2
グローバルベイス株式会社,求人ボックス,新卒 営業 神奈川,1
富士電機E&C株式会社,求人ボックス,新卒 営業 神奈川,2
株式会社梅田モータース,求人ボックス,新卒 営業 神奈川,1
みずほ不動産販売株式会社,求人ボックス,新卒 営業 神奈川,2
KHG株式会社,求人ボックス,新卒 営業 神奈川,2
JFEプラントエンジ株式会社,求人ボックス,新卒 営業 神奈川,1
株式会社よろず屋不動産,求人ボックス,新卒 営業 神奈川,1
モーターサイクルワールド株式会社,求人ボックス,新卒 営業 神奈川,1
株式会社オーソリティーホンダ,求人ボックス,新卒 営業 神奈川,1
ジャパニアス株式会社,求人ボックス,新卒 営業 神奈川,1
株式会社エーシーネクスト,求人ボックス,新卒 営業 神奈川,1
プロテクト株式会社,求人ボックス,新卒 営業 神奈川,1
株式会社スタームービング,求人ボックス,新卒 営業 神奈川,1
中川食肉株式会社,求人ボックス,新卒 営業 神奈川,1
日成ビルド工業株式会社,求人ボックス,新卒 営業 神奈川,1
株式会社サン・ライフホールディング,求人ボックス,新卒 営業 神奈川,1
キングラン株式会社,求人ボックス,新卒 営業 神奈川,1
神奈川都市交通株式会社港北ニュータウン営業所,求人ボックス,新卒 営業 神奈川,1
神奈川県住宅設備協同組合,求人ボックス,新卒 営業 神奈川,1
早川木材株式会社,求人ボックス,新卒 営業 神奈川,1
青山鋼業株式会社,求人ボックス,新卒 営業 神奈川,1
稲垣商事株式会社,求人ボックス,新卒 営業 神奈川,1
株式会社プロスタッフ,求人ボックス,新卒 営業 神奈川,1
メディケアセンター秦野,求人ボックス,新卒 営業 神奈川,1
UTグループ株式会社,求人ボックス,新卒 エンジニア 神奈川,1
サミット株式会社,求人ボックス,新卒 エンジニア 神奈川,1
JFEテクノス株式会社,求人ボックス,新卒 エンジニア 神奈川,1
株式会社クロサワエンジニアリング,求人ボックス,新卒 エンジニア 神奈川,2
株式会社Neuealle,求人ボックス,新卒 エンジニア 神奈川,2
株式会社シンエンス,求人ボックス,新卒 エンジニア 神奈川,1
株式会社SOLARIS,求人ボックス,新卒 エンジニア 神奈川,1
株式会社ユービー,求人ボックス,新卒 エンジニア 神奈川,1
株式会社カナエル,求人ボックス,新卒 エンジニア 神奈川,1
株式会社イオ,求人ボックス,新卒 エンジニア 神奈川,1
株式会社シー・エー・デザイン,求人ボックス,新卒 企画 神奈川,1
大和高座渋谷雲母保育園,求人ボックス,新卒 企画 神奈川,1
大和南林間雲母保育園,求人ボックス,新卒 企画 神奈川,1
THE PERSON 相模大野店,求人ボックス,新卒 企画 神奈川,2
大和深見台雲母保育園,求人ボックス,新卒 企画 神奈川,2
横浜大口雲母保育園,求人ボックス,新卒 企画 神奈川,1
大和つきみ野雲母保育園,求人ボックス,新卒 企画 神奈川,1
武蔵小杉雲母保育園,求人ボックス,新卒 企画 神奈川,2
THE PERSON 綱島店,求人ボックス,新卒 企画 神奈川,1
藤沢湘南台雲母保育園,求人ボックス,新卒 企画 神奈川,1
川崎子母口雲母保育園,求人ボックス,新卒 企画 神奈川,2
BLUE FITNESS24 武蔵中原店,求人ボックス,新卒 企画 神奈川,2
横浜相原病院内保育室,求人ボックス,新卒 企画 神奈川,1
横浜矢向雲母保育園,求人ボックス,新卒 企画 神奈川,2
BLUE FITNESS24 仲町台店,求人ボックス,新卒 企画 神奈川,1
株式会社スマートパワーシステム,求人ボックス,新卒 企画 神奈川,1
株式会社アポルテ,求人ボックス,新卒 企画 神奈川,1
トヨタサービスセンター神奈川株式会社,求人ボックス,新卒 企画 神奈川,1
D&Cファシリティーズ株式会社,求人ボックス,新卒 企画 神奈川,1
横浜東戸塚雲母保育園,求人ボックス,新卒 企画 神奈川,1
BLUE FITNESS24 武蔵新城店,求人ボックス,新卒 企画 神奈川,1
THE PERSON 鶴見店,求人ボックス,新卒 企画 神奈川,1
安田物産グループ,求人ボックス,新卒 企画 神奈川,1
宝製菓株式会社,求人ボックス,新卒 企画 神奈川,1
有限会社オーグ うさぎのしっぽ うさぎのしっぽ2...,求人ボックス,新卒 企画 神奈川,1
佐川印刷株式会社,求人ボックス,新卒 企画 神奈川,1
株式会社花和産業,求人ボックス,新卒 企画 神奈川,1
学校法人関東学院,求人ボックス,新卒 総合職 神奈川,1
デイサービス夢楽 新子安,求人ボックス,新卒 総合職 神奈川,1
藤沢市,求人ボックス,新卒 総合職 神奈川,2
デイサービス夢楽 京町,求人ボックス,新卒 総合職 神奈川,2
横浜りとるぱんぷきんず,求人ボックス,新卒 総合職 神奈川,2
デイサービス夢楽 鶴見,求人ボックス,新卒 総合職 神奈川,2
デイサービス夢楽 横浜日ノ出町,求人ボックス,新卒 総合職 神奈川,2
東洋埠頭株式会社,求人ボックス,新卒 総合職 神奈川,2
デイサービス夢楽 川崎大師,求人ボックス,新卒 総合職 神奈川,2
社会福祉法人県央福祉会,求人ボックス,新卒 総合職 神奈川,1
ジャパンウェルネス株式会社,求人ボックス,新卒 総合職 神奈川,1
ネクステージ横浜戸塚店,求人ボックス,新卒 総合職 神奈川,1
ボルボ・カー平塚,求人ボックス,新卒 総合職 神奈川,1
ネクステージ横須賀店,求人ボックス,新卒 総合職 神奈川,1
ネクステージ小田原店,求人ボックス,新卒 総合職 神奈川,1
社会福祉法人読売光と愛の事業団,求人ボックス,新卒 総合職 神奈川,1
ボルボ・カー相模原,求人ボックス,新卒 総合職 神奈川,1
エフィラグループ株式会社,求人ボックス,新卒 総合職 神奈川,1
ネクステージ横浜港北インター店,求人ボックス,新卒 総合職 神奈川,1
ジャガー・ランドローバー横浜港北,求人ボックス,新卒 総合職 神奈川,1
ボルボ・セレクト大田・川崎,求人ボックス,新卒 総合職 神奈川,1
アサヒロジスティクス株式会社 物流管理社員,求人ボックス,新卒 総合職 神奈川,1
株式会社ティーアイアール,求人ボックス,新卒 総合職 神奈川,1
神奈川エコネットワーク協同組合,求人ボックス,新卒 総合職 神奈川,1
株式会社ハーフ・センチュリー・モア,求人ボックス,新卒 事務 神奈川,1
医療法人社団平郁会,求人ボックス,新卒 事務 神奈川,1
株式会社杉孝,求人ボックス,新卒 事務 神奈川,1
ティアンドエス株式会社,求人ボックス,新卒 事務 神奈川,2
第一電材株式会社,求人ボックス,新卒 事務 神奈川,1
有限会社下田調剤センター ヒカリ薬局武蔵小杉店,求人ボックス,新卒 事務 神奈川,2
医療法人社団滋恵会 安藤整形外科,求人ボックス,新卒 事務 神奈川,1
医療法人社団扇会 秦野寿町クリニック,求人ボックス,新卒 事務 神奈川,1
医療法人社団報徳会 西湘病院,求人ボックス,新卒 事務 神奈川,1
神奈川都市交通株式会社,求人ボックス,新卒 事務 神奈川,1
SBSフレイトサービス株式会社 川崎出張所,求人ボックス,新卒 事務 神奈川,1
神奈川都市交通株式会社・川崎営業所,求人ボックス,新卒 事務 神奈川,1
神奈川都市交通株式会社・横浜営業所,求人ボックス,新卒 事務 神奈川,1
ひまわり調剤薬局株式会社,求人ボックス,新卒 事務 神奈川,1
クオール薬局マルイファミリー海老名店,求人ボックス,新卒 事務 神奈川,1
横浜東戸塚調剤薬局,求人ボックス,新卒 事務 神奈川,1
医療法人社団大和会 相模原東クリニック,求人ボックス,新卒 事務 神奈川,1
株式会社いらか,求人ボックス,新卒 事務 神奈川,1
27卒新卒調剤事務 きらり薬局関東エリア,求人ボックス,新卒 事務 神奈川,1
株式会社エイジェック,求人ボックス,新卒 事務 神奈川,1
医療法人社団三雄会 かとうクリニック,求人ボックス,新卒 事務 神奈川,1
キュアケアジャパン株式会社 みんなの薬屋さん,求人ボックス,新卒 事務 神奈川,1
ここから訪問看護リハビリケア田奈サテライト,求人ボックス,新卒 事務 神奈川,1
調剤事務ファルマテラス 茅ヶ崎,求人ボックス,新卒 事務 神奈川,1
三和工業株式会社,求人ボックス,新卒 事務 神奈川,1
豊田内科クリニック,求人ボックス,新卒 事務 神奈川,1
SBSフレイトサービス株式会社,求人ボックス,新卒 事務 神奈川,1
株式会社JAFT,求人ボックス,新卒 事務 神奈川,1
舞岡柏尾地域ケアプラザ,求人ボックス,新卒 事務 神奈川,1
住友不動産エスフォルタ株式会社,求人ボックス,新卒 販売 神奈川,1
株式会社カーテン・じゅうたん王国,求人ボックス,新卒 販売 神奈川,1
下山畜産株式会社,求人ボックス,新卒 販売 神奈川,1
かたくり福祉用具海老名センター,求人ボックス,新卒 販売 神奈川,2
株式会社ウイルプラスホールディングス,求人ボックス,新卒 販売 神奈川,2
かたくり福祉用具神奈川・多摩センター,求人ボックス,新卒 販売 神奈川,2
シマヤメディカル株式会社,求人ボックス,新卒 販売 神奈川,1
へいあんホームケア平塚,求人ボックス,新卒 販売 神奈川,2
ケアレンタル海老名,求人ボックス,新卒 販売 神奈川,1
株式会社Job Guide,求人ボックス,新卒 販売 神奈川,1
株式会社和心亭豊月,求人ボックス,新卒 販売 神奈川,1
株式会社山安,求人ボックス,新卒 販売 神奈川,1
有限会社マーロウ,求人ボックス,新卒 販売 神奈川,1
サン・ライフ福祉サービスセンター湘南事業所,求人ボックス,新卒 販売 神奈川,1
クリエーティブカミヤ株式会社,求人ボックス,新卒 販売 神奈川,1
大島薬局 本店,求人ボックス,新卒 販売 神奈川,1
日本精麦株式会社,求人ボックス,新卒 販売 神奈川,1
Fit Care DEPOT 西菅田店,求人ボックス,新卒 販売 神奈川,1
チャイハネ 港北店,求人ボックス,新卒 販売 神奈川,1
株式会社コントリビューション,求人ボックス,新卒 販売 神奈川,1
株式会社ミルトス,求人ボックス,新卒 販売 神奈川,1
株式会社京樽,求人ボックス,新卒 販売 神奈川,1
有限会社クライス,求人ボックス,新卒 販売 神奈川,1
ツルヤ薬局,求人ボックス,新卒 販売 神奈川,1
ALLURE合同会社,求人ボックス,新卒 マーケティング 神奈川,1
三本珈琲株式会社,求人ボックス,新卒 マーケティング 神奈川,1
株式会社ファーマインド,求人ボックス,新卒 マーケティング 神奈川,1
アンリツ株式会社,求人ボックス,新卒 マーケティング 神奈川,1
株式会社コーエーテクモホールディングス,求人ボックス,新卒 マーケティング 神奈川,1
株式会社IDAJ,求人ボックス,新卒 マーケティング 神奈川,1
SBCメディカルグループ株式会社,求人ボックス,新卒 マーケティング 神奈川,1
岡野相続税理士法人,求人ボックス,新卒 マーケティング 神奈川,1
BLUE FITNESS24 綱島店,求人ボックス,新卒 マーケティング 神奈川,2
LeLink by COMiNUM 青葉台店,求人ボックス,新卒 マーケティング 神奈川,2
株式会社More want,求人ボックス,新卒 マーケティング 神奈川,1
株式会社HONE,求人ボックス,新卒 マーケティング 神奈川,1
株式会社ATOM,求人ボックス,新卒 マーケティング 神奈川,1
AUSTIN 髪質改善トリートメント&ヘッドスパ...,求人ボックス,新卒 マーケティング 神奈川,1
BLUE FITNESS24 柏店,求人ボックス,新卒 マーケティング 神奈川,1
株式会社ラフアンドロードスポーツ,求人ボックス,新卒 マーケティング 神奈川,1
株式会社bサーチ,求人ボックス,新卒 マーケティング 神奈川,1
株式会社みずかげ製作所,求人ボックス,新卒 マーケティング 神奈川,1
株式会社ナレッジ・ハブ,求人ボックス,新卒 マーケティング 神奈川,1
株式会社Laugh at Life,求人ボックス,新卒 マーケティング 神奈川,1
株式会社コーエーテクモウェーブ,求人ボックス,新卒 デザイナー 神奈川,1
NICA溝の口,求人ボックス,新卒 デザイナー 神奈川,1
Number Three 綱島店,求人ボックス,新卒 デザイナー 神奈川,1
tocca hair&treatment 小田原店,求人ボックス,新卒 デザイナー 神奈川,1
Eleanor spa&treatment 本厚木,求人ボックス,新卒 デザイナー 神奈川,2
tocca hair&treatment 日吉店,求人ボックス,新卒 デザイナー 神奈川,1
Eleanor spa&treatment 川崎,求人ボックス,新卒 デザイナー 神奈川,1
Eleanor spa&treatment 藤沢,求人ボックス,新卒 デザイナー 神奈川,2
N°3 hair lounge 溝の口店,求人ボックス,新卒 デザイナー 神奈川,2
Eleanor spa&treatment 大船...,求人ボックス,新卒 デザイナー 神奈川,2
tocca hair&treatment 溝の口店,求人ボックス,新卒 デザイナー 神奈川,1
株式会社アイティーオー,求人ボックス,新卒 デザイナー 神奈川,1
kiito本厚木,求人ボックス,新卒 デザイナー 神奈川,1
Eleanor spa&treatment 綱島店,求人ボックス,新卒 デザイナー 神奈川,1
Eleanor spa&treatment 武蔵...,求人ボックス,新卒 デザイナー 神奈川,1
合同会社AND FISH,求人ボックス,新卒 デザイナー 神奈川,1
Eleanor spa&treatment 登戸店,求人ボックス,新卒 デザイナー 神奈川,1
リバディジャパン株式会社,求人ボックス,新卒 デザイナー 神奈川,1
株式会社Alfine,求人ボックス,新卒 デザイナー 神奈川,1
株式会社トライ・トライ,求人ボックス,新卒 デザイナー 神奈川,1
アイフォーコム株式会社,求人ボックス,新卒 コンサル 神奈川,1
vroom 川崎店,求人ボックス,新卒 コンサル 神奈川,2
髪質改善トリートメント&ダブルカラー LeLin...,求人ボックス,新卒 コンサル 神奈川,2
株式会社ジーエスパートナーズ,求人ボックス,新卒 コンサル 神奈川,1
株式会社オーシャン,求人ボックス,新卒 コンサル 神奈川,1
株式会社ベスト・ロジスティクス・パートナーズ,求人ボックス,新卒 コンサル 神奈川,1
浜銀総合研究所,求人ボックス,新卒 コンサル 神奈川,1
HITOWAキッズライフ株式会社,求人ボックス,新卒 コンサル 神奈川,1
プリモ動物病院グループ,求人ボックス,新卒 コンサル 神奈川,1
Genie -men's cut & men's...,求人ボックス,新卒 コンサル 神奈川,1
株式会社うえじまインベストメント,求人ボックス,新卒 コンサル 神奈川,1
株式会社ストーンズ,求人ボックス,新卒 コンサル 神奈川,1
工藤建設株式会社,求人ボックス,新卒 コンサル 神奈川,1
株式会社地方総合研究所,求人ボックス,新卒 コンサル 神奈川,1
スターティアホールディングス株式会社,求人ボックス,新卒 コンサル 神奈川,1
株式会社DACS,求人ボックス,新卒 コンサル 神奈川,1
合歓の木保育園,求人ボックス,新卒 コンサル 神奈川,1
国際ビルサービス株式会社,求人ボックス,新卒 技術職 神奈川,1
Cut&Style CLOWN 横浜,求人ボックス,新卒 技術職 神奈川,1
theFrei,求人ボックス,新卒 技術職 神奈川,1
WiZ,求人ボックス,新卒 技術職 神奈川,1
髪質改善ヘアエステサロン EUREKA by A...,求人ボックス,新卒 技術職 神奈川,2
社会福祉法人日本医療伝道会衣笠病院,求人ボックス,新卒 技術職 神奈川,1
Hair Lounge EGO,求人ボックス,新卒 技術職 神奈川,1
医療法人社団明芳会横浜新都市脳神経外科病院,求人ボックス,新卒 技術職 神奈川,1
Kyle. ~hair removal salo...,求人ボックス,新卒 技術職 神奈川,2
E'CREA エクレア 大船店,求人ボックス,新卒 技術職 神奈川,1
医療法人社団葵会AOI七沢リハビリテーション病院,求人ボックス,新卒 技術職 神奈川,2
E'CREA エクレア 横浜店,求人ボックス,新卒 技術職 神奈川,1
Heilee brow ヘイリーブロウ溝の口店,求人ボックス,新卒 技術職 神奈川,1
光伸光学工業株式会社,求人ボックス,新卒 技術職 神奈川,1
リハビリ特化型デイサービス fureai 大口店,求人ボックス,新卒 技術職 神奈川,1
Lila リラ 溝の口店,求人ボックス,新卒 技術職 神奈川,1
イースリー株式会社,求人ボックス,新卒 技術職 神奈川,1
株式会社野毛電気工業,求人ボックス,新卒 技術職 神奈川,1
トオカツフーズ株式会社 横浜鶴見工場,求人ボックス,新卒 技術職 神奈川,1
出光ルブテクノ株式会社,求人ボックス,新卒 技術職 神奈川,1
リハビリ特化型デイサービス fureai 藤が丘店,求人ボックス,新卒 技術職 神奈川,1
Heilee brow ヘイリーブロウ藤沢店,求人ボックス,新卒 技術職 神奈川,1
E'CREA エクレア 藤沢店,求人ボックス,新卒 技術職 神奈川,1
株式会社光学技研,求人ボックス,新卒 技術職 神奈川,1
E'CREA エクレア 溝の口店,求人ボックス,新卒 技術職 神奈川,1
DNライティング株式会社,求人ボックス,新卒 技術職 神奈川,1
株式会社ジェイテック,求人ボックス,新卒 技術職 神奈川,1
Heilee brow ヘイリーブロウ横浜店,求人ボックス,新卒 技術職 神奈川,1
UNDEUX SUPER BODY 横浜スタジオ,求人ボックス,新卒 技術職 神奈川,1
東日電設株式会社,求人ボックス,新卒 技術職 神奈川,1
日本フルハーフ株式会社,求人ボックス,新卒 技術職 神奈川,1
株式会社大京アステージ・株式会社穴吹コミュニティ,求人ボックス,新卒 技術職 神奈川,1
日興電機工業株式会社,求人ボックス,新卒 技術職 神奈川,1
株式会社ウエキコーポレーション,求人ボックス,新卒 技術職 神奈川,1
三菱UFJトラストシステム株式会社,求人ボックス,新卒 システムエンジニア 神奈川,2
森永乳業株式会社,求人ボックス,新卒 システムエンジニア 神奈川,2
株式会社アネステック,求人ボックス,新卒 システムエンジニア 神奈川,1
株式会社TBTソリューションズ,求人ボックス,新卒 システムエンジニア 神奈川,1
株式会社ネオス,求人ボックス,新卒 システムエンジニア 神奈川,1
株式会社日本アシスト,求人ボックス,新卒 システムエンジニア 神奈川,1
株式会社シーエーエル,求人ボックス,新卒 システムエンジニア 神奈川,1
アイテック・トレジャー・アンド・トラジャー株式会社,求人ボックス,新卒 システムエンジニア 神奈川,1
株式会社アーキテクトコア,求人ボックス,新卒 システムエンジニア 神奈川,1
株式会社湘南イノベーション,求人ボックス,新卒 システムエンジニア 神奈川,1
株式会社協和ビジネスコンサルタント,求人ボックス,新卒 システムエンジニア 神奈川,1
株式会社SCRIPT,求人ボックス,新卒 システムエンジニア 神奈川,1
株式会社プロケア,求人ボックス,新卒 制作 神奈川,1
株式会社横浜シミズ,求人ボックス,新卒 制作 神奈川,1
あけぼの園,求人ボックス,新卒 制作 神奈川,1
よつばベビーななせ,求人ボックス,新卒 制作 神奈川,1
阿久和保育園,求人ボックス,新卒 制作 神奈川,1
西柴保育園,求人ボックス,新卒 制作 神奈川,2
おひさま共同保育園,求人ボックス,新卒 制作 神奈川,2
上永谷西保育園,求人ボックス,新卒 制作 神奈川,2
コム・サポート有限会社,求人ボックス,新卒 制作 神奈川,1
有限会社ミヤビプランニングオフィス,求人ボックス,新卒 制作 神奈川,1
株式会社ウィーズ,求人ボックス,新卒 制作 神奈川,1
株式会社ゼロステーション,求人ボックス,新卒 制作 神奈川,1
株式会社ビーアンドピー,求人ボックス,新卒 制作 神奈川,1
ドコドア株式会社,求人ボックス,新卒 制作 神奈川,1
三和エナジー株式会社,求人ボックス,新卒 広報 神奈川,1
NE株式会社,求人ボックス,新卒 広報 神奈川,1
株式会社牧野技術サービス,求人ボックス,新卒 広報 神奈川,1
UNI SOUND株式会社,求人ボックス,新卒 広報 神奈川,1
飯田通商株式会社,求人ボックス,新卒 広報 神奈川,2
株式会社YDKテクノロジーズ,求人ボックス,新卒 広報 神奈川,1
hair salon UNO 向ヶ丘遊園,求人ボックス,新卒 広報 神奈川,2
hair salon UNO 南林間店,求人ボックス,新卒 広報 神奈川,2
グローバルデザイン株式会社,求人ボックス,新卒 広報 神奈川,2
hair salon UNO 伊勢原,求人ボックス,新卒 広報 神奈川,1
株式会社ジャスト,求人ボックス,新卒 広報 神奈川,1
株式会社ウィズ,求人ボックス,新卒 広報 神奈川,1
hair salon UNO 若葉台,求人ボックス,新卒 広報 神奈川,1
株式会社Liz.,求人ボックス,新卒 広報 神奈川,1
千代田化工建設株式会社,求人ボックス,新卒 広報 神奈川,1
株式会社リバテック,求人ボックス,新卒 広報 神奈川,1
株式会社こどもの森,求人ボックス,新卒 広報 神奈川,1
アールエヌティーホテルズ株式会社,求人ボックス,新卒 広報 神奈川,1
株式会社ラストウェルネス,求人ボックス,新卒 広報 神奈川,1
マジオネットHD株式会社,求人ボックス,新卒 広報 神奈川,1
合同会社セブンチャレンジ ネクストセブンチャレンジ,求人ボックス,新卒 広報 神奈川,1
SOL整形外科荻窪,求人ボックス,新卒 広報 神奈川,1
株式会社エムサス,求人ボックス,新卒 広報 神奈川,1
社会福祉法人秀峰会,求人ボックス,新卒 人事 神奈川,1
株式会社ムロオ,求人ボックス,新卒 人事 神奈川,1
BYD JAPAN株式会社,求人ボックス,新卒 人事 神奈川,1
株式会社シグマ,求人ボックス,新卒 人事 神奈川,1
ENEOSオーシャン株式会社,求人ボックス,新卒 人事 神奈川,1
東洋製罐グループエンジニアリング株式会社,求人ボックス,新卒 人事 神奈川,2
株式会社和光商会,求人ボックス,新卒 人事 神奈川,1
岡谷エレクトロニクス株式会社,求人ボックス,新卒 人事 神奈川,1
リノベシア株式会社,求人ボックス,新卒 人事 神奈川,2
株式会社日立アドバンストシステムズ,求人ボックス,新卒 人事 神奈川,2
パーソナルジムASPI 関内店,求人ボックス,新卒 人事 神奈川,2
プレス工業株式会社,求人ボックス,新卒 人事 神奈川,1
東亜テックス株式会社,求人ボックス,新卒 人事 神奈川,1
株式会社図研,求人ボックス,新卒 人事 神奈川,3
パーソナルジムASPI 川崎店,求人ボックス,新卒 人事 神奈川,2
荻野化成株式会社,求人ボックス,新卒 人事 神奈川,1
株式会社S creative,求人ボックス,新卒 人事 神奈川,1
GHS箱根株式会社,求人ボックス,新卒 人事 神奈川,1
フジ技研株式会社,求人ボックス,新卒 人事 神奈川,1
株式会社丸総,求人ボックス,新卒 人事 神奈川,1
特定医療法人社団若林会,求人ボックス,新卒 人事 神奈川,1
AIM株式会社,求人ボックス,新卒 人事 神奈川,1
OM合同会社,求人ボックス,新卒 人事 神奈川,1
ゆとり庵麻溝 看護小規模多機能型居宅介護,求人ボックス,新卒 人事 神奈川,1
合同会社Plum River,求人ボックス,新卒 人事 神奈川,1
JFEエンジニアリング株式会社,求人ボックス,新卒 経理 神奈川,1
株式会社サンエーサンクス,求人ボックス,新卒 経理 神奈川,1
学校法人三幸学園 飛鳥未来高等学校 横浜キャンパス,求人ボックス,新卒 経理 神奈川,1
東邦電気株式会社,求人ボックス,新卒 経理 神奈川,1
有限会社五十嵐建設工業,求人ボックス,新卒 経理 神奈川,1
藤沢脳神経外科病院,求人ボックス,新卒 経理 神奈川,1
株式会社勝俣組,求人ボックス,新卒 経理 神奈川,1
株式会社日本工業所,求人ボックス,新卒 施工管理 神奈川,1
株式会社アルファコーポレーション,求人ボックス,新卒 施工管理 神奈川,1
株式会社門倉組,求人ボックス,新卒 施工管理 神奈川,2
有限会社ワーク湘南,求人ボックス,新卒 施工管理 神奈川,1
株式会社丸山工務所,求人ボックス,新卒 施工管理 神奈川,2
株式会社三宝緑地,求人ボックス,新卒 施工管理 神奈川,2
辻建設株式会社東京支店,求人ボックス,新卒 施工管理 神奈川,2
株式会社中川工務店,求人ボックス,新卒 施工管理 神奈川,2
重田建設企業株式会社,求人ボックス,新卒 施工管理 神奈川,1
京和グリーン株式会社,求人ボックス,新卒 施工管理 神奈川,1
シモデン株式会社,求人ボックス,新卒 施工管理 神奈川,1
株式会社大里工業,求人ボックス,新卒 施工管理 神奈川,1
株式会社エヌケイシイ,求人ボックス,新卒 施工管理 神奈川,1
有限会社初鹿野建設,求人ボックス,新卒 施工管理 神奈川,1
株式会社根建,求人ボックス,新卒 施工管理 神奈川,1
サンエス工業株式会社,求人ボックス,新卒 施工管理 神奈川,1
株式会社KENテクノ,求人ボックス,新卒 施工管理 神奈川,1
あかりホームクラフト株式会社,求人ボックス,新卒 施工管理 神奈川,1
株式会社エスオー,求人ボックス,新卒 施工管理 神奈川,1
Afinar,求人ボックス,新卒 生産管理 神奈川,1
Refine by Afinar 本厚木店,求人ボックス,新卒 生産管理 神奈川,1
ALSOK介護株式会社,求人ボックス,新卒 生産管理 神奈川,1
Afinar上大岡店,求人ボックス,新卒 生産管理 神奈川,1
Shine hair LATTE 新百合ヶ丘,求人ボックス,新卒 生産管理 神奈川,1
ArisLy 横浜上大岡店,求人ボックス,新卒 生産管理 神奈川,2
ArisLy Tokyo 横浜駅前店,求人ボックス,新卒 生産管理 神奈川,2
ArisLy 戸塚駅前店,求人ボックス,新卒 生産管理 神奈川,2
DHLサプライチェーンジャパン株式会社,求人ボックス,新卒 生産管理 神奈川,2
株式会社横浜ファーム 下妻農場,求人ボックス,新卒 生産管理 神奈川,1
河西工業株式会社,求人ボックス,新卒 生産管理 神奈川,2
相模フレッシュ株式会社,求人ボックス,新卒 生産管理 神奈川,1
戸田フーズ株式会社,求人ボックス,新卒 生産管理 神奈川,1
関東化成工業株式会社,求人ボックス,新卒 生産管理 神奈川,1
株式会社バロー,求人ボックス,新卒 生産管理 神奈川,1
株式会社藤野製作所,求人ボックス,新卒 生産管理 神奈川,1
トーステ株式会社,求人ボックス,新卒 生産管理 神奈川,1
株式会社ファルテック,求人ボックス,新卒 生産管理 神奈川,1
株式会社ニッキ,求人ボックス,新卒 生産管理 神奈川,1
株式会社神谷商会,求人ボックス,新卒 生産管理 神奈川,1
株式会社ヤマテコーポレーション,求人ボックス,新卒 生産管理 神奈川,1
株式会社アサヒ,求人ボックス,新卒 生産管理 神奈川,1
株式会社和光精機,求人ボックス,新卒 生産管理 神奈川,1
巴機械工業株式会社,求人ボックス,新卒 生産管理 神奈川,1
山金工業株式会社,求人ボックス,新卒 生産管理 神奈川,1
高田工業株式会社,求人ボックス,新卒 生産管理 神奈川,1
株式会社Farm大越,求人ボックス,新卒 生産管理 神奈川,1
mu d 金沢文庫店,求人ボックス,新卒 研究開発 神奈川,1
mu d-coa 横浜店,求人ボックス,新卒 研究開発 神奈川,1
mu d-coa関内店,求人ボックス,新卒 研究開発 神奈川,1
Lotus Hair Design,求人ボックス,新卒 研究開発 神奈川,1
株式会社アイロム神奈川エリア,求人ボックス,新卒 研究開発 神奈川,1
小顔矯正・骨盤矯正専門店 ナチュラルビューティー...,求人ボックス,新卒 研究開発 神奈川,2
いすゞ自動車株式会社,求人ボックス,新卒 研究開発 神奈川,2
一般財団法人日本科学技術連盟,求人ボックス,新卒 研究開発 神奈川,2
株式会社りそな銀行,求人ボックス,新卒 研究開発 神奈川,1
三井化学株式会社,求人ボックス,新卒 研究開発 神奈川,2
株式会社マクシスエンジニアリング,求人ボックス,新卒 研究開発 神奈川,1
株式会社アミル,求人ボックス,新卒 研究開発 神奈川,1
フドー株式会社,求人ボックス,新卒 研究開発 神奈川,1
防衛装備庁,求人ボックス,新卒 研究開発 神奈川,1
富士川建材工業株式会社,求人ボックス,新卒 研究開発 神奈川,1
株式会社東京アールアンドデー,求人ボックス,新卒 研究開発 神奈川,1
株式会社アバールデータ,求人ボックス,新卒 研究開発 神奈川,1
株式会社エヌエフホールディングス／株式会社エヌエ...,求人ボックス,新卒 研究開発 神奈川,1
株式会社日立製作所,求人ボックス,新卒 研究開発 神奈川,1
パレス化学株式会社,求人ボックス,新卒 研究開発 神奈川,1
株式会社トライ,求人ボックス,新卒 研究開発 神奈川,1
関東化学株式会社,求人ボックス,新卒 研究開発 神奈川,1
太陽誘電株式会社,求人ボックス,新卒 研究開発 神奈川,1
武田薬品工業株式会社,求人ボックス,新卒 研究開発 神奈川,1
らいおんハートリハビリ温泉デイサービス河内,求人ボックス,新卒 サービス 神奈川,1
リーフ保土ヶ谷放課後等デイサービス,求人ボックス,新卒 サービス 神奈川,1
放課後等デイサービスグローブセカンド,求人ボックス,新卒 サービス 神奈川,1
ワイ・クルーズ三ツ沢下町,求人ボックス,新卒 サービス 神奈川,1
あんじゅ グランディール,求人ボックス,新卒 サービス 神奈川,1
りんく,求人ボックス,新卒 サービス 神奈川,1
放課後等デイサービスなないろ師岡,求人ボックス,新卒 サービス 神奈川,1
まなびの森キラリ星川,求人ボックス,新卒 サービス 神奈川,1
株式会社ぶどうの木,求人ボックス,新卒 サービス 神奈川,1
神奈川県横浜市都筑区の整形外科,求人ボックス,新卒 サービス 神奈川,1
デイサービスゆたかなビレッジ,求人ボックス,新卒 サービス 神奈川,2
アプリ児童デイサービス高津ハウス,求人ボックス,新卒 サービス 神奈川,1
放課後等デイサービスあんじゅ そうぶだい,求人ボックス,新卒 サービス 神奈川,1
放課後等デイサービスなないろ すてっぷ,求人ボックス,新卒 サービス 神奈川,1
あったかサポートねこのて,求人ボックス,新卒 サービス 神奈川,1
放課後等デイサービスなないろ,求人ボックス,新卒 サービス 神奈川,1
はぴねす黒川,求人ボックス,新卒 サービス 神奈川,1
ステラプレナDUO,求人ボックス,新卒 サービス 神奈川,1
株式会社ソーシエ本部,求人ボックス,新卒 サービス 神奈川,1
訪問介護インサイト,求人ボックス,新卒 サービス 神奈川,1
Naturaltime発達臨床センター,求人ボックス,新卒 サービス 神奈川,1
こぱんはうすさくら 新川崎教室,求人ボックス,新卒 サービス 神奈川,1
こぱんはうすさくら 麻生教室,求人ボックス,新卒 サービス 神奈川,1
株式会社あおばHD,求人ボックス,新卒 サービス 神奈川,1
ふれあいの家訪問介護ステーション磯子,求人ボックス,新卒 サービス 神奈川,1
パワーリハビリテーションワトワ,求人ボックス,新卒 サービス 神奈川,1
生活ケア・リハビリここち,求人ボックス,新卒 サービス 神奈川,1
ITTO個別指導学院 鎌倉大船校,求人ボックス,新卒 IT 神奈川,1
LITALICOジュニア横浜東口教室,求人ボックス,新卒 IT 神奈川,1
ポピンズナーサリースクール片倉町駅前,求人ボックス,新卒 IT 神奈川,1
オダガワ動物病院,求人ボックス,新卒 IT 神奈川,1
BLUE FITNESS24 豪徳寺店,求人ボックス,新卒 IT 神奈川,1
株式会社Nito,求人ボックス,新卒 IT 神奈川,2
BLUE FITNESS24 東雲店,求人ボックス,新卒 IT 神奈川,2
株式会社PRUM,求人ボックス,新卒 IT 神奈川,2
BLUE FITNESS24 清澄白河店,求人ボックス,新卒 IT 神奈川,1
Technocrats Japan株式会社,求人ボックス,新卒 IT 神奈川,1
BLUE FITNESS24 五反野店,求人ボックス,新卒 IT 神奈川,1
株式会社ABI,求人ボックス,新卒 IT 神奈川,2
BLUE FITNESS24 瑞江店,求人ボックス,新卒 IT 神奈川,2
BLUE FITNESS24 西葛西店,求人ボックス,新卒 IT 神奈川,1
株式会社第一コンピュータサービス,求人ボックス,新卒 IT 神奈川,1
BLUE FITNESS24 仙川店,求人ボックス,新卒 IT 神奈川,1
合同会社GA.group,求人ボックス,新卒 営業 福岡,1
株式会社ほけんの110番@フレッセイ太田飯塚店,求人ボックス,新卒 営業 福岡,1
株式会社ライフライン,求人ボックス,新卒 営業 福岡,1
株式会社不二サッシ九州,求人ボックス,新卒 営業 福岡,1
株式会社ほけんの110番@トナリエ宇都宮店,求人ボックス,新卒 営業 福岡,1
株式会社ほけんの110番@ジョイフル本田千代田店,求人ボックス,新卒 営業 福岡,1
星和電機株式会社,求人ボックス,新卒 営業 福岡,1
ネクステージ筑後店,求人ボックス,新卒 営業 福岡,1
株式会社川本製作所,求人ボックス,新卒 営業 福岡,1
ネクステージ八幡西店,求人ボックス,新卒 営業 福岡,1
株式会社リクルートスタッフィング 西日本,求人ボックス,新卒 営業 福岡,1
ネクステージ博多板付店,求人ボックス,新卒 営業 福岡,1
株式会社NTTドコモ,求人ボックス,新卒 営業 福岡,2
株式会社オリジナルあい,求人ボックス,新卒 営業 福岡,1
株式会社Light BROTHERS,求人ボックス,新卒 営業 福岡,1
株式会社ディーワークス,求人ボックス,新卒 営業 福岡,1
株式会社Good不動産,求人ボックス,新卒 営業 福岡,1
株式会社ホンダユーテック,求人ボックス,新卒 営業 福岡,1
株式会社共栄べスト,求人ボックス,新卒 営業 福岡,1
株式会社ガチキャリア,求人ボックス,新卒 営業 福岡,1
マトリクス・エスディ株式会社,求人ボックス,新卒 営業 福岡,1
株式会社ヤスカネ・ジャパン,求人ボックス,新卒 営業 福岡,1
株式会社I・PARTNERS,求人ボックス,新卒 営業 福岡,1
TO株式会社,求人ボックス,新卒 営業 福岡,1
株式会社MUSUBU,求人ボックス,新卒 営業 福岡,1
富士警備保障株式会社,求人ボックス,新卒 営業 福岡,1
株式会社DelightZ,求人ボックス,新卒 営業 福岡,1
株式会社クックチャムプラスシー,求人ボックス,新卒 営業 福岡,1
エンドライン株式会社,求人ボックス,新卒 営業 福岡,1
アジアクエスト株式会社,求人ボックス,新卒 エンジニア 福岡,2
トーテックアメニティ株式会社,求人ボックス,新卒 エンジニア 福岡,2
株式会社パソナ,求人ボックス,新卒 エンジニア 福岡,2
株式会社キャリアパートナーズ,求人ボックス,新卒 エンジニア 福岡,1
フレックスビジネスサービス株式会社,求人ボックス,新卒 エンジニア 福岡,1
NLS合同会社,求人ボックス,新卒 エンジニア 福岡,1
リンクラフト株式会社,求人ボックス,新卒 エンジニア 福岡,1
福岡マリンサービス株式会社,求人ボックス,新卒 エンジニア 福岡,1
株式会社アズテックス,求人ボックス,新卒 エンジニア 福岡,1
ジェイエムテクノロジー株式会社,求人ボックス,新卒 エンジニア 福岡,1
株式会社ACR,求人ボックス,新卒 エンジニア 福岡,1
株式会社由いつ,求人ボックス,新卒 エンジニア 福岡,1
株式会社コモンコム,求人ボックス,新卒 エンジニア 福岡,1
南片江こども園,求人ボックス,新卒 企画 福岡,1
福岡市立こども病院かもめ保育園,求人ボックス,新卒 企画 福岡,1
光和保育園,求人ボックス,新卒 企画 福岡,1
THE PERSONAL GYM 福岡県 博多店,求人ボックス,新卒 企画 福岡,1
BurnesStyle 姪浜店,求人ボックス,新卒 企画 福岡,1
株式会社テノ.コーポレーション 金隈病院 かねの...,求人ボックス,新卒 企画 福岡,2
株式会社テノ.コーポレーション 青陵保育園,求人ボックス,新卒 企画 福岡,2
株式会社テノ.コーポレーション ほっぺるランド大名,求人ボックス,新卒 企画 福岡,1
株式会社テノ.コーポレーション ひまわり保育園,求人ボックス,新卒 企画 福岡,1
株式会社テノ.コーポレーション ほっぺるランド六...,求人ボックス,新卒 企画 福岡,2
株式会社テノ.コーポレーション ふくぎんきっずら...,求人ボックス,新卒 企画 福岡,1
株式会社シノケングループ,求人ボックス,新卒 企画 福岡,2
株式会社テノ.コーポレーション 福岡鳥飼病院託児所,求人ボックス,新卒 企画 福岡,1
マンパワーグループ株式会社,求人ボックス,新卒 企画 福岡,1
株式会社テノ.コーポレーション ほっぺるランド博...,求人ボックス,新卒 企画 福岡,1
有限会社DreamEntrance,求人ボックス,新卒 企画 福岡,1
株式会社テノ.コーポレーション 保育園テトテひらお,求人ボックス,新卒 企画 福岡,1
大三ミート産業株式会社,求人ボックス,新卒 企画 福岡,1
株式会社テノ.コーポレーション ダイイチキッズル...,求人ボックス,新卒 企画 福岡,1
株式会社メメント,求人ボックス,新卒 企画 福岡,1
有限会社生島印刷,求人ボックス,新卒 企画 福岡,1
株式会社ニッシンホームテック,求人ボックス,新卒 企画 福岡,1
SOE合同会社,求人ボックス,新卒 企画 福岡,1
株式会社伸和,求人ボックス,新卒 企画 福岡,1
合同会社幻,求人ボックス,新卒 企画 福岡,1
株式会社ピークスマインド,求人ボックス,新卒 企画 福岡,1
特別養護老人ホーム誠光園,求人ボックス,新卒 総合職 福岡,1
デイサービスセンター善哉,求人ボックス,新卒 総合職 福岡,1
ふじみ野ケアセンター,求人ボックス,新卒 総合職 福岡,1
障がい者支援施設サンハウス,求人ボックス,新卒 総合職 福岡,1
リックス株式会社,求人ボックス,新卒 総合職 福岡,2
黒崎播磨株式会社,求人ボックス,新卒 総合職 福岡,2
西部ガスエネルギー株式会社,求人ボックス,新卒 総合職 福岡,2
株式会社サンヨーコーポレーション,求人ボックス,新卒 総合職 福岡,1
協和警備保障株式会社,求人ボックス,新卒 総合職 福岡,1
福岡国際空港株式会社,求人ボックス,新卒 総合職 福岡,1
アイ・リンクグループ,求人ボックス,新卒 総合職 福岡,1
ネクステージ新宮店,求人ボックス,新卒 総合職 福岡,1
日鉄日立システムソリューションズ株式会社,求人ボックス,新卒 総合職 福岡,1
システムバンキング九州共同センター,求人ボックス,新卒 総合職 福岡,1
JEJアステージ株式会社,求人ボックス,新卒 総合職 福岡,1
ネクステージ北九州店,求人ボックス,新卒 総合職 福岡,1
株式会社日本ネットワークサービス,求人ボックス,新卒 総合職 福岡,1
ファイテン株式会社 2027年卒新卒採用,求人ボックス,新卒 総合職 福岡,1
株式会社九州ケーズデンキ,求人ボックス,新卒 総合職 福岡,1
株式会社不動産中央情報センター,求人ボックス,新卒 事務 福岡,1
株式会社九州テラオカ,求人ボックス,新卒 事務 福岡,1
株式会社こころのカンパニー,求人ボックス,新卒 事務 福岡,1
楽天銀行株式会社,求人ボックス,新卒 事務 福岡,1
東洋ステンレス研磨工業株式会社,求人ボックス,新卒 事務 福岡,1
株式会社中山運輸,求人ボックス,新卒 事務 福岡,2
SATO社会保険労務士法人,求人ボックス,新卒 事務 福岡,2
野間薬局 マリナ通り店,求人ボックス,新卒 事務 福岡,1
医療法人敬生会 米満内科医院,求人ボックス,新卒 事務 福岡,1
株式会社ミライル,求人ボックス,新卒 事務 福岡,1
株式会社ミライル／TCF,求人ボックス,新卒 事務 福岡,1
株式会社ゼスト,求人ボックス,新卒 事務 福岡,1
Local Design株式会社,求人ボックス,新卒 事務 福岡,1
株式会社SRL,求人ボックス,新卒 販売 福岡,2
ヘアーサロン ソシエ,求人ボックス,新卒 販売 福岡,1
株式会社ジャパンネットワークグループ,求人ボックス,新卒 販売 福岡,2
クオリス上福岡店,求人ボックス,新卒 販売 福岡,2
学校法人滋慶学園,求人ボックス,新卒 販売 福岡,1
株式会社リード,求人ボックス,新卒 販売 福岡,1
スター福祉用具センター,求人ボックス,新卒 販売 福岡,2
株式会社墨朋,求人ボックス,新卒 販売 福岡,2
携帯ショップでの携帯販売・窓口業務,求人ボックス,新卒 販売 福岡,1
株式会社コウダプロ,求人ボックス,新卒 販売 福岡,1
合同会社D'zero.,求人ボックス,新卒 販売 福岡,1
ダイレックス片江店,求人ボックス,新卒 販売 福岡,1
株式会社キービット岡山,求人ボックス,新卒 販売 福岡,1
イオンモール直方,求人ボックス,新卒 販売 福岡,1
株式会社宝縁,求人ボックス,新卒 販売 福岡,1
すこやかレンタルサポート,求人ボックス,新卒 販売 福岡,1
株式会社風美庵,求人ボックス,新卒 販売 福岡,1
ペットショップCoo&RIKU 高松上福岡店,求人ボックス,新卒 販売 福岡,1
ペットショップCoo&RIKU 福岡東店,求人ボックス,新卒 販売 福岡,1
ダイレックス 名子店,求人ボックス,新卒 販売 福岡,1
株式会社サンリオ,求人ボックス,新卒 販売 福岡,1
ドラッグコーエイおおとう桜街道店,求人ボックス,新卒 販売 福岡,1
株式会社海星ムサシ,求人ボックス,新卒 販売 福岡,1
株式会社キービット広島,求人ボックス,新卒 販売 福岡,1
株式会社テイスター,求人ボックス,新卒 販売 福岡,1
新日本製薬株式会社,求人ボックス,新卒 マーケティング 福岡,1
室町ケミカル株式会社,求人ボックス,新卒 マーケティング 福岡,1
株式会社エクサウィザーズ,求人ボックス,新卒 マーケティング 福岡,1
株式会社ハーブ健康本舗,求人ボックス,新卒 マーケティング 福岡,1
株式会社ABITOKYO,求人ボックス,新卒 マーケティング 福岡,1
ダイトロン株式会社,求人ボックス,新卒 マーケティング 福岡,2
みかさの里デイサービスきふね,求人ボックス,新卒 マーケティング 福岡,2
税理士法人アイユーコンサルティング,求人ボックス,新卒 マーケティング 福岡,2
パルフェ by OAK 九大学研都市店,求人ボックス,新卒 マーケティング 福岡,2
Zina 銀座 頭浸浴&ヘッドスパ&髪質改善トリ...,求人ボックス,新卒 マーケティング 福岡,2
匠Lauren株式会社,求人ボックス,新卒 マーケティング 福岡,2
VALLET博多店,求人ボックス,新卒 マーケティング 福岡,2
株式会社ほけんの110番,求人ボックス,新卒 マーケティング 福岡,1
TIM合同会社,求人ボックス,新卒 マーケティング 福岡,1
株式会社E.Seekers,求人ボックス,新卒 マーケティング 福岡,1
株式会社ビーステップ,求人ボックス,新卒 マーケティング 福岡,1
株式会社ワイズプランニング,求人ボックス,新卒 マーケティング 福岡,1
株式会社平和地建,求人ボックス,新卒 マーケティング 福岡,1
株式会社スパイスボックス,求人ボックス,新卒 マーケティング 福岡,1
株式会社獲れるコトバ執筆社,求人ボックス,新卒 マーケティング 福岡,1
合同会社ろけファン,求人ボックス,新卒 マーケティング 福岡,1
株式会社キュービック,求人ボックス,新卒 デザイナー 福岡,1
tocca hair& treatment 天神店,求人ボックス,新卒 デザイナー 福岡,1
hair make FRe‘Y ヘアメイクフレイ,求人ボックス,新卒 デザイナー 福岡,1
tocca hair & treatment 博...,求人ボックス,新卒 デザイナー 福岡,1
Eleanor 博多店,求人ボックス,新卒 デザイナー 福岡,2
tocca & EMANON 小倉店,求人ボックス,新卒 デザイナー 福岡,2
Eleanor博多ANNEX,求人ボックス,新卒 デザイナー 福岡,1
beauty gym PUPU,求人ボックス,新卒 デザイナー 福岡,2
tocca hair&treatment博多駅博...,求人ボックス,新卒 デザイナー 福岡,1
REGALO SPA,求人ボックス,新卒 デザイナー 福岡,1
株式会社adapt retailing,求人ボックス,新卒 デザイナー 福岡,1
ドーリーラッシュ VIORO店,求人ボックス,新卒 デザイナー 福岡,2
Prime Priority Technolog...,求人ボックス,新卒 デザイナー 福岡,1
ストレッチ専門店 骨盤メディカル整体院 北九州小...,求人ボックス,新卒 デザイナー 福岡,1
Richer 福岡・天神,求人ボックス,新卒 デザイナー 福岡,1
アイブロウ眉毛専門店 eyebrow salon...,求人ボックス,新卒 デザイナー 福岡,1
株式会社ソースクリエイト,求人ボックス,新卒 デザイナー 福岡,1
合同会社MoveFree,求人ボックス,新卒 デザイナー 福岡,1
合同会社モソロ,求人ボックス,新卒 デザイナー 福岡,1
株式会社九州インターメディア研究所,求人ボックス,新卒 デザイナー 福岡,1
株式会社グローバルギア,求人ボックス,新卒 デザイナー 福岡,1
グリーンライフ産業株式会社,求人ボックス,新卒 デザイナー 福岡,1
辻・本郷税理士法人,求人ボックス,新卒 コンサル 福岡,1
アネーラ税理士法人,求人ボックス,新卒 コンサル 福岡,2
株式会社TMJ,求人ボックス,新卒 コンサル 福岡,2
株式会社TASUKI,求人ボックス,新卒 コンサル 福岡,2
株式会社キャリア,求人ボックス,新卒 コンサル 福岡,2
REGALO株式会社,求人ボックス,新卒 コンサル 福岡,1
エミナルクリニック 広島院,求人ボックス,新卒 コンサル 福岡,1
ギグワークスクロスアイティ株式会社,求人ボックス,新卒 コンサル 福岡,1
JR九州建設グループ,求人ボックス,新卒 コンサル 福岡,1
FISM株式会社,求人ボックス,新卒 コンサル 福岡,1
進興設備工業株式会社,求人ボックス,新卒 技術職 福岡,1
TELAHAIR上福岡,求人ボックス,新卒 技術職 福岡,1
UNDEUX SUPER BODY 千葉スタジオ,求人ボックス,新卒 技術職 福岡,1
MARIE TERESIA TENJIN,求人ボックス,新卒 技術職 福岡,2
ReRe 福岡天神店,求人ボックス,新卒 技術職 福岡,2
UNDEUX SUPER BODY 神戸スタジオ,求人ボックス,新卒 技術職 福岡,1
UNDEUX SUPER BODY 大宮スタジオ,求人ボックス,新卒 技術職 福岡,2
UNDEUX SUPER BODY 仙台スタジオ,求人ボックス,新卒 技術職 福岡,1
Retia レティア 博多駅前店,求人ボックス,新卒 技術職 福岡,1
UNDEUX SUPER BODY 藤沢スタジオ,求人ボックス,新卒 技術職 福岡,1
株式会社エコ・プラン,求人ボックス,新卒 技術職 福岡,1
UNDEUX SUPER BODY 広島スタジオ,求人ボックス,新卒 技術職 福岡,1
UNDEUX SUPER BODY 浦和スタジオ,求人ボックス,新卒 技術職 福岡,1
Reni brow レニーブロウ 博多駅前店,求人ボックス,新卒 技術職 福岡,1
イデアハウス株式会社,求人ボックス,新卒 技術職 福岡,1
Meiru メイル 博多駅前店,求人ボックス,新卒 技術職 福岡,1
UNDEUX SUPER BODY 武蔵小杉スタ...,求人ボックス,新卒 技術職 福岡,1
株式会社アビスト,求人ボックス,新卒 技術職 福岡,1
成央建設株式会社,求人ボックス,新卒 技術職 福岡,1
日本電気航空宇宙システム株式会社,求人ボックス,新卒 技術職 福岡,1
株式会社山本製作所,求人ボックス,新卒 技術職 福岡,1
株式会社峰製作所,求人ボックス,新卒 技術職 福岡,1
株式会社セントラルユニ,求人ボックス,新卒 技術職 福岡,1
株式会社菅原,求人ボックス,新卒 技術職 福岡,1
株式会社プロテックエンジニアリング,求人ボックス,新卒 技術職 福岡,1
株式会社情報戦略テクノロジー,求人ボックス,新卒 システムエンジニア 福岡,2
フューチャーインスペース株式会社,求人ボックス,新卒 システムエンジニア 福岡,2
Qsol株式会社,求人ボックス,新卒 システムエンジニア 福岡,2
株式会社リンクス,求人ボックス,新卒 システムエンジニア 福岡,2
株式会社アット東京,求人ボックス,新卒 システムエンジニア 福岡,2
株式会社リンクテクノロジー,求人ボックス,新卒 システムエンジニア 福岡,1
株式会社システムソフト,求人ボックス,新卒 システムエンジニア 福岡,1
株式会社アクシス,求人ボックス,新卒 システムエンジニア 福岡,1
ナレッジ株式会社,求人ボックス,新卒 システムエンジニア 福岡,1
株式会社システック井上,求人ボックス,新卒 システムエンジニア 福岡,1
株式会社大東システムエンジニアリング,求人ボックス,新卒 システムエンジニア 福岡,1
アイコムソフト株式会社,求人ボックス,新卒 システムエンジニア 福岡,1
株式会社麻生情報システム,求人ボックス,新卒 システムエンジニア 福岡,1
株式会社日本ビジネスデータープロセシングセンター,求人ボックス,新卒 システムエンジニア 福岡,1
社会福祉法人厚徳会大日保育園,求人ボックス,新卒 制作 福岡,1
行事保育園,求人ボックス,新卒 制作 福岡,2
デンキュウコウボウ ゲキダンバク,求人ボックス,新卒 制作 福岡,1
株式会社エクスジール,求人ボックス,新卒 制作 福岡,1
彩夏color salon合同会社,求人ボックス,新卒 制作 福岡,1
株式会社ヨシイスタジオ,求人ボックス,新卒 制作 福岡,1
あーす保育園六本松,求人ボックス,新卒 制作 福岡,1
ミネベアミツミ株式会社,求人ボックス,新卒 広報 福岡,1
W2株式会社,求人ボックス,新卒 広報 福岡,1
株式会社アルペン,求人ボックス,新卒 広報 福岡,2
パシフィックコンサルタンツ株式会社,求人ボックス,新卒 広報 福岡,1
株式会社TNCプロジェクト,求人ボックス,新卒 広報 福岡,1
株式会社フェローズ,求人ボックス,新卒 広報 福岡,1
株式会社SIC,求人ボックス,新卒 広報 福岡,1
株式会社縁結び,求人ボックス,新卒 広報 福岡,1
株式会社ハウジングプラザ,求人ボックス,新卒 人事 福岡,1
株式会社デンヒチ,求人ボックス,新卒 人事 福岡,1
福徳長酒類株式会社,求人ボックス,新卒 人事 福岡,1
株式会社最上鮮魚,求人ボックス,新卒 人事 福岡,1
株式会社イケヒコ・コーポレーション,求人ボックス,新卒 人事 福岡,1
株式会社NTTデータ九州,求人ボックス,新卒 人事 福岡,2
株式会社アンサー倶楽部,求人ボックス,新卒 人事 福岡,2
株式会社レベルファイブ,求人ボックス,新卒 人事 福岡,1
ヤンマーエネルギーシステム製造株式会社,求人ボックス,新卒 人事 福岡,2
株式会社シーディア,求人ボックス,新卒 人事 福岡,1
株式会社セイコー・エステート&ディベロップメント,求人ボックス,新卒 人事 福岡,1
株式会社ベガコーポレーション,求人ボックス,新卒 人事 福岡,1
パーソナルジムASPI 博多店,求人ボックス,新卒 人事 福岡,1
桜並木 はち歯科医院,求人ボックス,新卒 人事 福岡,1
株式会社イーサポート,求人ボックス,新卒 人事 福岡,1
日之出水道機器株式会社,求人ボックス,新卒 人事 福岡,1
日本ライフサポート株式会社,求人ボックス,新卒 人事 福岡,1
大信薬局本社,求人ボックス,新卒 人事 福岡,1
株式会社日本教育クリエイト 三幸医療エージェント,求人ボックス,新卒 人事 福岡,1
株式会社SICホールディングス,求人ボックス,新卒 人事 福岡,1
株式会社Anymo,求人ボックス,新卒 人事 福岡,1
社会福祉法人創生会,求人ボックス,新卒 人事 福岡,1
三友機器株式会社,求人ボックス,新卒 経理 福岡,1
タマホーム株式会社,求人ボックス,新卒 経理 福岡,1
株式会社三井ハイテック,求人ボックス,新卒 経理 福岡,2
ネクステージ福岡早良店,求人ボックス,新卒 経理 福岡,1
ネクステージ博多SUV専門店,求人ボックス,新卒 経理 福岡,1
株式会社TOMIYO JOB,求人ボックス,新卒 経理 福岡,1
株式会社アソウ・ヒューマニーセンター,求人ボックス,新卒 経理 福岡,1
センターリバー合同会社,求人ボックス,新卒 経理 福岡,1
医療法人左右会,求人ボックス,新卒 経理 福岡,1
車検のコバック門司店／株式会社九自興,求人ボックス,新卒 経理 福岡,1
合同会社ライフサポート,求人ボックス,新卒 経理 福岡,1
株式会社アプリップリ,求人ボックス,新卒 経理 福岡,1
九州建設株式会社,求人ボックス,新卒 施工管理 福岡,1
福岡県直方市役所,求人ボックス,新卒 施工管理 福岡,1
株式会社大和,求人ボックス,新卒 施工管理 福岡,2
株式会社翼設備計画,求人ボックス,新卒 施工管理 福岡,3
東都熱工業株式会社,求人ボックス,新卒 施工管理 福岡,1
株式会社百田工務店,求人ボックス,新卒 施工管理 福岡,1
キューハイテック株式会社,求人ボックス,新卒 施工管理 福岡,1
青葉緑地建設株式会社,求人ボックス,新卒 施工管理 福岡,1
株式会社アズケン,求人ボックス,新卒 施工管理 福岡,1
松田都市開発株式会社,求人ボックス,新卒 施工管理 福岡,1
株式会社アルファ,求人ボックス,新卒 施工管理 福岡,1
株式会社吉村産業,求人ボックス,新卒 施工管理 福岡,1
日東システムズ株式会社,求人ボックス,新卒 施工管理 福岡,1
株式会社電盛社,求人ボックス,新卒 施工管理 福岡,1
株式会社柿原組,求人ボックス,新卒 施工管理 福岡,1
株式会社本多設備工業,求人ボックス,新卒 施工管理 福岡,1
西部産業株式会社,求人ボックス,新卒 施工管理 福岡,1
大同建設株式会社,求人ボックス,新卒 施工管理 福岡,1
株式会社莉建特殊,求人ボックス,新卒 施工管理 福岡,1
パワーハウス株式会社,求人ボックス,新卒 施工管理 福岡,1
Crea la Luce 大橋店,求人ボックス,新卒 生産管理 福岡,1
株式会社武蔵野 北九州工場,求人ボックス,新卒 生産管理 福岡,1
ReRe 六本松店,求人ボックス,新卒 生産管理 福岡,1
ReRe 香椎店,求人ボックス,新卒 生産管理 福岡,2
Crea la Luce 博多研修センター店,求人ボックス,新卒 生産管理 福岡,2
Crea la Luce二日市駅前店,求人ボックス,新卒 生産管理 福岡,2
ReRe 姪浜店,求人ボックス,新卒 生産管理 福岡,2
Crea la Luce 行橋店,求人ボックス,新卒 生産管理 福岡,1
ReRe 糸島店,求人ボックス,新卒 生産管理 福岡,1
Crea la Luce 大牟田店,求人ボックス,新卒 生産管理 福岡,2
日章工業株式会社,求人ボックス,新卒 生産管理 福岡,1
日章工業株式会社 宮田工場,求人ボックス,新卒 生産管理 福岡,1
Crea la Luce 折尾駅前店,求人ボックス,新卒 生産管理 福岡,1
株式会社桑山,求人ボックス,新卒 生産管理 福岡,1
アサヒシューズ株式会社,求人ボックス,新卒 生産管理 福岡,1
浜新硝子株式会社,求人ボックス,新卒 生産管理 福岡,1
株式会社TMEIC,求人ボックス,新卒 生産管理 福岡,1
大宝グループ,求人ボックス,新卒 生産管理 福岡,1
ReRe 小郡店,求人ボックス,新卒 生産管理 福岡,1
アクセス・ジャパン,求人ボックス,新卒 生産管理 福岡,1
株式会社ゆめデリカ,求人ボックス,新卒 生産管理 福岡,1
ヒカリ紙工株式会社,求人ボックス,新卒 生産管理 福岡,1
共立電気計器株式会社,求人ボックス,新卒 生産管理 福岡,1
東芝テリー株式会社,求人ボックス,新卒 生産管理 福岡,1
株式会社シンコウ製作所,求人ボックス,新卒 生産管理 福岡,1
株式会社グレス,求人ボックス,新卒 生産管理 福岡,1
株式会社カクダイ岐阜工場,求人ボックス,新卒 生産管理 福岡,1
大宝工業株式会社、タイロン株式会社、大宝浜松株式...,求人ボックス,新卒 生産管理 福岡,1
アステックペイント,求人ボックス,新卒 研究開発 福岡,1
福岡県商工会連合会,求人ボックス,新卒 研究開発 福岡,1
株式会社アイロムOM福岡オフィス,求人ボックス,新卒 研究開発 福岡,1
株式会社アイロムOM北九州エリア,求人ボックス,新卒 研究開発 福岡,1
株式会社三和技巧,求人ボックス,新卒 研究開発 福岡,1
放課後等デイサービス ドリームズ・21st若松高...,求人ボックス,新卒 研究開発 福岡,2
ドリームズ・21st若松高須西校,求人ボックス,新卒 研究開発 福岡,2
株式会社アスパーク福岡オフィス,求人ボックス,新卒 研究開発 福岡,1
WASHハウス株式会社,求人ボックス,新卒 研究開発 福岡,1
KID ACADEMY PUREふじみ野校,求人ボックス,新卒 研究開発 福岡,1
エスケー化研株式会社,求人ボックス,新卒 研究開発 福岡,1
キーパー株式会社,求人ボックス,新卒 研究開発 福岡,1
株式会社ジェイ・エム・エス,求人ボックス,新卒 研究開発 福岡,1
株式会社堀場製作所、株式会社堀場エステック、株式...,求人ボックス,新卒 研究開発 福岡,1
株式会社東洋新薬,求人ボックス,新卒 研究開発 福岡,1
太平洋マテリアル株式会社,求人ボックス,新卒 研究開発 福岡,1
日本甜菜製糖株式会社,求人ボックス,新卒 研究開発 福岡,1
株式会社TO TOWN,求人ボックス,新卒 サービス 福岡,1
デイサービスセンターケアサポートふじみの,求人ボックス,新卒 サービス 福岡,1
あおぞらの里和白デイサービスセンター,求人ボックス,新卒 サービス 福岡,1
いきいき久富デイサービスセンター,求人ボックス,新卒 サービス 福岡,2
サンシャインプラザ デイサービスセンター,求人ボックス,新卒 サービス 福岡,1
リハビリ特化型デイサービス シマリス大刀洗,求人ボックス,新卒 サービス 福岡,2
アルファデイサービスセンター博多南,求人ボックス,新卒 サービス 福岡,2
今津保育園,求人ボックス,新卒 サービス 福岡,1
「ふくし生協」ひまわりミニデイサービス,求人ボックス,新卒 サービス 福岡,1
いきいき那珂デイサービスセンター,求人ボックス,新卒 サービス 福岡,1
日吉幼稚園,求人ボックス,新卒 サービス 福岡,1
デイサービスセンター筑紫野BELLEZA,求人ボックス,新卒 サービス 福岡,1
若草保育園,求人ボックス,新卒 サービス 福岡,2
デイルームみなみかぜ,求人ボックス,新卒 サービス 福岡,1
いこいの里デイサービスセンター,求人ボックス,新卒 サービス 福岡,1
桜坂保育園,求人ボックス,新卒 サービス 福岡,2
社会福祉法人シティ・ケアサービス シティデイサー...,求人ボックス,新卒 サービス 福岡,1
梶原内科医院,求人ボックス,新卒 サービス 福岡,1
保育所等訪問支援ピコルア,求人ボックス,新卒 サービス 福岡,1
キャリーオンヒューマン株式会社,求人ボックス,新卒 サービス 福岡,1
さわやかリハビリデイサービス木町,求人ボックス,新卒 サービス 福岡,1
元気のふる里デイサービス那珂,求人ボックス,新卒 サービス 福岡,1
AMUSE株式会社,求人ボックス,新卒 サービス 福岡,1
株式会社アレンジライフ デイサービスエレガンス花...,求人ボックス,新卒 サービス 福岡,1
株式会社テクノミックス サービス付き高齢者向け住...,求人ボックス,新卒 サービス 福岡,1
デイサービスセンター知行庵,求人ボックス,新卒 サービス 福岡,1
福岡県高齢者福祉生活協同組合 ふくし生協デイサー...,求人ボックス,新卒 サービス 福岡,1
だんらんの家 大野城,求人ボックス,新卒 サービス 福岡,1
株式会社シャイニングライフ デイサービスセンター...,求人ボックス,新卒 サービス 福岡,1
デイサービス杜の樹,求人ボックス,新卒 サービス 福岡,1
児童発達支援・放課後等デイサービス キッズハウス...,求人ボックス,新卒 サービス 福岡,1
デイサービス日和,求人ボックス,新卒 IT 福岡,1
little 福岡,求人ボックス,新卒 IT 福岡,2
little×esta 大名,求人ボックス,新卒 IT 福岡,2
つつみクリニック福岡,求人ボックス,新卒 IT 福岡,2
美容プラージュ 天神店,求人ボックス,新卒 IT 福岡,2
little×link 福岡,求人ボックス,新卒 IT 福岡,2
AUBE HAIR soleil,求人ボックス,新卒 IT 福岡,1
株式会社楓椛,求人ボックス,新卒 IT 福岡,1
La fith hair Belle 九大学研都...,求人ボックス,新卒 IT 福岡,1
美容プラージュ 香椎店,求人ボックス,新卒 IT 福岡,1
イノセントヒューマンズ株式会社,求人ボックス,新卒 IT 福岡,1
美容プラージュ 大橋店,求人ボックス,新卒 IT 福岡,1
株式会社パートナー,求人ボックス,新卒 IT 福岡,1
ドコモショップ橋本西店,求人ボックス,新卒 IT 福岡,1
株式会社京屋,求人ボックス,新卒 営業 北海道,1
北海道乳業株式会社,求人ボックス,新卒 営業 北海道,1
セイカン株式会社,求人ボックス,新卒 営業 北海道,2
株式会社ホリエ,求人ボックス,新卒 営業 北海道,1
阪和興業株式会社,求人ボックス,新卒 営業 北海道,2
株式会社テレ・マーカー 東海,求人ボックス,新卒 営業 北海道,2
室蘭信用金庫,求人ボックス,新卒 営業 北海道,2
日本住宅総合開発株式会社,求人ボックス,新卒 営業 北海道,2
ALSOK北海道株式会社,求人ボックス,新卒 営業 北海道,1
株式会社江東微生物研究所,求人ボックス,新卒 営業 北海道,1
東洋株式会社,求人ボックス,新卒 営業 北海道,2
ノーザンミツワ株式会社,求人ボックス,新卒 営業 北海道,1
丸大大舘水産株式会社,求人ボックス,新卒 営業 北海道,1
株式会社森田自動車工業,求人ボックス,新卒 営業 北海道,1
株式会社リスポーン,求人ボックス,新卒 営業 北海道,1
旭建サツシ工業株式会社,求人ボックス,新卒 営業 北海道,1
株式会社フレアサービス,求人ボックス,新卒 営業 北海道,1
有限会社アビックス,求人ボックス,新卒 営業 北海道,1
北海道トラベルサービス合同会社,求人ボックス,新卒 営業 北海道,1
ワールドネット株式会社,求人ボックス,新卒 営業 北海道,1
苫小牧北倉港運株式会社,求人ボックス,新卒 営業 北海道,1
株式会社東洋食品,求人ボックス,新卒 営業 北海道,1
株式会社ディンプル,求人ボックス,新卒 営業 北海道,1
北海道マツダ販売株式会社,求人ボックス,新卒 営業 北海道,1
FPTジャパンホールディングス株式会社,求人ボックス,新卒 エンジニア 北海道,1
KMT株式会社,求人ボックス,新卒 エンジニア 北海道,1
株式会社SALTO,求人ボックス,新卒 エンジニア 北海道,2
株式会社エムディシステム,求人ボックス,新卒 エンジニア 北海道,1
株式会社キャリアソリューション,求人ボックス,新卒 エンジニア 北海道,1
株式会社アイエスエフネット,求人ボックス,新卒 エンジニア 北海道,1
株式会社Fusion,求人ボックス,新卒 エンジニア 北海道,1
株式会社はなまる,求人ボックス,新卒 企画 北海道,1
株式会社エス・ブイ・シー ホールディングス,求人ボックス,新卒 企画 北海道,1
学童保育アフタースクールライラック,求人ボックス,新卒 企画 北海道,1
札幌麻生雲母保育園,求人ボックス,新卒 企画 北海道,1
新陽こども園,求人ボックス,新卒 企画 北海道,1
二セコハイツ短期入所生活介護事業所,求人ボックス,新卒 企画 北海道,1
sand&rose,求人ボックス,新卒 企画 北海道,1
株式会社モロオ,求人ボックス,新卒 企画 北海道,2
京王観光株式会社,求人ボックス,新卒 企画 北海道,2
株式会社OICグループ,求人ボックス,新卒 企画 北海道,2
ダイキンHVACソリューション北海道,求人ボックス,新卒 企画 北海道,1
介護老人保健施設 もみじの里,求人ボックス,新卒 企画 北海道,1
株式会社リアルメイド,求人ボックス,新卒 企画 北海道,1
社会福祉法人秀寿会,求人ボックス,新卒 企画 北海道,1
合同会社HOPEーB,求人ボックス,新卒 企画 北海道,1
ほくほくTT証券株式会社,求人ボックス,新卒 企画 北海道,1
株式会社MMコンサルティング,求人ボックス,新卒 企画 北海道,1
株式会社NOTTA,求人ボックス,新卒 企画 北海道,1
株式会社インテンション,求人ボックス,新卒 企画 北海道,1
株式会社ランドマーク・アメニティ,求人ボックス,新卒 企画 北海道,1
株式会社MIDアルファホールディングス,求人ボックス,新卒 企画 北海道,1
RANDOR HOTEL,求人ボックス,新卒 企画 北海道,1
北海道商工会連合会,求人ボックス,新卒 総合職 北海道,1
とうや湖農業協同組合,求人ボックス,新卒 総合職 北海道,1
えんゆう農業協同組合,求人ボックス,新卒 総合職 北海道,1
株式会社ジョイフルエーケー,求人ボックス,新卒 総合職 北海道,1
宮部鉄工株式会社／2026年7月11日 開催の「...,求人ボックス,新卒 総合職 北海道,2
北海道旅客鉄道株式会社,求人ボックス,新卒 総合職 北海道,2
株式会社ユニバース,求人ボックス,新卒 総合職 北海道,1
ネクステージ帯広店,求人ボックス,新卒 総合職 北海道,1
株式会社浪花昆布,求人ボックス,新卒 総合職 北海道,1
ネクステージ札幌厚別店,求人ボックス,新卒 総合職 北海道,1
ネクステージ札幌美しが丘店,求人ボックス,新卒 総合職 北海道,1
医療法人耕仁会,求人ボックス,新卒 総合職 北海道,1
岡山ガステクノサービス株式会社,求人ボックス,新卒 総合職 北海道,1
UNIVERSE札幌／株式会社ネクステージ,求人ボックス,新卒 総合職 北海道,1
株式会社平塚建具製作所,求人ボックス,新卒 総合職 北海道,1
東宗谷農業協同組合 浜頓別町本所,求人ボックス,新卒 総合職 北海道,1
株式会社エコミック,求人ボックス,新卒 総合職 北海道,1
東宗谷農業協同組合 猿払村支所,求人ボックス,新卒 総合職 北海道,1
株式会社サンワイズ,求人ボックス,新卒 総合職 北海道,1
東宗谷農業協同組合 中頓別町支所,求人ボックス,新卒 総合職 北海道,1
共通グループホールディングス株式会社,求人ボックス,新卒 総合職 北海道,1
ケーズデンキテクニカルサポート 2027年卒 新...,求人ボックス,新卒 総合職 北海道,1
あすか税理士法人,求人ボックス,新卒 事務 北海道,1
グリーンエキスプレス株式会社,求人ボックス,新卒 事務 北海道,1
北港運輸株式会社,求人ボックス,新卒 事務 北海道,1
とかち飼料株式会社,求人ボックス,新卒 事務 北海道,1
Ds North Farm 北海道ブリーディング,求人ボックス,新卒 事務 北海道,1
東栄端子株式会社,求人ボックス,新卒 事務 北海道,2
株式会社ベストアーク,求人ボックス,新卒 事務 北海道,1
株式会社なの花北海道,求人ボックス,新卒 事務 北海道,1
株式会社アイックス スズキアリーナaix新川店,求人ボックス,新卒 事務 北海道,1
818旭ヶ丘皮膚科,求人ボックス,新卒 事務 北海道,1
株式会社タイチ物流,求人ボックス,新卒 事務 北海道,1
イチフジ薬局 北郷店,求人ボックス,新卒 事務 北海道,1
有限会社流星工業,求人ボックス,新卒 事務 北海道,1
浜頓別町,求人ボックス,新卒 事務 北海道,1
株式会社ほくねん,求人ボックス,新卒 事務 北海道,1
丸菱運輸株式会社,求人ボックス,新卒 事務 北海道,1
株式会社エム・エム・ピー,求人ボックス,新卒 事務 北海道,1
日免オートシステム株式会社,求人ボックス,新卒 販売 北海道,1
野口観光マネジメント株式会社,求人ボックス,新卒 販売 北海道,1
ケアサポートセンター札幌,求人ボックス,新卒 販売 北海道,2
ケアサポートセンターあけぼの,求人ボックス,新卒 販売 北海道,2
福祉用具販売・貸与事業所,求人ボックス,新卒 販売 北海道,2
ふくろうの杜,求人ボックス,新卒 販売 北海道,2
介護レンタルフィール,求人ボックス,新卒 販売 北海道,2
株式会社北海道百科,求人ボックス,新卒 販売 北海道,1
メガネサロンルック フレスポ恵み野店,求人ボックス,新卒 販売 北海道,1
株式会社ルック・ヒライ,求人ボックス,新卒 販売 北海道,1
北海道新聞社,求人ボックス,新卒 販売 北海道,1
株式会社城山ホールディングス,求人ボックス,新卒 販売 北海道,1
株式会社厚友会,求人ボックス,新卒 販売 北海道,1
株式会社KLIM,求人ボックス,新卒 販売 北海道,1
北海道おかずマルシェ ふぅ 函館朝市店,求人ボックス,新卒 販売 北海道,1
株式会社アイックス カーセブン千歳店,求人ボックス,新卒 販売 北海道,1
株式会社北日本オートバックス,求人ボックス,新卒 販売 北海道,1
サンドラッグ旭川シーナ店,求人ボックス,新卒 販売 北海道,1
株式会社デンコードー,求人ボックス,新卒 販売 北海道,1
ペテモ 発寒店,求人ボックス,新卒 販売 北海道,1
北海道おかずマルシェ ふぅ 函館空港店,求人ボックス,新卒 販売 北海道,1
サンドラッグ星置店,求人ボックス,新卒 販売 北海道,1
サンドラッグ南4条店,求人ボックス,新卒 販売 北海道,1
ジャペルパートナーシップサービス株式会社,求人ボックス,新卒 販売 北海道,1
サンドラッグ東光店,求人ボックス,新卒 販売 北海道,1
株式会社PLUS,求人ボックス,新卒 マーケティング 北海道,1
株式会社アインファーマシーズ,求人ボックス,新卒 マーケティング 北海道,1
株式会社BPIO,求人ボックス,新卒 マーケティング 北海道,1
株式会社DONUTS,求人ボックス,新卒 マーケティング 北海道,1
株式会社H・O・C,求人ボックス,新卒 マーケティング 北海道,2
MRN. 新宿西口,求人ボックス,新卒 マーケティング 北海道,1
髪質改善トリートメント&ケアカラー KAMI S...,求人ボックス,新卒 マーケティング 北海道,2
SpeRa hair 四街道店,求人ボックス,新卒 マーケティング 北海道,1
株式会社グッドワークコミュニケーションズ,求人ボックス,新卒 マーケティング 北海道,2
北海道ガス株式会社,求人ボックス,新卒 マーケティング 北海道,1
グッドフィールド株式会社,求人ボックス,新卒 マーケティング 北海道,1
有限会社ピューパ,求人ボックス,新卒 マーケティング 北海道,1
eclair. 髪質改善&トリートメント 神戸三...,求人ボックス,新卒 マーケティング 北海道,1
SpeRa hair 成田店,求人ボックス,新卒 マーケティング 北海道,1
株式会社ONE CRUISE,求人ボックス,新卒 マーケティング 北海道,1
株式会社アビリブ,求人ボックス,新卒 マーケティング 北海道,1
MERON 恵比寿,求人ボックス,新卒 マーケティング 北海道,1
株式会社ブレイブ,求人ボックス,新卒 マーケティング 北海道,1
デジタルアイデンティティ,求人ボックス,新卒 マーケティング 北海道,1
株式会社オロ,求人ボックス,新卒 マーケティング 北海道,1
株式会社SIKKEN Group,求人ボックス,新卒 マーケティング 北海道,1
国分北海道株式会社,求人ボックス,新卒 マーケティング 北海道,1
株式会社メディアハウスホールディングス,求人ボックス,新卒 マーケティング 北海道,1
株式会社インテージ,求人ボックス,新卒 マーケティング 北海道,1
株式会社アイテム,求人ボックス,新卒 マーケティング 北海道,1
株式会社リクルートスタッフィング キャリアウィンク,求人ボックス,新卒 マーケティング 北海道,1
株式会社スハラ食品,求人ボックス,新卒 マーケティング 北海道,1
株式会社アウトバウンドマーケティング,求人ボックス,新卒 マーケティング 北海道,1
株式会社ホットスタッフ札幌,求人ボックス,新卒 デザイナー 北海道,1
株式会社Sphere,求人ボックス,新卒 デザイナー 北海道,2
完全個室 まつげ・眉毛専門店 eyelash s...,求人ボックス,新卒 デザイナー 北海道,2
株式会社HOSTY,求人ボックス,新卒 デザイナー 北海道,2
株式会社ルミナス,求人ボックス,新卒 デザイナー 北海道,2
株式会社大洋工芸,求人ボックス,新卒 デザイナー 北海道,1
株式会社LEGALISS,求人ボックス,新卒 デザイナー 北海道,1
株式会社ガッツ,求人ボックス,新卒 デザイナー 北海道,1
JOKERS株式会社 札幌オフィス,求人ボックス,新卒 デザイナー 北海道,1
u Ikebukuro,求人ボックス,新卒 コンサル 北海道,1
浜中町農業協同組合,求人ボックス,新卒 コンサル 北海道,1
日本データーサービス株式会社,求人ボックス,新卒 コンサル 北海道,1
北海道電力株式会社 北海道電力ネットワーク株式会社,求人ボックス,新卒 コンサル 北海道,1
アイムファクトリー株式会社,求人ボックス,新卒 コンサル 北海道,1
株式会社EF,求人ボックス,新卒 コンサル 北海道,1
株式会社アクアジオテクノ,求人ボックス,新卒 コンサル 北海道,1
生ラムジンギスカン 山小屋,求人ボックス,新卒 コンサル 北海道,1
株式会社シズナイロゴス,求人ボックス,新卒 コンサル 北海道,1
株式会社日本防災技術センター,求人ボックス,新卒 コンサル 北海道,1
Be Shine 滝野店,求人ボックス,新卒 技術職 北海道,1
Be Shine 小野店,求人ボックス,新卒 技術職 北海道,1
Be shine 三木店,求人ボックス,新卒 技術職 北海道,1
Be Shine 社店,求人ボックス,新卒 技術職 北海道,1
ラフィネ イオンモール旭川駅前店,求人ボックス,新卒 技術職 北海道,1
ラフィネ 札幌地下街オーロラタウン店,求人ボックス,新卒 技術職 北海道,1
ラフィネ 千歳ステーションプラザ店,求人ボックス,新卒 技術職 北海道,2
ラフィネ イオン釧路店,求人ボックス,新卒 技術職 北海道,1
ラフィネ イオン札幌元町ショッピングセンター店,求人ボックス,新卒 技術職 北海道,1
バダンバルー ステラプレイス店,求人ボックス,新卒 技術職 北海道,2
札幌同交会病院,求人ボックス,新卒 技術職 北海道,1
介護老人保健施設愛の里,求人ボックス,新卒 技術職 北海道,1
ラフィネ イオンモール苫小牧店,求人ボックス,新卒 技術職 北海道,2
介護老人保健施設いなほ,求人ボックス,新卒 技術職 北海道,2
太平洋総合コンサルタント株式会社,求人ボックス,新卒 技術職 北海道,1
北央道路工業株式会社,求人ボックス,新卒 技術職 北海道,1
北海道総合通信網株式会社,求人ボックス,新卒 技術職 北海道,1
ラフィネ イオンモール札幌苗穂店,求人ボックス,新卒 技術職 北海道,1
株式会社きのとや、Kコンフェクト株式会社、北の食...,求人ボックス,新卒 技術職 北海道,1
ふれあいの里 グループホームたいへい,求人ボックス,新卒 技術職 北海道,1
鈴木中川建設株式会社,求人ボックス,新卒 技術職 北海道,1
介護老人保健施設そよかぜ館,求人ボックス,新卒 技術職 北海道,1
不二建設株式会社,求人ボックス,新卒 技術職 北海道,1
優翔館ヘルパーステーション,求人ボックス,新卒 技術職 北海道,1
安曇野食品工房株式会社,求人ボックス,新卒 技術職 北海道,1
株式会社カナモト,求人ボックス,新卒 技術職 北海道,1
株式会社北海道農業建設コンサルタント,求人ボックス,新卒 技術職 北海道,1
株式会社クリーンアップ,求人ボックス,新卒 技術職 北海道,1
北海道技建株式会社,求人ボックス,新卒 技術職 北海道,1
ムトウグループ,求人ボックス,新卒 技術職 北海道,1
東邦コンサルタント株式会社,求人ボックス,新卒 技術職 北海道,1
株式会社シーズ・ラボ,求人ボックス,新卒 システムエンジニア 北海道,2
株式会社エー・エル・ピー,求人ボックス,新卒 システムエンジニア 北海道,2
株式会社ダイナシステム,求人ボックス,新卒 システムエンジニア 北海道,1
中央コンピューターサービス株式会社,求人ボックス,新卒 システムエンジニア 北海道,1
株式会社ミクロスソフトウエア,求人ボックス,新卒 システムエンジニア 北海道,1
株式会社ヒト・コミュニケーションズ,求人ボックス,新卒 システムエンジニア 北海道,1
株式会社電通システム,求人ボックス,新卒 システムエンジニア 北海道,1
株式会社AIS北海道,求人ボックス,新卒 システムエンジニア 北海道,1
シンセメック株式会社,求人ボックス,新卒 システムエンジニア 北海道,1
サンネット株式会社,求人ボックス,新卒 システムエンジニア 北海道,1
株式会社ロイズコンフェクト,求人ボックス,新卒 システムエンジニア 北海道,1
株式会社ログオンシステム,求人ボックス,新卒 システムエンジニア 北海道,1
クオリサイトテクノロジーズ,求人ボックス,新卒 システムエンジニア 北海道,1
株式会社フォレステック,求人ボックス,新卒 システムエンジニア 北海道,1
株式会社タグジェクト,求人ボックス,新卒 システムエンジニア 北海道,1
株式会社東和エンジニアリング,求人ボックス,新卒 システムエンジニア 北海道,1
ディノスキッズ麻生園,求人ボックス,新卒 制作 北海道,2
北栄みどり保育園,求人ボックス,新卒 制作 北海道,2
ディノスキッズ白石園,求人ボックス,新卒 制作 北海道,2
イラスト・マンガ教室egaco,求人ボックス,新卒 制作 北海道,2
株式会社バックスグループ 営業1グループ,求人ボックス,新卒 制作 北海道,2
株式会社北海道美術センター,求人ボックス,新卒 制作 北海道,1
エクストリーム北海道株式会社,求人ボックス,新卒 制作 北海道,1
株式会社グルージョブ,求人ボックス,新卒 制作 北海道,1
株式会社キットアライブ,求人ボックス,新卒 広報 北海道,2
株式会社レブニーズ,求人ボックス,新卒 広報 北海道,2
特別養護老人ホーム 養生の杜カムイ,求人ボックス,新卒 広報 北海道,2
株式会社ファイバーゲート,求人ボックス,新卒 広報 北海道,1
デイサービスセンター かおる園,求人ボックス,新卒 広報 北海道,2
ラフィネ アトレ川崎店,求人ボックス,新卒 広報 北海道,1
整体ナチュラルボディ イオンモール千葉ニュータウ...,求人ボックス,新卒 広報 北海道,1
有限会社神馬建設,求人ボックス,新卒 広報 北海道,1
株式会社グローバルゲイツ,求人ボックス,新卒 広報 北海道,1
ラフィネ ららぽーと堺店,求人ボックス,新卒 広報 北海道,1
ラフィネ 上野駅前店,求人ボックス,新卒 広報 北海道,1
株式会社H4,求人ボックス,新卒 広報 北海道,1
学校法人河合塾,求人ボックス,新卒 広報 北海道,1
ラフィネ アピタ岡崎北店,求人ボックス,新卒 広報 北海道,1
ラフィネ ユニモール店,求人ボックス,新卒 広報 北海道,1
学校法人恭敬学園,求人ボックス,新卒 広報 北海道,1
株式会社井上技研,求人ボックス,新卒 広報 北海道,1
TSC株式会社,求人ボックス,新卒 広報 北海道,1
鶴雅グループ,求人ボックス,新卒 広報 北海道,1
北海道漁業協同組合連合会,求人ボックス,新卒 広報 北海道,1
アドバンスジャパン株式会社,求人ボックス,新卒 広報 北海道,1
西原商会グループ,求人ボックス,新卒 広報 北海道,1
Karakami HOTELS&RESORTS株...,求人ボックス,新卒 広報 北海道,1
株式会社明円ソフト開発,求人ボックス,新卒 広報 北海道,1
株式会社グリーンディスプレイ,求人ボックス,新卒 広報 北海道,1
道路工業株式会社,求人ボックス,新卒 人事 北海道,1
シーシーエス・プラス・ホールディングス株式会社,求人ボックス,新卒 人事 北海道,1
株式会社エーティック,求人ボックス,新卒 人事 北海道,2
ファームエイジ株式会社,求人ボックス,新卒 人事 北海道,1
カーネクスト北海道株式会社,求人ボックス,新卒 人事 北海道,1
北海道川崎建機株式会社,求人ボックス,新卒 人事 北海道,1
株式会社トップコンサルティング,求人ボックス,新卒 人事 北海道,2
パラマウントケアサービス株式会社,求人ボックス,新卒 人事 北海道,2
パーソナルジムASPI 円山店,求人ボックス,新卒 人事 北海道,2
株式会社あ印,求人ボックス,新卒 人事 北海道,2
株式会社カネカ,求人ボックス,新卒 人事 北海道,2
テレ・マーカーグループ株式会社,求人ボックス,新卒 人事 北海道,1
北海道本社,求人ボックス,新卒 人事 北海道,1
医療法人親和会富田病院,求人ボックス,新卒 人事 北海道,1
吉田病院,求人ボックス,新卒 人事 北海道,1
株式会社フーディソン,求人ボックス,新卒 人事 北海道,1
株式会社塚腰運送,求人ボックス,新卒 人事 北海道,1
株式会社アメニティ,求人ボックス,新卒 人事 北海道,1
及川産業株式会社,求人ボックス,新卒 人事 北海道,1
東洋精鋼株式会社,求人ボックス,新卒 人事 北海道,1
株式会社サン・パートナー,求人ボックス,新卒 人事 北海道,1
清里町農業協同組合,求人ボックス,新卒 経理 北海道,1
株式会社櫻井千田,求人ボックス,新卒 経理 北海道,2
特別養護老人ホーム かりぷ・あつべつ,求人ボックス,新卒 経理 北海道,2
星組渡辺土建株式会社,求人ボックス,新卒 経理 北海道,2
斉藤井出建設株式会社,求人ボックス,新卒 経理 北海道,2
シルバーヒルズるくる,求人ボックス,新卒 経理 北海道,1
ふる川グループ,求人ボックス,新卒 経理 北海道,1
ケアハウス ゆうゆう,求人ボックス,新卒 経理 北海道,1
フリージアトレーディング株式会社,求人ボックス,新卒 経理 北海道,1
株式会社豊月,求人ボックス,新卒 経理 北海道,1
新札幌こども発達クリニック,求人ボックス,新卒 経理 北海道,1
オーバル税理士法人,求人ボックス,新卒 経理 北海道,1
第一建設株式会社,求人ボックス,新卒 施工管理 北海道,2
株式会社ウィルオブ・コンストラクション,求人ボックス,新卒 施工管理 北海道,2
グリーン建設株式会社,求人ボックス,新卒 施工管理 北海道,2
株式会社相互建設,求人ボックス,新卒 施工管理 北海道,1
株式会社興北煖房工業所,求人ボックス,新卒 施工管理 北海道,1
株式会社アイ・ディー・エフ,求人ボックス,新卒 施工管理 北海道,1
株式会社イーフラッグ,求人ボックス,新卒 施工管理 北海道,1
株式会社日新工業,求人ボックス,新卒 施工管理 北海道,1
株式会社共栄エンジニア,求人ボックス,新卒 施工管理 北海道,1
須藤建設株式会社,求人ボックス,新卒 施工管理 北海道,1
篠河建設株式会社,求人ボックス,新卒 施工管理 北海道,1
北村技術株式会社,求人ボックス,新卒 施工管理 北海道,1
株式会社伊関組,求人ボックス,新卒 施工管理 北海道,1
宮武電機株式会社,求人ボックス,新卒 施工管理 北海道,1
日東建設株式会社,求人ボックス,新卒 施工管理 北海道,1
株式会社三浦興産,求人ボックス,新卒 施工管理 北海道,1
中央緑化土木株式会社,求人ボックス,新卒 施工管理 北海道,1
株式会社建築舎,求人ボックス,新卒 施工管理 北海道,1
株式会社北菱,求人ボックス,新卒 施工管理 北海道,1
株式会社マツザワ,求人ボックス,新卒 生産管理 北海道,1
企業主導型保育園ぷれおね,求人ボックス,新卒 生産管理 北海道,1
1+Unplus lien,求人ボックス,新卒 生産管理 北海道,1
協和コンクリート工業株式会社,求人ボックス,新卒 生産管理 北海道,1
株式会社双葉工業社,求人ボックス,新卒 生産管理 北海道,1
有限会社ビィクトリーポーク,求人ボックス,新卒 生産管理 北海道,1
株式会社大丸商事,求人ボックス,新卒 生産管理 北海道,1
いすゞエンジン製造北海道株式会社,求人ボックス,新卒 生産管理 北海道,1
十勝葉山電器株式会社,求人ボックス,新卒 生産管理 北海道,1
株式会社徳重,求人ボックス,新卒 生産管理 北海道,1
シャトレーゼグループ,求人ボックス,新卒 生産管理 北海道,1
JFE鋼板株式会社,求人ボックス,新卒 生産管理 北海道,1
デリカフーズ株式会社,求人ボックス,新卒 生産管理 北海道,1
三和テッキ株式会社,求人ボックス,新卒 生産管理 北海道,1
有限会社金井ファーム,求人ボックス,新卒 生産管理 北海道,1
日本板硝子S&S株式会社,求人ボックス,新卒 生産管理 北海道,1
株式会社ユニシス,求人ボックス,新卒 生産管理 北海道,1
株式会社オーリス,求人ボックス,新卒 生産管理 北海道,1
株式会社ワールドインテック,求人ボックス,新卒 研究開発 北海道,1
株式会社アイロム千歳エリア,求人ボックス,新卒 研究開発 北海道,1
株式会社アイロム札幌オフィス,求人ボックス,新卒 研究開発 北海道,1
ヘアメディカルサロン札幌,求人ボックス,新卒 研究開発 北海道,2
株式会社丹波屋,求人ボックス,新卒 研究開発 北海道,2
株式会社日本トリム,求人ボックス,新卒 研究開発 北海道,2
札幌南一条病院,求人ボックス,新卒 研究開発 北海道,2
アクセーヌ 丸井今井札幌本店,求人ボックス,新卒 研究開発 北海道,2
アクセーヌ 大丸札幌店,求人ボックス,新卒 研究開発 北海道,2
ホクトグループ,求人ボックス,新卒 研究開発 北海道,1
株式会社ショクセン,求人ボックス,新卒 研究開発 北海道,1
リケンテクノス株式会社,求人ボックス,新卒 研究開発 北海道,1
扶桑薬品工業株式会社,求人ボックス,新卒 研究開発 北海道,1
株式会社テクノプロ テクノプロ・R&D社,求人ボックス,新卒 研究開発 北海道,1
アイジー工業株式会社,求人ボックス,新卒 研究開発 北海道,1
コンパスウォーク室蘭,求人ボックス,新卒 サービス 北海道,1
特別養護老人ホーム 美ヶ丘敬楽荘,求人ボックス,新卒 サービス 北海道,1
デイサービス ひだまり,求人ボックス,新卒 サービス 北海道,1
デイサービスセンター いこいの茶屋北見中央,求人ボックス,新卒 サービス 北海道,1
デイサービスセンターらいふてらす石山,求人ボックス,新卒 サービス 北海道,1
デイサービスセンター いこいの茶屋北見西,求人ボックス,新卒 サービス 北海道,1
デイサービス心のごちそう,求人ボックス,新卒 サービス 北海道,1
ロコモアップ西岡,求人ボックス,新卒 サービス 北海道,1
デイサービスセンターらいふてらす川沿,求人ボックス,新卒 サービス 北海道,2
もえれ保育園,求人ボックス,新卒 サービス 北海道,2
鷹栖町デイサービスセンターはぴねす,求人ボックス,新卒 サービス 北海道,2
デイサービス菜の花,求人ボックス,新卒 サービス 北海道,2
株式会社ヤマウチ,求人ボックス,新卒 サービス 北海道,2
健康サポートげんき札幌白石,求人ボックス,新卒 サービス 北海道,1
金剛園 本店,求人ボックス,新卒 サービス 北海道,1
金剛園 初代牛タン赤兵衛,求人ボックス,新卒 サービス 北海道,1
グループホーム藤野いこいの家,求人ボックス,新卒 サービス 北海道,1
もの忘れデイりんごの里,求人ボックス,新卒 サービス 北海道,1
デイサービスカインドネス,求人ボックス,新卒 サービス 北海道,1
特別養護老人ホーム福寿園,求人ボックス,新卒 サービス 北海道,1
デイサービス 結笑,求人ボックス,新卒 サービス 北海道,1
デイサービスセンター凪,求人ボックス,新卒 サービス 北海道,1
サービス付き高齢者向け住宅 つなぐ,求人ボックス,新卒 サービス 北海道,1
層雲峡マウントビューホテル,求人ボックス,新卒 サービス 北海道,1
北海道立帯広美術館,求人ボックス,新卒 サービス 北海道,1
グロウトレイル株式会社,求人ボックス,新卒 サービス 北海道,1
児童発達支援・放課後等デイサービス チャレンジ,求人ボックス,新卒 サービス 北海道,1
デイサービスセンターくりやま,求人ボックス,新卒 サービス 北海道,1
株式会社トラストグロース,求人ボックス,新卒 サービス 北海道,1
リハビリ特化型デイサービスリハトレかぐら,求人ボックス,新卒 サービス 北海道,1
児童発達支援・放課後等児童デイサービス こまがたけ,求人ボックス,新卒 サービス 北海道,1
株式会社SHINKO,求人ボックス,新卒 IT 北海道,2
株式会社JECC,求人ボックス,新卒 IT 北海道,2
税理士法人マッチポイント,求人ボックス,新卒 IT 北海道,1
株式会社広島銀行,求人ボックス,新卒 IT 北海道,1
プリオス株式会社,求人ボックス,新卒 IT 北海道,1
レッドフォース・グループ株式会社,求人ボックス,新卒 IT 北海道,1
ニチラク機械株式会社,求人ボックス,新卒 営業 埼玉,1
株式会社大成住建,求人ボックス,新卒 営業 埼玉,2
さなる個別@will 浦和教室,求人ボックス,新卒 営業 埼玉,2
株式会社カナイ,求人ボックス,新卒 営業 埼玉,1
株式会社ヨネヤマ,求人ボックス,新卒 営業 埼玉,1
株式会社ミトヨ,求人ボックス,新卒 営業 埼玉,1
株式会社COLOR,求人ボックス,新卒 営業 埼玉,1
アルプス株式会社,求人ボックス,新卒 営業 埼玉,1
株式会社田野井製作所,求人ボックス,新卒 営業 埼玉,1
リヒト精光株式会社 厚木工場,求人ボックス,新卒 営業 埼玉,1
株式会社ジョイント警備保障,求人ボックス,新卒 営業 埼玉,1
叶木材有限会社,求人ボックス,新卒 営業 埼玉,1
KSグループ輸入車事業部 2027年新卒用 営業...,求人ボックス,新卒 営業 埼玉,1
ホンダカーズ熊谷,求人ボックス,新卒 営業 埼玉,1
エスジー株式会社,求人ボックス,新卒 営業 埼玉,1
株式会社スタイルジャパン,求人ボックス,新卒 営業 埼玉,1
KONDOグループ,求人ボックス,新卒 営業 埼玉,1
関綜エンジニアリング株式会社,求人ボックス,新卒 エンジニア 埼玉,1
株式会社シンミドウ,求人ボックス,新卒 エンジニア 埼玉,2
合同会社ASTRA,求人ボックス,新卒 エンジニア 埼玉,1
株式会社金久保製作所,求人ボックス,新卒 エンジニア 埼玉,1
株式会社日東テクノブレーン,求人ボックス,新卒 エンジニア 埼玉,1
有限会社信建設,求人ボックス,新卒 企画 埼玉,1
デイジー保育園西麻布 バイリンガル保育園,求人ボックス,新卒 企画 埼玉,1
児童デイサービスどれみ,求人ボックス,新卒 企画 埼玉,1
BurnesStyle 浦和店,求人ボックス,新卒 企画 埼玉,1
THE PERSONAL GYM 大宮店,求人ボックス,新卒 企画 埼玉,2
けやき学童クラブ,求人ボックス,新卒 企画 埼玉,2
らぽーる上尾,求人ボックス,新卒 企画 埼玉,1
デイサービス 花びより,求人ボックス,新卒 企画 埼玉,2
おおぎ デイサービスセンター,求人ボックス,新卒 企画 埼玉,1
シーハーツ川口,求人ボックス,新卒 企画 埼玉,1
有限会社リストリクト,求人ボックス,新卒 企画 埼玉,1
SOLA′TIO 北本,求人ボックス,新卒 企画 埼玉,1
リイフ,求人ボックス,新卒 企画 埼玉,1
株式会社国大ビジネスエージェンシー,求人ボックス,新卒 企画 埼玉,1
株式会社Global commerce,求人ボックス,新卒 企画 埼玉,1
東洋印刷株式会社,求人ボックス,新卒 企画 埼玉,1
学校法人きたはら学園,求人ボックス,新卒 企画 埼玉,1
株式会社KKB,求人ボックス,新卒 企画 埼玉,1
秀明中学校・高等学校,求人ボックス,新卒 総合職 埼玉,1
学校法人駿河台大学,求人ボックス,新卒 総合職 埼玉,1
社会福祉法人恩賜財団済生会 支部埼玉県済生会川口...,求人ボックス,新卒 総合職 埼玉,1
医療法人徳洲会／羽生総合病院,求人ボックス,新卒 総合職 埼玉,1
医療法人社団哺育会 白岡中央総合病院,求人ボックス,新卒 総合職 埼玉,1
総合発達支援デイサービスきぼう,求人ボックス,新卒 総合職 埼玉,1
総合発達支援デイサービスきぼう西大宮,求人ボックス,新卒 総合職 埼玉,1
デイサービスケアサポートさやま,求人ボックス,新卒 総合職 埼玉,1
越谷なごみの郷,求人ボックス,新卒 総合職 埼玉,1
医療法人ヘブロン会 大宮中央総合病院大宮中央総合...,求人ボックス,新卒 総合職 埼玉,2
かわぐち翔裕園,求人ボックス,新卒 総合職 埼玉,1
カーサ・ラ・ヴィーダ志木,求人ボックス,新卒 総合職 埼玉,1
医療法人社団愛友会三郷中央総合病院,求人ボックス,新卒 総合職 埼玉,1
株式会社丸和通運,求人ボックス,新卒 総合職 埼玉,1
株式会社群馬バス,求人ボックス,新卒 総合職 埼玉,1
南総通運株式会社,求人ボックス,新卒 総合職 埼玉,1
UNIVERSE埼玉戸田／株式会社ネクステージ,求人ボックス,新卒 総合職 埼玉,1
大宮営業所,求人ボックス,新卒 総合職 埼玉,1
医療生協ケアセンターひだまり,求人ボックス,新卒 総合職 埼玉,1
アールスタッフ浦和ケアサービス,求人ボックス,新卒 総合職 埼玉,1
医療法人社団明芳会イムス三芳総合病院,求人ボックス,新卒 総合職 埼玉,1
デイサービスセンタービッグベン岡部,求人ボックス,新卒 総合職 埼玉,1
Hinodeナーシングヴィラ大宮,求人ボックス,新卒 総合職 埼玉,1
デイサービスセンターウェルハウス安行,求人ボックス,新卒 総合職 埼玉,1
あいむデイサービス桜町,求人ボックス,新卒 総合職 埼玉,1
グループホーム桜の宿,求人ボックス,新卒 総合職 埼玉,1
三鷹運送株式会社,求人ボックス,新卒 総合職 埼玉,1
ネクステージ上尾店,求人ボックス,新卒 総合職 埼玉,1
ネクステージ幸手店,求人ボックス,新卒 総合職 埼玉,1
社会福祉法人尚栄会,求人ボックス,新卒 総合職 埼玉,1
岡元木材株式会社,求人ボックス,新卒 総合職 埼玉,1
株式会社ライフクォリティ,求人ボックス,新卒 総合職 埼玉,1
株式会社ウエマツ,求人ボックス,新卒 総合職 埼玉,1
株式会社nCS,求人ボックス,新卒 総合職 埼玉,1
株式会社武蔵野銀行,求人ボックス,新卒 事務 埼玉,1
株式会社かくの木,求人ボックス,新卒 事務 埼玉,1
一般社団法人ワークライフアンビシャス,求人ボックス,新卒 事務 埼玉,1
株式会社さくらさくみらい,求人ボックス,新卒 事務 埼玉,1
株式会社埼玉りそな銀行,求人ボックス,新卒 事務 埼玉,1
アイエスジー株式会社,求人ボックス,新卒 事務 埼玉,2
株式会社サンフラワーステイ,求人ボックス,新卒 事務 埼玉,2
株式会社コアスタッフィング,求人ボックス,新卒 事務 埼玉,2
アート梱包運輸株式会社,求人ボックス,新卒 事務 埼玉,1
大宮中央総合病院,求人ボックス,新卒 事務 埼玉,1
武南病院附属クリニック健診センター,求人ボックス,新卒 事務 埼玉,1
損害保険ジャパン株式会社,求人ボックス,新卒 事務 埼玉,1
医療法人柏成会 青木病院,求人ボックス,新卒 事務 埼玉,1
株式会社アイエス・スタッフ,求人ボックス,新卒 事務 埼玉,1
株式会社高砂建設,求人ボックス,新卒 事務 埼玉,1
パンダ薬局 川口店,求人ボックス,新卒 事務 埼玉,1
株式会社クルーズコーポレーション,求人ボックス,新卒 販売 埼玉,1
株式会社布屋,求人ボックス,新卒 販売 埼玉,1
福祉用具リアン,求人ボックス,新卒 販売 埼玉,2
レンタルふくしのまち川越,求人ボックス,新卒 販売 埼玉,2
かたくり福祉用具埼玉南センター,求人ボックス,新卒 販売 埼玉,2
介護ショップふれんず,求人ボックス,新卒 販売 埼玉,2
アイジャパン株式会社,求人ボックス,新卒 販売 埼玉,1
株式会社ヴェルペンファルマ,求人ボックス,新卒 販売 埼玉,1
株式会社イーエム通信,求人ボックス,新卒 販売 埼玉,1
レンタルふくしのまち越谷,求人ボックス,新卒 販売 埼玉,1
ヴェルペン はちまん町薬局,求人ボックス,新卒 販売 埼玉,1
新井製菓株式会社,求人ボックス,新卒 販売 埼玉,1
ダイレックス北越谷店,求人ボックス,新卒 販売 埼玉,1
株式会社シライシ,求人ボックス,新卒 販売 埼玉,1
ヴェルペン上藤沢薬局,求人ボックス,新卒 販売 埼玉,1
株式会社VRAVERY,求人ボックス,新卒 販売 埼玉,1
ペッツセシリア久喜菖蒲店,求人ボックス,新卒 販売 埼玉,1
株式会社サザンツリー,求人ボックス,新卒 販売 埼玉,1
大和フーヅ株式会社,求人ボックス,新卒 販売 埼玉,1
株式会社リンク建設,求人ボックス,新卒 マーケティング 埼玉,1
STREAM 所沢店,求人ボックス,新卒 マーケティング 埼玉,1
Frames浦和美園,求人ボックス,新卒 マーケティング 埼玉,1
STREAM 川口店,求人ボックス,新卒 マーケティング 埼玉,1
ulQua浦和美園,求人ボックス,新卒 マーケティング 埼玉,1
STREAM 川越店,求人ボックス,新卒 マーケティング 埼玉,1
lilou東川口,求人ボックス,新卒 マーケティング 埼玉,2
STREAM 大宮店,求人ボックス,新卒 マーケティング 埼玉,1
milco東川口,求人ボックス,新卒 マーケティング 埼玉,2
milco蕨,求人ボックス,新卒 マーケティング 埼玉,2
Device越谷,求人ボックス,新卒 マーケティング 埼玉,1
Liecot与野,求人ボックス,新卒 マーケティング 埼玉,1
株式会社Rimiens,求人ボックス,新卒 マーケティング 埼玉,1
ulQua北浦和,求人ボックス,新卒 マーケティング 埼玉,1
ヤマト住建株式会社,求人ボックス,新卒 マーケティング 埼玉,1
ロボット科学教育Crefus,求人ボックス,新卒 マーケティング 埼玉,1
unit蕨,求人ボックス,新卒 マーケティング 埼玉,1
Kotona六町,求人ボックス,新卒 マーケティング 埼玉,1
第一プラザ 八潮店,求人ボックス,新卒 マーケティング 埼玉,1
第一プラザ 西浦和店,求人ボックス,新卒 マーケティング 埼玉,1
第一プラザ 笠幡店,求人ボックス,新卒 マーケティング 埼玉,1
第一プラザ 霞ヶ関店,求人ボックス,新卒 マーケティング 埼玉,1
第一プラザ 狭山店,求人ボックス,新卒 マーケティング 埼玉,1
第一プラザ 坂戸にっさい店,求人ボックス,新卒 マーケティング 埼玉,1
株式会社CAPサービス,求人ボックス,新卒 マーケティング 埼玉,1
Eleanor 熊谷,求人ボックス,新卒 デザイナー 埼玉,2
Total Beauty Shioya,求人ボックス,新卒 デザイナー 埼玉,1
tocca hair&treatment 所沢店,求人ボックス,新卒 デザイナー 埼玉,2
Benefiques Shioya,求人ボックス,新卒 デザイナー 埼玉,2
tocca hair&treatment 大宮店,求人ボックス,新卒 デザイナー 埼玉,1
tocca hair&treatment by ...,求人ボックス,新卒 デザイナー 埼玉,2
モードサロンReiko,求人ボックス,新卒 デザイナー 埼玉,1
Eleanor spa&treatment川口,求人ボックス,新卒 デザイナー 埼玉,1
Eleanor spa&treatment 川越,求人ボックス,新卒 デザイナー 埼玉,1
Eleanor 大宮店,求人ボックス,新卒 デザイナー 埼玉,1
Eleanor spa&treatment越谷店,求人ボックス,新卒 デザイナー 埼玉,1
株式会社カインズ,求人ボックス,新卒 デザイナー 埼玉,1
栃木県宇都宮市 l 有限会社リストリクト クリエ...,求人ボックス,新卒 デザイナー 埼玉,1
合同会社ビッグベン,求人ボックス,新卒 デザイナー 埼玉,1
株式会社01テクノロジーズ,求人ボックス,新卒 デザイナー 埼玉,1
株式会社greedy,求人ボックス,新卒 デザイナー 埼玉,1
株式会社JET,求人ボックス,新卒 コンサル 埼玉,1
医療法人社団翔翼会,求人ボックス,新卒 コンサル 埼玉,1
ドラマジックコンサルティング株式会社,求人ボックス,新卒 コンサル 埼玉,1
jobフレンド,求人ボックス,新卒 コンサル 埼玉,1
医療生協さいたま生活協同組合埼玉協同病院,求人ボックス,新卒 コンサル 埼玉,1
新狭山元氣保育園,求人ボックス,新卒 コンサル 埼玉,1
株式会社エルアンドビー,求人ボックス,新卒 コンサル 埼玉,1
彩源株式会社,求人ボックス,新卒 技術職 埼玉,1
日本鋳鉄管株式会社,求人ボックス,新卒 技術職 埼玉,1
医療法人瑞穂会 川越リハビリテーション病院,求人ボックス,新卒 技術職 埼玉,1
mod's hair 越谷／越谷西口店,求人ボックス,新卒 技術職 埼玉,2
医療法人社団明雄会 北所沢病院,求人ボックス,新卒 技術職 埼玉,1
COVER HAIR bliss 上尾／上尾西口店,求人ボックス,新卒 技術職 埼玉,1
COVER HAIR bliss 川口／ららテラ...,求人ボックス,新卒 技術職 埼玉,2
医療法人和会 武蔵台病院,求人ボックス,新卒 技術職 埼玉,1
COVER HAIR & SPA bliss 浦...,求人ボックス,新卒 技術職 埼玉,2
COVER HAIR 上尾／上尾西口店,求人ボックス,新卒 技術職 埼玉,2
COVER HAIR bliss 北浦和／北浦和...,求人ボックス,新卒 技術職 埼玉,2
合同会社コスモ,求人ボックス,新卒 技術職 埼玉,1
日本ミクロン株式会社,求人ボックス,新卒 技術職 埼玉,1
白水興産株式会社,求人ボックス,新卒 技術職 埼玉,1
株式会社タカヤマ,求人ボックス,新卒 技術職 埼玉,1
エファッセ伊奈店,求人ボックス,新卒 技術職 埼玉,1
株式会社ノースダイヤル,求人ボックス,新卒 技術職 埼玉,1
アート緑化土木株式会社,求人ボックス,新卒 技術職 埼玉,1
エファッセ鴻巣2号店,求人ボックス,新卒 技術職 埼玉,1
東京発電株式会社,求人ボックス,新卒 技術職 埼玉,1
株式会社日本海コンサルタント,求人ボックス,新卒 技術職 埼玉,1
株式会社重松製作所,求人ボックス,新卒 技術職 埼玉,1
株式会社アイエイアイ,求人ボックス,新卒 技術職 埼玉,1
株式会社ボールド,求人ボックス,新卒 システムエンジニア 埼玉,2
株式会社アディット,求人ボックス,新卒 システムエンジニア 埼玉,1
株式会社ハイシンクジャパン,求人ボックス,新卒 システムエンジニア 埼玉,1
ゲイングループ,求人ボックス,新卒 システムエンジニア 埼玉,1
ウェストイノベーション株式会社,求人ボックス,新卒 システムエンジニア 埼玉,1
ニッコクソフト株式会社,求人ボックス,新卒 システムエンジニア 埼玉,1
株式会社ライプ,求人ボックス,新卒 システムエンジニア 埼玉,1
コムコ株式会社,求人ボックス,新卒 システムエンジニア 埼玉,1
株式会社クリーブ,求人ボックス,新卒 システムエンジニア 埼玉,1
株式会社福籠,求人ボックス,新卒 制作 埼玉,1
アミカの郷越谷,求人ボックス,新卒 制作 埼玉,1
株式会社三嘉ホーム,求人ボックス,新卒 制作 埼玉,2
ふぇありぃ保育園 八潮駅南口園,求人ボックス,新卒 制作 埼玉,2
ふぇありぃ保育園 八潮大瀬園,求人ボックス,新卒 制作 埼玉,2
学童保育室ふたばクラブ,求人ボックス,新卒 制作 埼玉,2
株式会社スマートゲート,求人ボックス,新卒 制作 埼玉,1
鴻巣英和こども園,求人ボックス,新卒 制作 埼玉,1
栃木県宇都宮市 l 有限会社リストリクト 映像ア...,求人ボックス,新卒 制作 埼玉,1
株式会社SPコンシェルジュ,求人ボックス,新卒 制作 埼玉,1
有限会社リストリクト 商品企画・生産管理,求人ボックス,新卒 制作 埼玉,1
株式会社トレジャー,求人ボックス,新卒 制作 埼玉,1
株式会社ワールドオーエー,求人ボックス,新卒 広報 埼玉,1
クラーク記念国際高等学校 さいたまキャンパス,求人ボックス,新卒 広報 埼玉,1
株式会社サティス製薬,求人ボックス,新卒 広報 埼玉,1
株式会社ジョイマート,求人ボックス,新卒 広報 埼玉,1
株式会社埼玉冠婚葬祭センター,求人ボックス,新卒 広報 埼玉,1
本田金属技術株式会社,求人ボックス,新卒 広報 埼玉,1
介護老人保健施設ナーシングホーム和光,求人ボックス,新卒 広報 埼玉,2
医療法人社団桐和会,求人ボックス,新卒 広報 埼玉,2
株式会社BEST HERBS,求人ボックス,新卒 広報 埼玉,2
さくら観光バス株式会社,求人ボックス,新卒 広報 埼玉,1
埼玉県農業協同組合中央会,求人ボックス,新卒 広報 埼玉,1
高齢者あんしん相談センター えぶりわん鶴瀬Nisi,求人ボックス,新卒 広報 埼玉,1
アナスタシア ミアレ そごう大宮店,求人ボックス,新卒 広報 埼玉,1
代々木病院,求人ボックス,新卒 広報 埼玉,1
埼玉福祉保育医療製菓調理専門学校,求人ボックス,新卒 広報 埼玉,1
中央化学株式会社,求人ボックス,新卒 広報 埼玉,1
株式会社グランド,求人ボックス,新卒 広報 埼玉,1
株式会社システムインテグレータ,求人ボックス,新卒 人事 埼玉,1
シチズン時計マニュファクチャリング株式会社,求人ボックス,新卒 人事 埼玉,1
日本特殊塗料株式会社,求人ボックス,新卒 人事 埼玉,1
埼玉機器株式会社,求人ボックス,新卒 人事 埼玉,1
日本伸管株式会社,求人ボックス,新卒 人事 埼玉,2
パーソナルジムASPI 川口店,求人ボックス,新卒 人事 埼玉,2
株式会社新電気,求人ボックス,新卒 人事 埼玉,1
パーソナルジムASPI 浦和店,求人ボックス,新卒 人事 埼玉,2
丸大観光株式会社,求人ボックス,新卒 人事 埼玉,1
ハイビック株式会社,求人ボックス,新卒 人事 埼玉,1
株式会社オーム電機,求人ボックス,新卒 人事 埼玉,1
ギノウス株式会社,求人ボックス,新卒 人事 埼玉,1
あさか台どうぶつ医療センター,求人ボックス,新卒 人事 埼玉,1
株式会社フォレックス,求人ボックス,新卒 人事 埼玉,1
株式会社北関東クリーン社,求人ボックス,新卒 人事 埼玉,1
株式会社T2ハウス,求人ボックス,新卒 人事 埼玉,1
株式会社godai,求人ボックス,新卒 人事 埼玉,1
シン建工業株式会社,求人ボックス,新卒 経理 埼玉,1
ユアサクオビス株式会社,求人ボックス,新卒 経理 埼玉,1
株式会社東光高岳,求人ボックス,新卒 経理 埼玉,2
本田技研工業株式会社,求人ボックス,新卒 経理 埼玉,2
東日本総合計画株式会社,求人ボックス,新卒 経理 埼玉,2
篠原会計事務所,求人ボックス,新卒 経理 埼玉,2
株式会社カナデン,求人ボックス,新卒 経理 埼玉,2
株式会社ピックルスコーポレーション,求人ボックス,新卒 経理 埼玉,1
原田病院,求人ボックス,新卒 経理 埼玉,1
株式会社キャリアエッジ,求人ボックス,新卒 経理 埼玉,1
一般社団法人TMG本部 財務部 経理センター,求人ボックス,新卒 経理 埼玉,1
松宮工材株式会社,求人ボックス,新卒 経理 埼玉,1
飯能整形外科病院,求人ボックス,新卒 経理 埼玉,1
日本カードプロダクツ株式会社,求人ボックス,新卒 経理 埼玉,1
株式会社アーバンヤマイチ,求人ボックス,新卒 経理 埼玉,1
一般社団法人TMG本部 事務局,求人ボックス,新卒 経理 埼玉,1
片山食品株式会社,求人ボックス,新卒 経理 埼玉,1
株式会社光邦,求人ボックス,新卒 経理 埼玉,1
株式会社武蔵野ホールディングス,求人ボックス,新卒 経理 埼玉,1
金田建設株式会社,求人ボックス,新卒 施工管理 埼玉,1
石井建設株式会社,求人ボックス,新卒 施工管理 埼玉,1
株式会社内外テクノス,求人ボックス,新卒 施工管理 埼玉,2
株式会社フローリード,求人ボックス,新卒 施工管理 埼玉,2
株式会社ヤザワ塗装,求人ボックス,新卒 施工管理 埼玉,2
非​​公​​開,求人ボックス,新卒 施工管理 埼玉,1
株式会社ALL ONE,求人ボックス,新卒 施工管理 埼玉,1
株式会社セラフ榎本,求人ボックス,新卒 施工管理 埼玉,1
未来都建設株式会社,求人ボックス,新卒 施工管理 埼玉,1
株式会社東栄,求人ボックス,新卒 施工管理 埼玉,1
中原建設株式会社,求人ボックス,新卒 施工管理 埼玉,1
三ツ和総合建設業協同組合,求人ボックス,新卒 施工管理 埼玉,1
株式会社新研設備工業,求人ボックス,新卒 施工管理 埼玉,1
宮部造園土木株式会社,求人ボックス,新卒 施工管理 埼玉,1
有限会社アドエール,求人ボックス,新卒 施工管理 埼玉,1
大野建設株式会社,求人ボックス,新卒 施工管理 埼玉,1
新埼玉環境センター株式会社,求人ボックス,新卒 施工管理 埼玉,1
株式会社宗和建設,求人ボックス,新卒 施工管理 埼玉,1
株式会社久保設備,求人ボックス,新卒 施工管理 埼玉,1
東和建設株式会社,求人ボックス,新卒 施工管理 埼玉,1
快工房株式会社,求人ボックス,新卒 施工管理 埼玉,1
満田工業株式会社,求人ボックス,新卒 生産管理 埼玉,1
COVER HAIR bliss 大宮／大宮西口店,求人ボックス,新卒 生産管理 埼玉,1
COVER HAIR bliss 戸田公園／戸田...,求人ボックス,新卒 生産管理 埼玉,1
COVER HAIR bliss 志木／志木南口...,求人ボックス,新卒 生産管理 埼玉,1
limit by Afinar 大宮店,求人ボックス,新卒 生産管理 埼玉,2
株式会社エドトク,求人ボックス,新卒 生産管理 埼玉,1
株式会社東基,求人ボックス,新卒 生産管理 埼玉,1
UNITED FOODS INTERNATION...,求人ボックス,新卒 生産管理 埼玉,1
株式会社ビースト,求人ボックス,新卒 生産管理 埼玉,1
栃木県宇都宮市 l 有限会社リストリクト 企画生...,求人ボックス,新卒 生産管理 埼玉,1
有限会社日伊,求人ボックス,新卒 生産管理 埼玉,1
有限会社アサミグリーンプランツ,求人ボックス,新卒 生産管理 埼玉,1
株式会社BREXA Next,求人ボックス,新卒 生産管理 埼玉,1
ヒロホー株式会社,求人ボックス,新卒 生産管理 埼玉,1
デリカエース株式会社,求人ボックス,新卒 生産管理 埼玉,1
有限会社沼南ファーム,求人ボックス,新卒 生産管理 埼玉,1
KAKUTAテックフォージング,求人ボックス,新卒 生産管理 埼玉,1
菱光石灰工業株式会社,求人ボックス,新卒 生産管理 埼玉,1
株式会社サイファーテック,求人ボックス,新卒 生産管理 埼玉,1
株式会社ポテトフーズ,求人ボックス,新卒 生産管理 埼玉,1
株式会社千代田技研,求人ボックス,新卒 生産管理 埼玉,1
キサイフーズ工業株式会社,求人ボックス,新卒 生産管理 埼玉,1
sanRisa,求人ボックス,新卒 研究開発 埼玉,1
サンリサ北本店,求人ボックス,新卒 研究開発 埼玉,1
株式会社アイロム埼玉エリア,求人ボックス,新卒 研究開発 埼玉,1
株式会社安藤・間,求人ボックス,新卒 研究開発 埼玉,2
株式会社中外臨床研究センター,求人ボックス,新卒 研究開発 埼玉,2
明和グラビア株式会社,求人ボックス,新卒 研究開発 埼玉,1
株式会社アスパーク大宮オフィス,求人ボックス,新卒 研究開発 埼玉,1
ポラス株式会社,求人ボックス,新卒 研究開発 埼玉,1
日本プラスター株式会社,求人ボックス,新卒 研究開発 埼玉,1
ホルスグループ,求人ボックス,新卒 研究開発 埼玉,1
ニシハラ理工株式会社,求人ボックス,新卒 研究開発 埼玉,1
エナジーウィズ株式会社,求人ボックス,新卒 研究開発 埼玉,1
日本フッソ工業株式会社,求人ボックス,新卒 研究開発 埼玉,1
パーカーアサヒ株式会社,求人ボックス,新卒 研究開発 埼玉,1
扇揚苑デイサービスセンター,求人ボックス,新卒 サービス 埼玉,2
LITALICOジュニア二俣川教室,求人ボックス,新卒 サービス 埼玉,1
GENKINEXT大宮大成町,求人ボックス,新卒 サービス 埼玉,1
LITALICOジュニア海老名教室,求人ボックス,新卒 サービス 埼玉,1
デイサービスセンター遊・川越新河岸,求人ボックス,新卒 サービス 埼玉,1
ザ・ウィングホーム和楽久,求人ボックス,新卒 サービス 埼玉,1
LITALICOジュニアセンター南教室,求人ボックス,新卒 サービス 埼玉,1
ヴェルペン はらいちば薬局,求人ボックス,新卒 サービス 埼玉,1
ヴェルペンみずの薬局,求人ボックス,新卒 サービス 埼玉,1
スマイルハウスデイサービスセンター,求人ボックス,新卒 サービス 埼玉,1
コンパスウォーク蓮田,求人ボックス,新卒 サービス 埼玉,1
ベテラン館ヴィラ,求人ボックス,新卒 サービス 埼玉,1
あしすとリハ南平野,求人ボックス,新卒 サービス 埼玉,1
ヒューマンサポート春日部デイサービスセンター,求人ボックス,新卒 サービス 埼玉,1
愛の家グループホーム 上尾原市,求人ボックス,新卒 サービス 埼玉,2
放課後等デイサービスこすもす片山第2,求人ボックス,新卒 サービス 埼玉,1
デイサービスセンターひだまりの郷南前川,求人ボックス,新卒 サービス 埼玉,1
あしすとリハ蓮田,求人ボックス,新卒 サービス 埼玉,1
ウィズ・ユー川口東領家,求人ボックス,新卒 サービス 埼玉,1
ああるまつりかレインボーウイング,求人ボックス,新卒 サービス 埼玉,1
株式会社浦和ロイヤルパインズ,求人ボックス,新卒 サービス 埼玉,1
デイサービス一期の家行田持田,求人ボックス,新卒 サービス 埼玉,1
リハビリデイサービスいちご,求人ボックス,新卒 サービス 埼玉,1
LITALICOジュニアお茶の水教室,求人ボックス,新卒 サービス 埼玉,1
あにもの森,求人ボックス,新卒 サービス 埼玉,1
愛の家グループホーム 大宮吉野町,求人ボックス,新卒 サービス 埼玉,1
リハビリ型デイサービス一真会,求人ボックス,新卒 サービス 埼玉,1
デイサービス「リヤンド・クール」,求人ボックス,新卒 サービス 埼玉,1
通所支援ベルテールかすみ園,求人ボックス,新卒 サービス 埼玉,1
株式会社太平,求人ボックス,新卒 サービス 埼玉,1
東町ヴェルペン薬局,求人ボックス,新卒 サービス 埼玉,1
くつろぎ介護やへいの里,求人ボックス,新卒 サービス 埼玉,1
デイサービスセンターひだまり,求人ボックス,新卒 サービス 埼玉,1