企業名,法人番号,採用中,発見媒体,求人件数,採用職種,取得日,根拠
株式会社アイ・アイ・エム,1010001000055,○,求人ボックス,1,東京／採用・人材開発企画,2026-06-14,job-engine-hit
スズデン株式会社,1010001003966,○,求人ボックス,24,愛知／知立市／機械設計「先端技術を活用した生産設備設計・組立/愛知／知立市／製造「制御盤の製作・検査」・未経験歓迎／スキル/知立市／FA機器・制御機器のソリューション営業／転勤なし／土/年間休日121日 土日祝休み 働きやすさと技術力向上/土日祝休み 年間休日123日 昇給あり 賞与年2回,2026-06-14,job-engine-hit
日産化学株式会社,1010001008734,○,求人ボックス,12,化学品の技術開発／試作品製造／一般職／転勤なし/「山口」生産設備エンジニア機械 ～ホワイト500連続認定／営/「富山」生産設備エンジニア機械 ～ホワイト500連続認定／営/未経験歓迎 袖ケ浦・市原／ディスプレイ材料の製造スタッフ 教/「千葉県船橋市」半導体実装材料の研究開発／営業利益率20%以,2026-06-14,job-engine-hit
アース環境サービス株式会社,1010001009823,○,求人ボックス,17,事務 一般事務／外勤業務 土日休み／残業ほぼなし／時短勤務O/「技術営業／北海道」総合環境衛生管理工場の品質サポート/「技術営業／静岡」総合環境衛生管理工場の品質サポート/提案営業 未経験歓迎 衛生環境の改善に寄与／アース・大塚グル/「技術営業／茨城」総合環境衛生管理工場の品質サポート,2026-06-14,job-engine-hit
株式会社アスク,1010001009831,○,求人ボックス,25,病院・施設等の設備員/総務課長候補／東証上場グループの安定基盤で「ゆとりある管理職/自社Webサービス運営の責任者部長候補／上場グループ×マンシ/「総務部門の管理職」／人事・庶務・労務・給与／年休122日/「運営部長／年収〜900万」マンションコンシェルジュのパイオ,2026-06-14,job-engine-hit
商船三井ロジスティクス株式会社,1010001012546,○,求人ボックス,1,フォワーダー営業／国際物流営業／商船三井G,2026-06-14,job-engine-hit
日本高周波鋼業株式会社,1010001016852,○,求人ボックス,18,富山／生産技術 機械系／残業月20 30h程度／土日祝休み／/富山／管理職／生産技術／上流工程から幅広く携わる 残業月20/生産技術スタッフ／富山県射水市/富山／総合職／生産技術／上流工程から幅広く携わる 残業月20/富山／生産技術 電気系／残業月20 30h程度／土日祝休み／,2026-06-14,job-engine-hit
ジャパンプロテクション株式会社,1010001019236,○,求人ボックス,2,渋谷駅周辺の施設警備／夜勤のみ／屋内で安心／週2日～OK/中学・高校の常駐警備スタッフ,2026-06-14,job-engine-hit
株式会社ザイエンス,1010001017941,○,求人ボックス,7,"「東京」設計職／幅広い製造・企画に関わる 賞与年2から3回/面接1回 広島市／経理アシスタント 決算まで経験可 賞与実績/広島市中区／経理 残業少なめ／創業103周年の木材メーカ／業/経験を活かす「経理職」 週休二日 賞与6.48ヶ月/経理事務／賞与6.48ヶ月と昇給～9,700円でキャリア形成",2026-06-14,job-engine-hit
株式会社第一管理代行,1010001021381,○,求人ボックス,1,病院の清掃スタッフ,2026-06-14,job-engine-hit
ソリッドコミュニケーション株式会社,1010001021349,○,求人ボックス,2,開発エンジニア 金融・官公庁向け／大手Sier案件・大規模メ/Webサービス系エンジニア・プログラマ,2026-06-14,job-engine-hit
株式会社ＣＡＣ　Ｈｏｌｄｉｎｇｓ,1010001019335,,,,,2026-06-14,not-found
株式会社中央経済社ホールディングス,1010001022710,○,求人ボックス,1,2027 新卒採用 出版,2026-06-14,job-engine-hit
株式会社ティ・オー・エス,1010001023378,,,,,2026-06-14,not-found
東洋計測器株式会社,1010001024129,○,求人ボックス,1,火力発電所の設備メンテナンス／無資格・未経験OK／土日祝休み,2026-06-14,job-engine-hit
株式会社内藤一水社,1010001025135,,,,,2026-06-14,not-found
ＮＸ商事株式会社,1010001025515,○,求人ボックス,21,自動車整備/山形市／自動車整備士 東証プライム上場NXグループ／年休12/新潟市／整備士 特殊車両／東証プライム上場NXグループ／年休/自動車整備士・ピットスタッフ/名古屋／物流施設等の設計・監理 NXグループ／東証プライム上,2026-06-14,job-engine-hit
株式会社はとバスエージェンシー,1010001026819,,,,,2026-06-14,not-found
山崎金属産業株式会社,1010001031109,,,,,2026-06-14,not-found
株式会社岡三証券グループ,1010001034747,○,求人ボックス,15,社内情報セキュリティ担当者 ～ 岡三証券グループへ出向／少数/三越前／リスク管理業務 土日祝休み／転勤無し／福利厚生充実／/浅草橋／社内SE サーバ・クラウド基盤技術者／土日祝休み／転/証券営業 未経験歓迎 年間休日125日／創業103年／入社後/証券営業 年間休日125日／創業103年の独立系総合証券／人,2026-06-14,job-engine-hit
ＤＭ三井製糖株式会社,1010001034929,○,求人ボックス,5,千葉工場／お砂糖づくりを支える 自社設備の保全・メンテ 賞与/田町／在宅可／社内SE アプリ担当／製糖業界のリーディングカ/港区／在宅可／「砂糖」から「健康」へ。 事業拡大期を支える上/田町／在宅可／社内SE インフラ／製糖業界のリーディングカン/田町／人材組織開発担当・製糖業界トップシェア／経営に近い位置,2026-06-14,job-engine-hit
わかもと製薬株式会社,1010001035010,○,求人ボックス,6,神奈川／新松田駅／製剤技術 年休130日・残業 10h程度／/初任地北海道／MR 年休130日・土日祝休み／直行直帰／家族/神奈川／新松田・転勤無／医薬品の品質保証「医療業界経験活かす/2027 新卒採用 薬品/製剤技術,2026-06-14,job-engine-hit
株式会社かんこう,1120001007221,○,求人ボックス,13,管理職採用／経理／管理職／転勤なし／土日祝休み/大阪／人事／採用・労務・教育／総務/人事・総務 管理職/大阪／京阪電鉄駅務機器メンテナンス担当 年休121／京阪HD/サーバー・ネットワークの監視技術者 未経験可／京阪HDグルー,2026-06-14,job-engine-hit
近代警備保障株式会社,1120001007337,○,求人ボックス,1,有名大学通学路での誘導警備員募集,2026-06-14,job-engine-hit
大日本塗料株式会社,1120001026551,○,求人ボックス,1,2027 新卒採用 化学,2026-06-14,job-engine-hit
阪神警備保障株式会社,1120001031502,○,求人ボックス,1,交通誘導警備／警備員／軽作業・物流系 週1~OK リニューア,2026-06-14,job-engine-hit
株式会社大森屋,1120001034595,○,求人ボックス,5,法人営業/営業職/上場食品メーカーを支える 未経験OK 土日休み&駅チカ/老舗食品メーカーの法人営業職／さいたま市南区の求人/問屋・量販店・コンビニ向け自社商品の提案／さいたま市南区の求,2026-06-14,job-engine-hit
毎美エンジニアリング株式会社,1120001036427,○,求人ボックス,1,学生寮共用部の日常清掃,2026-06-14,job-engine-hit
日本インシュレーション株式会社,1120001040610,○,求人ボックス,1,2027 新卒採用 建材・エクステリア,2026-06-14,job-engine-hit
株式会社オートメーション．サービス,1120001042136,○,求人ボックス,1,システムエンジニア,2026-06-14,job-engine-hit
株式会社浜正,1120001046590,,,,,2026-06-14,not-found
南海化学株式会社,1120001046120,○,求人ボックス,3,和歌山市／化学品の製造 資格保有者歓迎／老舗化学メーカー／残/「製造」／賞与5ヶ月/化学品の製造／オペレーション・監視・分析 寮・社宅あり 昇給,2026-06-14,job-engine-hit
株式会社マコト電気,1120001047424,○,求人ボックス,17,未経験OK 営業戦略の企画・立案・開拓!完全土日祝休み／残業/「大阪／梅田」電気施工管理 夜勤なし／完全週休二日／土日祝休/大阪梅田／転勤無／電気施工管理 夜勤なし／完全週休二日／土日/プラント施工管理／住宅手当/法人営業,2026-06-14,job-engine-hit
株式会社栗本鐵工所,1120001048991,○,求人ボックス,2,2027 新卒採用 機械/「大阪／施工管理職」パイプシステムの施工管理,2026-06-14,job-engine-hit
株式会社山善,1120001049040,○,求人ボックス,17,2027 新卒採用 商社／機械・プラント・環境/「大阪／法人営業」東証プライム上場／工作機械販売数国内トップ/「北関東埼玉／法人営業」住宅設備国内トップクラスの専門商社/神奈川／施工管理 土木工事／土日祝休 休日出勤なし 年休12/「横浜／法人営業」住宅設備国内トップクラスの専門商社,2026-06-14,job-engine-hit
中部資材株式会社,1180001006837,○,求人ボックス,1,施設管理業務,2026-06-14,job-engine-hit
愛知株式会社,1180001015879,,,,,2026-06-14,not-found
株式会社新日,1180001019673,○,求人ボックス,1,土木設計,2026-06-14,job-engine-hit
カネ美食品株式会社,1180001023411,○,求人ボックス,20,商品企画/愛知／名古屋／「店舗設計・自社の厨房や店舗」 会社規模100/惣菜店の店舗運営スタッフ 店長候補 連休取得可／定着率9割以/キッチン／フード系／惣菜・スイーツ販売 職場復帰·扶養内OK/キッチン／フード系／惣菜・スイーツ販売 学生活躍中 贅沢ごは,2026-06-14,job-engine-hit
クロスプラス株式会社,1180001025507,○,求人ボックス,11,名古屋市西区／社内SE・DX推進 SES・SI歓迎・年休12/名古屋市西区／社内PG・DX推進 初心者歓迎・年休126日・/日本橋エリア／ファッション雑貨デザイナー 特に帽子／大手アパ/日本橋エリア／レディスアパレルMD 大手アパレル商社／リモー/日本橋エリア／アパレル企画営業 Lサイズ向け 年間休日126,2026-06-14,job-engine-hit
東海ソフト株式会社,1180001031538,○,求人ボックス,18,大阪／プロジェクトリーダー/業務系SE／都営浅草線大門駅から徒歩4分／業務系SE・PG／/開発エンジニア／港区／都営浅草線大門駅から徒歩4分／東京都／/開発エンジニア／都営浅草線大門駅から徒歩4分／港区／東京都／/名古屋／プロジェクトリーダー 製造×ITに強みをもつSIer,2026-06-14,job-engine-hit
メイラ株式会社,1180001031884,○,求人ボックス,20,岐阜／人事制度企画/岐阜／関市／品質メンバー 未経験歓迎／製造業界の発展に貢献 /岐阜／関／生産技術／働き方／残業11H以下・土日休み 大手企/岐阜／関／採用担当／人事企画に挑戦可 制度・組織開発にも関与/二卒歓迎 岐阜／関市／生産技術エンジニア 立ち上げ 保全／ク,2026-06-14,job-engine-hit
ＭＨＩエアロテクノロジーズ株式会社,1180001031934,○,求人ボックス,3,障害者雇用／三菱重工の技術部門を幅広くサポートする三菱重工直/障害者雇用／技術職募集/障害者雇用／事務職募集,2026-06-14,job-engine-hit
大同興業株式会社,1180001037502,○,求人ボックス,14,社内SE／課長候補/名古屋／社内SE メンバークラス／東証プライム上場 大同特殊/機械営業「東京／プライム市場上場G／年間休日127日」/商社営業 鉄鋼商材 「東京／プライム市場上場G／年間休日12/名古屋／貿易事務 商社／年休122日／面接1回 プライム上場,2026-06-14,job-engine-hit
オイレス工業株式会社,1010401006049,○,求人ボックス,8,自動車部品の営業～東証プライム上場／経常利益率9.1%／年間/足利／組立・工程管理 交代勤務／年休127日／地震から人と建/藤沢 エアベアリング／設計開発 国内シェアトップ／週2定時退/宇都宮 法人営業／自動車業界向け プライム上場／ニッチトップ/藤沢 国内トップメーカー／働き易さが魅力,2026-06-14,job-engine-hit
株式会社小野測器,1020001001886,○,求人ボックス,1,2027 新卒採用 精密機器,2026-06-14,job-engine-hit
日本飛行機株式会社,1020001006613,○,求人ボックス,20,横浜／航空機部品の生産技術「未経験歓迎」年休125日／残業1/神奈川・大和市／品質保証・プライム上場川崎重工グループ会社／/横浜／航空宇宙専業メーカーの「経理」／経験者歓迎／年休125/東証プライム上場／川崎重工G／電気設計・年休125日／宇宙機/横浜／品質保証／年休125日／残業15~20h／東証上場川崎,2026-06-14,job-engine-hit
海洋電子工業株式会社,1020001006043,○,求人ボックス,1,第二新卒歓迎 横浜／通信機器の組立 製造／夜勤・転勤無／フレ,2026-06-14,job-engine-hit
株式会社信友建設,1020001007520,○,求人ボックス,3,現場作業員/土木施工管理業務完全週休二日制・マイカー通勤可/2027 新卒採用 建設,2026-06-14,job-engine-hit
株式会社シバックス,1020001008907,○,求人ボックス,3,「横浜」CADオペレーター／WEB面接可／コンセプトカーのデ/神奈川／電装制御設計／ベテラン/自動車の内装,2026-06-14,job-engine-hit
ハーベスト株式会社,1020001010441,○,求人ボックス,25,学校給食調理場での配送/人事労務DX担当/「有資格」栄養士／給食委託／赤塚駅/調理師／介護施設／集団調理経験者歓迎／給食委託会社/調理師／高齢者向け住宅／調理／給食委託会社／年休112日,2026-06-14,job-engine-hit
株式会社明光社,1020001013873,○,求人ボックス,7,公共施設の受付業務/日常清掃／ショッピング施設内/ショッピングセンター内の日常清掃／トイレ清掃あり/施設警備員/オフィスビル日常清掃スタッフ,2026-06-14,job-engine-hit
ジオマテック株式会社,1020001015003,○,求人ボックス,5,2027 新卒採用 半導体・電子・電気機器/業界未経験歓迎／情報システム担当／社内SE／情シス／薄膜技術/横浜・営業 未経験歓迎／文系出身者多数／モノづくりを支える機/情報システム担当／社内 SE／情シス/未経験歓迎!／横浜／法人営業／真空成膜技術・製造業向け薄膜加,2026-06-14,job-engine-hit
レーザーテック株式会社,1020001022180,○,求人ボックス,20,社内SE／DX領域／世界シェア100%製品保有/第二新卒歓迎／機械設計・世界シェア100%製品保有／世界の半/第二新卒歓迎／電気設計・世界シェア100%製品保有／世界の半/「社内SEアプリ」ERPシステム企画・導入・運用リーダー 平/第二新卒歓迎／光学エンジニア世界シェア100%製品保有／世界,2026-06-14,job-engine-hit
株式会社ＫＳＰ,1020001026487,○,求人ボックス,25,施設警備／警備員／案内・受付 未経験からしっかりサポート テ/病院の夜間警備員／病院の受付警備で簡単!ほぼ座っている仕事で/駐車場の警備員/大型商業施設でのモニター監視・各種対応／PC作業はフォーマッ/ATMコーナー等の臨時警備員,2026-06-14,job-engine-hit
株式会社宇徳,1020001025489,○,求人ボックス,4,2027 新卒採用 物流・倉庫/自動車整備士・メカニック／日曜休み／寮・社宅/設備保全・メンテナンス作業員/重量工・機械搬入据付工,2026-06-14,job-engine-hit
ソルブ株式会社,1020001027295,○,求人ボックス,15,未経験OK 10年連続黒字の安定性 最適な医療機器の提案営業/柔道整復師／管理／柔道整復師／鍼灸師／国資学生／柔道整復/鍼灸接骨院運営業務および付随業務／交通費支給／20〜30代活/鍼灸接骨院運営業務・付随業務全般／月収30万以上可／未経験歓/鍼灸接骨院運営業務および付随業務／ブランクOK／未経験歓迎／,2026-06-14,job-engine-hit
株式会社日商物産,1020001028194,○,求人ボックス,2,ルート配送スタッフ/食に興味がある方歓迎業務用食器の「法人営業」／年休122日,2026-06-14,job-engine-hit
株式会社ホンマ,1020001028855,○,求人ボックス,4,未経験OK!コンテナチェックスタッフ／資格取得でキャリアUP/横浜市／営業／要望のヒアリング・予算の提案など 職種未経験可/中型トラック運転手／廃棄物の収集・運搬作業 昇給・賞与あり /電気工事スタッフ／経験者優遇／土日休み／第二種または第一種電,2026-06-14,job-engine-hit
ＡＬＳＯＫ神奈川株式会社,1020001030159,○,求人ボックス,8,施設警備スタッフ/障害者採用／警備職／川崎市／みなとみらい／平塚市/ALSOK「警備輸送」お客様の大切な財産を輸送する／15期連/ALSOK受付スタッフ 週2～3日からOK/未経験OK!簡単な受付業務スタッフ 東証プライム上場企業グル,2026-06-14,job-engine-hit
株式会社アルテサロンホールディングス（閉鎖）,1020001033236,,,,,2026-06-14,not-found
株式会社ティー・アール・シー,1020001033203,○,求人ボックス,1,IT業務にも携われる オフィス運営サポート,2026-06-14,job-engine-hit
株式会社エスシーサポート,1240001047429,,,,,2026-06-14,not-found
シンカ株式会社,1290001001769,○,求人ボックス,8,プロジェクトマネージャー／Webマーケティング・ネット広告/福岡市／電気工事施工管理／急成長企業「電気・通信のインフラを/東京近郊／会計パッケージシステムの設計・開発・テスト／残業1/警備スタッフ／有給付与で”収入そのまま”長期休みも心配なし /住宅手当あり 安定感バツグンの九州大手で電気工事士を募集,2026-06-14,job-engine-hit
株式会社ニシコー,1290001009498,○,求人ボックス,10,九電グループ／ニシコー／土木施工管理/鋼構造物の施工管理／須恵鉄工センター/建築技術/2027 新卒採用 設備工事・設備設計/福岡／須恵鉄工センター 鋼構造物の設計業務他 転勤／夜勤無／,2026-06-14,job-engine-hit
株式会社インフォグラム,1290001011611,○,求人ボックス,4,システムエンジニア/システムエンジニア・プログラマー／正/システムエンジニア・プログラマー／正／未経験/2027 新卒採用 ソフトウエア,2026-06-14,job-engine-hit
株式会社医療事務サービス,1290001011660,,,,,2026-06-14,not-found
株式会社キューオキ,1290001012337,,,,,2026-06-14,not-found
九州総合サービス株式会社,1290001012411,○,求人ボックス,3,データ入力、タイピング PC・パソコン・インターネット、一般/月収26万以上／夜勤あり／重量物の搬入を伴う大型印刷オペレー/一般事務職、データ入力、タイピング PC・パソコン・インター,2026-06-14,job-engine-hit
建設サービス株式会社,1290001012989,○,求人ボックス,2,施工管理のお仕事しませんか/交通費支給あり!完全土日祝休み!未経験OK! 土木作業員／福,2026-06-14,job-engine-hit
福岡センコー運輸株式会社,1290001019349,○,求人ボックス,16,伝票仕分け事務作業スタッフ/フォークリフト 未経験OK／女性も活躍中／50年以上連続で賞/近距離メインのトラックドライバー/ドライバー／福岡県内のみの完全地場配送!／スーパーへ食品を配/4t車ドライバー／月40万も目指せる・賞与年2回・未経験OK,2026-06-14,job-engine-hit
ＪＲ九州商事株式会社,1290001019794,○,求人ボックス,1,社会課題を解決新しい物流の形・鉄道荷物輸送を支える「事務」,2026-06-14,job-engine-hit
株式会社ジェイウェイブ,1290001020686,○,求人ボックス,2,人気商品のシール貼り作業／社員登用あり／髪型自由/軽い製品の検品・検査スタッフ,2026-06-14,job-engine-hit
株式会社オービット,1290001020645,○,求人ボックス,4,出雲市／未経験歓迎／機械加工オペレーター 年休110日／日勤/ホール／イベコン／イベントスタッフ 実習や課題と両立 1日2/コンパニオン/福岡／ルート営業／官公庁向け,2026-06-14,job-engine-hit
イワタニ九州株式会社,1290001024695,○,求人ボックス,1,仕事もプライベート充実させたい方必見「事務職」年休124日,2026-06-14,job-engine-hit
株式会社ＩＮＧ・ワールド,1290001026378,○,求人ボックス,1,福岡市周辺／定期清掃／日勤,2026-06-14,job-engine-hit
株式会社アカシヤビルサービス,1430001000384,○,求人ボックス,1,有料老人ホームの共用部清掃,2026-06-14,job-engine-hit
岡本興業株式会社,1430001003222,○,求人ボックス,1,即日勤務OK 正社員登用有,2026-06-14,job-engine-hit
株式会社開発工営社,1430001003528,○,求人ボックス,2,建設・不動産、コンサルティング・シンクタンク・士業／建設コン/札幌市／建設コンサルタント／未経験歓迎 年間休日120日 ワ,2026-06-14,job-engine-hit
株式会社清風堂,1430001008691,○,求人ボックス,1,平日のみのオフィスビル日常清掃スタッフ,2026-06-14,job-engine-hit
株式会社シムス,1430001009847,○,求人ボックス,3,福祉施設内の清掃スタッフ/月面探査分析装置のエンジニア 宇宙開拓を加速させる、世界初へ/”土・日・祝休み&未経験歓迎”配送ドライバー／土日祝休み×1,2026-06-14,job-engine-hit
株式会社ミライト・モバイル・イースト,1430001012727,○,求人ボックス,3,知識ゼロからOK通信インフラの「管理スタッフ」／賞与5ヵ月も/施工管理職／未経験OK・現場対応あり/施工管理事務／事務・進捗管理メイン,2026-06-14,job-engine-hit
北菱産業埠頭株式会社,1430001015614,○,求人ボックス,13,清掃 短時間OK 学校清掃アルバイト 家事の合間の午前中お仕/清掃／サービス系／軽作業・物流系 短時間OK 学校清掃アルバ/清掃／ビル管理／サービス系 ビル内の清掃STAFF 1日4時/清掃 未経験 シニア活躍中 1日4h~OK 施設内の清掃ST/清掃／ビル管理／サービス系 ミドル·シニア層活躍中 ビル共有,2026-06-14,job-engine-hit
株式会社アークス,1430001018377,○,求人ボックス,25,一級建築・土木施工管理技士／あなたの経験が会社の力になります/「「すごいベンチャー100」選出企業!医療系スタートアップ×/看護業務／施設内訪問看護／有料老人ホーム内／週休二日制／駅近/AIリードエンジニア／AI・機械学習エンジニア／東京都／渋谷/「「すごいベンチャー100」選出企業!医療系スタートアップ／,2026-06-14,job-engine-hit
株式会社アインホールディングス,1430001020787,○,求人ボックス,15,社内SE／都営大江戸線代々木駅から徒歩3分／社内SE／渋谷区/新宿／在宅週2可／ユーザー向けアプリの企画 運用／SIer歓/新宿／在宅週2可／社内SE プラットフォームの企画・運用／残/登録販売者／相模原市南区／小田急小田原線 相模大野駅／神奈川/新宿／在宅週2可／社内SE PMクラス／自社アプリ企画等／残,2026-06-14,job-engine-hit
マックスバリュ北海道株式会社（閉鎖）,1430001020267,,,,,2026-06-14,not-found
日本ニューホランド株式会社,1430001021026,○,求人ボックス,25,営業／日本ニューホランド株式会社八雲営業所/北海道／天北／総合職・農業機械の整備・点検担当／土日祝休み／/北海道／標茶／総合職・農業機械の整備・点検担当／土日祝休み／/東筑摩郡朝日村×サービスエンジニア ただ販売するのではなく、/北海道／中標津／総合職・農業機械の整備・点検担当／土日祝休み,2026-06-14,job-engine-hit
株式会社ユニテック,1430001021645,○,求人ボックス,25,新技術の開発要員を募集/業務システム開発エンジニア／web系SE・PG／都営大江戸線/開発エンジニア／東京都／江東区／ネットワーク保守運用・監視／/大手町／インフラ／社内SE 社内ヘルプデスク・PCキッティン/インフラエンジニア／東京都／サーバーエンジニア,2026-06-14,job-engine-hit
ＡＬＳＯＫ北海道株式会社,1430001021959,○,求人ボックス,24,ALSOKの事務 札幌本社/技術職／「電気系技術職」札幌市/技術職／電気系技術職/2027新卒採用／セキュリティシステムの設計・施工・管理/技術職／「電気系技術職」苫小牧市,2026-06-14,job-engine-hit
株式会社北海道日立,1430001022461,○,求人ボックス,2,札幌／大通駅直結／開発SE 年休126日／賞与6.6か月分／/開発SE 経験者 賞与6.6か月分 完全週休二日,2026-06-14,job-engine-hit
株式会社北海道ダイケン,1430001022180,○,求人ボックス,1,ビルの設備管理／未経験歓迎／賞与年3回／資格取得支援有,2026-06-14,job-engine-hit
株式会社エコミック,1430001023947,○,求人ボックス,6,要相談/人事・労務 アウトソーシング・オペレーションマネージャー・リ/第二新卒・既卒向け総合職/27新卒 総合職/新卒総合職,2026-06-14,job-engine-hit
中道リース株式会社,1430001024094,,,,,2026-06-14,not-found
株式会社プライムツーワン,1430001026974,○,求人ボックス,4,株式会社プライムツーワンの保育士求人・採用情報正社員/認可保育園での保育士／北海道札幌市豊平区/正看護師准看護師/保育園／認可保育園／認可保育園／福利厚生／年間休日125日,2026-06-14,job-engine-hit
セントラルリーシングシステム株式会社,1430001024268,○,求人ボックス,19,清掃／客室清掃／サービス系 海が見えるホテル／15時終業 未/はぼろ温泉サンセットプラザで働く「ホテルスタッフ」/千歳ステーションホテルで働く「フロントスタッフ」/はぼろ温泉サンセットプラザで働く「調理スタッフ」/経験者が活躍できる環境がここに魅力たっぷりの「調理師」,2026-06-14,job-engine-hit
ビットスター株式会社,1430001037773,○,求人ボックス,5,Webディレクター／システムインテグレータ・ソフトハウス/ITソリューション営業 北海道在住限定・IターンUターン歓迎/システムエンジニア／システムインテグレータ・ソフトハウス/セールスエンジニア 北海道在住限定! IターンUターン歓迎/2027 新卒採用 ソフトウエア,2026-06-14,job-engine-hit
北燃商事株式会社,1430001046650,○,求人ボックス,2,土日祝休みの一般事務スタッフ/家電製品・住宅設備機器の修理・取付スタッフ,2026-06-14,job-engine-hit
馬淵建設株式会社,1430001046675,○,求人ボックス,17,施工管理/建築施工管理/土木施工管理/横浜／土木施工管理・経験者向け 年休126日 土日祝／出張・/横浜／建築施工管理 1人1現場×複数名体制 土日祝休／転勤無,2026-06-14,job-engine-hit
北海道ガソン株式会社,1430001049752,,,,,2026-06-14,not-found
株式会社第一岸本臨床検査センター,1430001055197,○,求人ボックス,6,事務作業スタッフ/ルート回収スタッフ/検体管理スタッフ/医療系産業廃棄物運搬スタッフ/技術営業職 環境検査・食品検査,2026-06-14,job-engine-hit
株式会社南組,1430001055619,○,求人ボックス,4,津市／未経験歓迎／土木施工管理・転勤なし／最新テクノロジーで/建築・土木／搬入・荷揚げ／機械オペレーション 底辺と言わせな/現場監督見習い兼現場作業員/土木施工管理補助 資格取得補助制度有,2026-06-14,job-engine-hit
日鋼室蘭サービス株式会社,1430001057045,,,,,2026-06-14,not-found
株式会社三井Ｅ＆Ｓ　ＤＵ,1010001230569,○,求人ボックス,2,船のエンジン生産に携わる技術スタッフ/上場企業の「技術系総合職」年間休日127日」賞与平均6.79,2026-06-14,job-engine-hit
株式会社シマブンコーポレーション,1140001003508,○,求人ボックス,20,法人営業 創業110年超/障害者雇用／事務職/障害者雇用／製造スタッフ/東京／丸の内・未経験歓迎／法人営業 鉄スクラップ／創業110/広島・呉市／転勤なし／法人営業 鉄鋼関連製品／創業110年超,2026-06-14,job-engine-hit
株式会社ナガサワ文具センター,1140001009777,○,求人ボックス,1,ノベルティ制作アシスタント・デザイナー,2026-06-14,job-engine-hit
株式会社ニチリン,1140001010033,○,求人ボックス,15,津市／「未経験歓迎」ゴムホースの生産技術 まずはルーチン業務/三重・津市／治具製作 電気設備／東証スタンダード上場「NIC/三重県・津市／社内SE／IT全般を幅広く担当／裁量大 × D/転勤なし／品質技術／新規試作品の立上げ・品質改善／東証スタン/経験ゼロでOK すぐに慣れるシンプル作業 日払いでお金を即G,2026-06-14,job-engine-hit
株式会社神戸新聞社,1140001012021,○,求人ボックス,2,2028 インターンシップ 放送・新聞・広告・出版/サイネージ事業の企画推進／地域密着の新聞社／フレックス／土日,2026-06-14,job-engine-hit
株式会社神戸工業試験場,1140001014570,○,求人ボックス,2,兵庫／加古郡／金属加工／年休125日・有給取得率78%／大手/未経験歓迎!大手会社の研究開発を材料試験を通じて支える仕事,2026-06-14,job-engine-hit
株式会社トヨタレンタリース兵庫,1140001016534,○,求人ボックス,5,清掃／洗車／ドライバー 週2日~／1日3時間~OK カンタン/トヨタグループ「兵庫限定求人／レンタカー店舗スタッフ正社員」/洗車／回送・接客補助スタッフ,2026-06-14,job-engine-hit
フアーストリネンサービス株式会社,1140001017862,,,,,2026-06-14,not-found
株式会社ウインウイン,1140001022532,○,求人ボックス,2,販売スタッフ/リモート／求人広告営業／Indeedメイン／業界経験者枠／土,2026-06-14,job-engine-hit
株式会社神防社,1140001030329,○,求人ボックス,2,営業経験活かせる!採用メインの人事担当/消防設備点検スタッフ／消防設備士／神戸／経験者,2026-06-14,job-engine-hit
株式会社ＪＭＵアムテック,1140001039675,○,求人ボックス,1,2027 新卒採用 輸送用機器／船舶・航空・宇宙関連など,2026-06-14,job-engine-hit
スプリングエイトサービス株式会社,1140001039709,○,求人ボックス,1,未経験OK 働きやすい職場です 加速器運転保守業務 大学の先,2026-06-14,job-engine-hit
株式会社ＲＵＴＩＬＥＡ,1010703003272,○,求人ボックス,25,エンジニア/リモート可／第三種電気主任技術者／太陽光発電所および蓄電所関/FDE「AIを活用した大規模システム開発エンジニア」 官公庁/京都 バーティカルAI事業／リーダー候補／上場を視野に急成長/未経験歓迎／AIエンジニア「AIを活用した大規模システム開発,2026-06-14,job-engine-hit
株式会社たけびし,1130001001272,○,求人ボックス,2,2027 新卒採用 商社／電子・電気機器・OA機器/スタッフ～リーダー候補／国内営業／産業機器システム／加工ソリ,2026-06-14,job-engine-hit
株式会社レボインターナショナル,1130001012055,○,求人ボックス,1,名古屋エリア「営業事務」 完全土日祝休み!年間休日126日,2026-06-14,job-engine-hit
株式会社キャリアパワー,1130001014217,○,求人ボックス,1,経験光る経験者歓迎、有資格者歓迎の高収入求人 採用後スグ直接,2026-06-14,job-engine-hit
株式会社共栄薬研,1130001017005,○,求人ボックス,1,清掃／サービス系／家事代行 駅チカ徒歩3分 病院内の清掃 短,2026-06-14,job-engine-hit
トヨタカローラ京都株式会社,1130001021849,○,求人ボックス,22,自動車整備士・メカニック／トヨタカローラ京都株式会社円町店/自動車整備士・ピットスタッフ／住宅手当／残業手当/自動車整備士・メカニック/洗車／清掃／軽作業・物流系 愛車の洗車もOK 接客ナシの黙々/洗車／清掃／軽作業・物流系 洗車機有りで負担軽減 接客ナシの,2026-06-14,job-engine-hit
ナカライテスク株式会社,1130001021948,○,求人ボックス,6,試薬などのルート営業／年休126日／土日祝休／賞与5カ月分超/働きやすさ×市場価値UPを実現できる「ルート営業」/年休126日／月給27万円以上「ルート営業」/2027 新卒採用 化学/経理／日常業務,2026-06-14,job-engine-hit
株式会社ダイワ・セキュリティー・システム,1130001025528,○,求人ボックス,5,スーパー駐車場での警備スタッフ/施設警備／警備員／交通誘導警備 都内に新規現場多数 1勤務で/建設現場の交通誘導・施設警備スタッフ,2026-06-14,job-engine-hit
日本ニューロン株式会社,1130001037333,,,,,2026-06-14,not-found
西武緑化管理株式会社,1012701000524,○,求人ボックス,6,植栽維持管理スタッフ/エミパーク和光樹林の維持管理スタッフ／週2～4日で身体を動か/街のみどりをまもり、育てる「植栽の維持管理スタッフ」未経験O/公園管理運営スタッフ/西武線沿線の植栽・緑地維持管理,2026-06-14,job-engine-hit
埼玉トヨペット株式会社,1030001003329,○,求人ボックス,12,東京スンドゥブのホール・キッチンスタッフ/事務スタッフ/自動車整備スタッフ/受付スタッフ/洗車・回送スタッフ,2026-06-14,job-engine-hit
太陽管財株式会社,1030001005250,○,求人ボックス,2,病院事務当直/施設清掃スタッフ,2026-06-14,job-engine-hit
株式会社ハイデイ日高,1030001006892,○,求人ボックス,25,居酒屋・中華料理「日高屋」の店舗スタッフ／飲食店／賞与・ボー/未経験歓迎／「日高屋」などのチェーン店で「店舗運営」／東証プ/日高屋などのチェーン店を経営する安定企業／焼き鳥日高の店舗運/店長・店舗管理・運営／交通費支給／社会保険完備／シフト制／ブ/店長・店舗管理・運営／交通費支給／シフト制／急募／ブランクO,2026-06-14,job-engine-hit
株式会社丸電,1030001008006,○,求人ボックス,2,官公庁・法人ソリューション営業／最低350万～500万スター/業種未経験歓迎／電気工事施工管理 残業20h／原則土日祝休／,2026-06-14,job-engine-hit
株式会社むさしビルクリーナー,1030001008261,,,,,2026-06-14,not-found
株式会社エクス・アドメディア,1030001014086,○,求人ボックス,1,ゴルフ場でのTV・配信等の会場設営・現場管理 未経験OK／実,2026-06-14,job-engine-hit
株式会社オプトエレクトロニクス,1030001020927,○,求人ボックス,6,バーコードスキャナの生産管理/埼玉・蕨市／光学機器の設計・開発担当 スタンダード上場／自動/埼玉・蕨市／回路設計担当 スタンダード上場／自動認識装置メー/蕨市／転勤無／管理部門担当 人事・総務／スタンダード上場 年/埼玉・蕨市／マルチプラットフォームアプリ開発エンジニア スタ,2026-06-14,job-engine-hit
株式会社アールキューブ,1030001027922,,,,,2026-06-14,not-found
埼玉西ヤクルト販売株式会社,1030001026924,○,求人ボックス,5,保育所・職場見学も実施中!安心の収入補償制度あり 扶養を超え/ヤクルト商品のお届けスタッフ／主婦・主夫活躍中／09:00～/ヤクルトスタッフ/2027 新卒採用 商社／食品・農林・水産/ヤクルトお届けスタッフ,2026-06-14,job-engine-hit
株式会社アイチコーポレーション,1030001042723,○,求人ボックス,25,サービスエンジニア／株式会社アイチコーポレーション関東支店神/大阪市淀川区／特殊車両の整備 サービスエンジニア／国内トップ/埼玉県／さいたま市中央区／特殊車両整備 サービスエンジニア／/サービスエンジニア／国内トップシェアの高所作業車メーカー／賞/愛媛県／今治市／特殊車両の整備・サービスエンジニア／国内トッ,2026-06-14,job-engine-hit
ニッポンレンタカー北関東株式会社,1030001044141,○,求人ボックス,1,2027 新卒採用 リース・レンタル,2026-06-14,job-engine-hit
新報国マテリアル株式会社,1030001054909,,,,,2026-06-14,not-found
株式会社オプトラン,1030001056764,○,求人ボックス,18,技術開発職／機械設計/埼玉／鶴ヶ島市／技術開発 PC制御／東証プライム上場／光学薄/埼玉／鶴ヶ島市／技術開発 PC制御／管理職候補／光学薄膜成膜/管理職採用／管理職クラス／社内SE／DX推進／経験者歓迎／転/埼玉／鶴ヶ島市／社内SE担当 東証プライム上場／光学薄膜成膜,2026-06-14,job-engine-hit
アイ・エム・アイ株式会社,1030001063447,○,求人ボックス,24,人工呼吸器のマーケティング職／看護師・臨床工学技士歓迎/マーケティング職 未経験から挑戦／英語力を活かす年休121日/医療機器マーケティング「錦糸町」 戦略策定から携わる／人工呼/埼玉／安全管理 GVP／サービスエンジニアから挑戦可能／教育/東京／医療機器マーケティング 戦略策定から携われる 安定経営,2026-06-14,job-engine-hit
株式会社銚子丸,1040001001199,○,求人ボックス,18,ホール／キッチン／店長・マネージャー候補／マネージャー候補 /寿司屋のキッチン／賞与年2回／転勤なし／未経験OK/ホールスタッフ/料理長候補/店長・店舗管理・運営,2026-06-14,job-engine-hit
株式会社エイシル,1040001009432,○,求人ボックス,2,システム運用・保守/インフラエンジニア「希望キャリアにあわせてスキルアップ目指せ,2026-06-14,job-engine-hit
オネスティオフィスサポート株式会社,1040001011735,○,求人ボックス,2,経理事務／「経理経験者募集」社長直轄の管理部門スタッフ／労務/土日祝休・年休120日／人材営業／成田空港エリアを支える!キ,2026-06-14,job-engine-hit
株式会社丸長青果,1040001036988,,,,,2026-06-14,not-found
株式会社ジェス,1040001042929,○,求人ボックス,21,管工事施工管理/電気電子機器の「ルート営業」年休124日/未経験歓迎／金沢市・富山市「SE」／年休124日/未経験歓迎／富山募集「制御システムSE」／年休124日/電気電子機器の「ルート営業」年休124,2026-06-14,job-engine-hit
株式会社アイム,1040001042689,○,求人ボックス,18,児童指導員/グループホームの介護スタッフ／未経験歓迎／1日4時間からOK/グループホームの介護スタッフ／服装・髪型・髪色自由／資格手当/株式会社アイムファインの発達支援・児童指導員求人・採用情報正/グループホームの介護スタッフ／週休3日制／資格手当アリ／賞与,2026-06-14,job-engine-hit
株式会社ＰＣＥＲ,1040001041971,○,求人ボックス,1,環境調査スタッフ,2026-06-14,job-engine-hit
株式会社シー・エス・ランバー,1040001057646,○,求人ボックス,25,東金／サイディングプレカット加工作業員/千葉／東金／製材の選別業務 フォークリフト経験歓迎／残業20/千葉／山武／生産設備のメンテナンス 日勤のみ／土日祝休／年休/未経験歓迎 東金／工場の総務管理 土日祝休／年休123日／住/千葉／山武／住宅用木材加工の生産管理 リーダー候補／関東トッ,2026-06-14,job-engine-hit
鈴木建設株式会社,1040001061846,○,求人ボックス,3,建築施工管理/ドライバー／大型ドライバー／軽作業・物流系 ドライバー兼軽作/工事作業員,2026-06-14,job-engine-hit
王子エンジニアリング株式会社,1010001039770,○,求人ボックス,22,建設・不動産／機械・機構設計 施工管理／その他/電気工事施工管理／住宅手当/愛知第二新卒歓迎 未経験可／機械設置の施工管理 土日祝休 住/兵庫・神崎・第二新卒歓迎 未経験可／機械設置の施工管理 土日/建築士／住宅手当,2026-06-14,job-engine-hit
ザインエレクトロニクス株式会社,1010001044837,○,求人ボックス,12,神田／FAE 技術営業／中国事業の牽引をお任せ／スタンダード/東京・神田／品質保証・品質管理職 中国工場向け／監査、改善活/神田／半導体の企画提案営業・管理職候補／スタンダード上場／グ/神田／転勤無／アナログLSIエンジニア 新製品企画・開発 量/神田／転勤無／デジタルLSIエンジニア 新製品企画・開発 量,2026-06-14,job-engine-hit
東レプラスチック精工株式会社,1010001051932,○,求人ボックス,8,東京「営業」モノづくりを支える／年休121日／経験者歓迎/営業職/東レグループ郡山工場で開発・技術職／社宅制度有、福利厚生充実/樹脂成形品のルート営業／海外・国内出張あり／福利厚生／社宅あ/素材メーカー樹脂製品のルート営業・契約社員登用あり／在宅勤務,2026-06-14,job-engine-hit
株式会社ビッグアビリティ,1010001055157,○,求人ボックス,1,医療事務・受付 医療事務ベテランさん活躍中 レセプトチェック,2026-06-14,job-engine-hit
丸三証券株式会社,1010001057236,○,求人ボックス,15,麹町／インフラエンジニア システム企画／業界未経験歓迎／管理/麹町／総務・管理職候補 創業100年超の総合証券 ポジティブ/麹町／人事採用・管理職候補 創業100年超の総合証券 ポジテ/未経験から「コンサルティング営業」に挑戦!／年休123日／実/総合職／全国／資産運用アドバイザー 26卒可・未経験・第二新,2026-06-14,job-engine-hit
株式会社東京エコール,1010001059174,○,求人ボックス,1,2027 新卒採用 商社／文具・事務用品・日用品,2026-06-14,job-engine-hit
日本検査キューエイ株式会社,1010001062013,,,,,2026-06-14,not-found
株式会社ジェイック,1010001066022,○,求人ボックス,2,新卒エージェント 営業アシスタント/就職率80%超の実績を創るキャリアアドバイザー,2026-06-14,job-engine-hit
株式会社イーブックイニシアティブジャパン（閉鎖）,1010001069108,,,,,2026-06-14,not-found
株式会社ＩＤＯＭ,1010001069520,○,求人ボックス,25,中古車販売店での事務スタッフ／働くならガリバーで!事務スタッ/「入社祝い金50万円」業界を牽引する自動車買取／販売事業のチ/「店長確約／入社祝い金50万円」業界を牽引する自動車買取・販/ドライバー／大型ドライバー／洗車 週3日~OK 普通免許でO/「管理職／セールス」「年収事例800~1350万円」自動車業,2026-06-14,job-engine-hit
株式会社フェローテック,1010001075980,○,求人ボックス,17,年間休日125日／世界シェア7割を誇るスタンダード上場のグロ/「千葉工場 製造責任者管理職」世界シェア70%を誇る半導体成/「岡山工場 製造責任者管理職」世界シェア70%を誇る半導体成/「半導体製造装置部品の海外営業管理職」世界シェア70%を誇る/「情報システム部管理職」年間休日125日／世界シェア7割を誇,2026-06-14,job-engine-hit
株式会社アイ・ラーニング,1010001081896,○,求人ボックス,21,本社事務スタッフ/日本橋／法人向けPM研修企画開発アドバイザー／プリセールス／/サービス管理責任者／有資格者／障がい者施設／年休110日以上/東京／新卒向けIT研修企画 在宅可／フルフレックス／転勤なし/東京／法人向け研修営業 リモート可／フルフレックス／既存中心,2026-06-14,job-engine-hit
フロンティアコンストラクション＆パートナーズ株式会社,1010001083026,○,求人ボックス,5,週2日～OK!日給2万円／監理・監修業務／技量を活かせるスペ/キッチン・ホールスタッフ/建設工事の施工管理アシスタント/販売・サービス/設計監理など建設技術職,2026-06-14,job-engine-hit
株式会社ライトワークス,1010001084197,○,求人ボックス,23,現場作業員/要件定義担当／ソフトウェア／パッケージベンダ/システム開発エンジニア／ソフトウェア／パッケージベンダ/システム開発エンジニア/クラウドインフラエンジニア／ソフトウェア／パッケージベンダ,2026-06-14,job-engine-hit
株式会社トレードワークス,1010001085245,○,求人ボックス,20,React／TypeScript／ネット証券システムのフロン/PL／PM 「金融業界経験者歓迎・」／システムインテグレータ/フロントエンドエンジニア「金融ソリューション」／システムイン/赤坂・PM経験者向け／PM プレイング兼務／自社金融プロダク/フロントエンドエンジニア／システムインテグレータ・ソフトハウ,2026-06-14,job-engine-hit
日新興業株式会社,1120001057571,○,求人ボックス,11,大阪市／サービスエンジニア「未経験歓迎」 業界トップシェア／/建築・土木／建築・土木系／搬入・荷揚げ 社員になりたいを応援/「総合職 」賞与昨年実績6.4ヶ月」年休128日/防水工事の営業及び現場員/舗装工事の技能工,2026-06-14,job-engine-hit
日本インターシステムズ株式会社,1120001059320,,,,,2026-06-14,not-found
エイチ・ツー・オーリテイリング株式会社,1120001059683,○,求人ボックス,3,"時給1,360円 保育士資格を活かす／「川西市」企業内保育／/「スクラムマスタ​」関西を代表する小売を核とした生活産業グル/小規模 認可外保育園の保育士",2026-06-14,job-engine-hit
株式会社アイビックス関西,1120001059857,○,求人ボックス,3,早朝専属、商業施設の清掃・掃除機掛け／大阪府吹田市/美浜発電所／美浜原子力PRセンターでの正社員施設警備スタッフ/清掃業務スタッフ／大阪府大阪市西区,2026-06-14,job-engine-hit
株式会社パソナジョイナス,1120001062472,○,求人ボックス,25,建築施工管理/一般事務・OA事務／東京駅直結で雨でも快適サポート事務電話少/データ入力・タイピング／週4日勤務 人気の官公庁でオシゴト電/一般事務・OA事務／谷町四丁目大手テレビ局でサポート事務残業/一般事務・OA事務／紹介予定派遣大手テレビ局でのサポート事務,2026-06-14,job-engine-hit
積水ハウス不動産株式会社,1120001062571,○,求人ボックス,4,博多駅徒歩1分／経理担当 積水ハウスG／年休129日 土日祝/「東京吉祥寺」S造集合住宅の意匠設計/渋谷／発注者／不動産開発の技術プロジェクトマネジメント 休1/「兵庫／施工管理／戸建て」「木造・S造」戸建ての施工管理／関,2026-06-14,job-engine-hit
株式会社きんでん,1120001063033,○,求人ボックス,25,電気施工管理／プライム上場企業／年休127日／土日祝休／リモ/「管理職候補／土木施工管理・技術士」電力安定供給設備設置案件/「電気計装技術者／東証プライム」1944年創業 総合設備のリ/調理師／常勤／学童／太田川 名鉄常滑線/「建築技術者監理技術者／施工管理／東証プライム」創業75年の,2026-06-14,job-engine-hit
大成機工株式会社,1120001066556,○,求人ボックス,6,梅田／役員運転手 年休128日／土日祝休／残業5h／基本日勤/サービスエンジニア/2028 インターンシップ 電力・ガス・水道・エネルギー/2027 新卒採用 金属製品/サービスエンジニア見習い／学歴不問／実務未経験歓迎／完全週休,2026-06-14,job-engine-hit
東洋紡エンジニアリング株式会社,1120001067827,○,求人ボックス,4,栃木／宇都宮／建築設計技術者 発注側／未経験歓迎／転勤なし／/創業140年以上の安定企業で活躍! 製造スタッフ/未経験OK! 検査スタッフ 新築の独身寮完備 家具家電付き/製造スタッフ／未経験歓迎／残業月平均14時間／賞与4.23ヶ,2026-06-14,job-engine-hit
阪神千代田株式会社,1120001069253,○,求人ボックス,2,大手企業物流倉庫の設備管理スタッフ/物流倉庫の設備管理スタッフ,2026-06-14,job-engine-hit
株式会社ＣＹＬＬＥＮＧＥ,1120001070120,○,求人ボックス,1,年収750万円スタートも目指せる 総合職 労務／経理 年休1,2026-06-14,job-engine-hit
小泉産業株式会社,1120001077413,○,求人ボックス,3,施工管理募集!創業39年「民間×公共」の両輪で社会に貢献/大阪／本町／Webマーケター 自社ECサイトの立ち上げ／年1/大阪／WEBマーケティング,2026-06-14,job-engine-hit
井澤金属株式会社,1120001077347,○,求人ボックス,10,法人営業/営業職/倉庫作業員 名古屋／転勤なし 年休126日/2027 新卒採用 商社／鉄鋼・金属/法人営業／土日祝休み／ブランクOK／フリーターOK／転勤なし,2026-06-14,job-engine-hit
株式会社関西アーバン銀行（閉鎖）,1120001076365,,,,,2026-06-14,not-found
株式会社リヒトラブ,1120001077594,○,求人ボックス,2,28卒 ／ オープン・カンパニー&キャリア教育等/2027 新卒採用 文具・事務機器関連,2026-06-14,job-engine-hit
株式会社コーユービジネス,1120001079599,○,求人ボックス,2,インフラエンジニア／未経験OK／客先常駐ナシ／残業少なめ／土/営業サポート ワークライフバランスOK 未経験歓迎 創業65,2026-06-14,job-engine-hit
シキボウリネン株式会社,1120001080945,○,求人ボックス,4,週2日～可の工場内作業/クリーニング店の受付スタッフ/クリーニング工場内軽作業/クリーニング店舗受付スタッフ,2026-06-14,job-engine-hit
株式会社出版文化社,1120001081431,○,求人ボックス,1,DTPオペレーター,2026-06-14,job-engine-hit
清和肥料工業株式会社,1120001082578,○,求人ボックス,3,福島／いわき／肥料製造スタッフ 未経験歓迎／老舗肥料メーカー/軽作業・検査・ピッキング/短時間OKの工場内清掃スタッフ／未経験歓迎・扶養内OK・車通,2026-06-14,job-engine-hit
株式会社タクミナ,1120001083948,○,求人ボックス,22,「調理師」/「生産技術DX化・自動化推進」/兵庫／朝来／機械設計・小型ポンプシェアトップクラスメーカー／/「スムーズフローポンプの設計開発」/「経理」,2026-06-14,job-engine-hit
株式会社パルグループホールディングス,1120001087503,○,求人ボックス,10,「店舗開発」3COINS等・人気ブランドの出店戦略/「内装管理」3COINS等・人気ブランドのパルグループ/明治神宮前／店舗開発 商談など 東証プライム上場／「3COI/「生産管理」東証プライム上場パルグループ／60超ブランドを支/「企画生産」東証プライム上場パルグループ／60超ブランドを支,2026-06-14,job-engine-hit
株式会社バルニバービ,1120001087528,○,求人ボックス,9,総務/ホール／フード系／サービス系 梅田アクセス良好／朝8~13時/グラフィックデザイン/店舗設計・デザイン/152年の歴史あるナポリピッツェリアのキッチンスタッフ,2026-06-14,job-engine-hit
株式会社ワークステーション,1120001092585,○,求人ボックス,3,小さな部品の検査 袋詰め/防災器具の顧客管理営業/ホテルフロント・コンシェルジュ,2026-06-14,job-engine-hit
株式会社フュートレック（閉鎖）,1120001095092,,,,,2026-06-14,not-found
株式会社ウィル・インターナショナル,1120001094367,○,求人ボックス,7,レア求人!20～30代活躍中 英語×国際イベント運営／未経験/理学療法士・PT「7月急募」／訪問リハビリ／訪問看護／常勤／/苅藻駅より徒歩10分の訪問看護ステーションの作業療法士／作業/訪問看護師／正看護師免許・平日週2日～勤務／9時～18時の間/英語×国際イベント運営／未経験OK／20代～30代活躍中,2026-06-14,job-engine-hit
株式会社タスクフォース,1120001098013,○,求人ボックス,25,横浜／制御系開発エンジニア 上流工程／成長支援／安定基盤 大/長期就業×安定性／生産管理システム開発エンジニア／鉄鋼・製造/看護助手／主婦・主夫活躍中／17:00～23:00／週5日～/オープニングスタッフ／主婦・主夫活躍中／17:00～23:0/長期就業×安定性／開発エンジニア PL候補／年間休日122日,2026-06-14,job-engine-hit
株式会社イオシス,1120001098434,○,求人ボックス,5,未経験OK!服装髪型自由!スマホ・PC販売と買取スタッフ/中古スマホなどの店舗販売スタッフ/リユースショップの店頭スタッフ／正社員登用あり／服装・ネイル/スマホなどのリユースショップの接客販売スタッフ／正社員登用あ/中古スマートフォンなどのショップの接客コンシェルジュ／正社員,2026-06-14,job-engine-hit
株式会社中日総合サービス,1180001037956,○,求人ボックス,2,法人営業、企画営業/営業事務、データ入力,2026-06-14,job-engine-hit
株式会社ＦＯＶＡテック,1180001038459,○,求人ボックス,1,経験者歓迎! フィールドエンジニア インセンティブあり,2026-06-14,job-engine-hit
富士ビジネス・マシンズ株式会社,1180001040299,○,求人ボックス,1,営業職,2026-06-14,job-engine-hit
株式会社エースベーキング,1180001045182,○,求人ボックス,1,一般事務「製パン会社」／残業ほぼなし／完全週休二日制／PC入,2026-06-14,job-engine-hit
株式会社宮崎,1180001045546,○,求人ボックス,3,株式会社宮崎南不動産「アパマンショップ」 売買営業経験者募集/木製品・家具などの製造補助/介護福祉士／生活相談員／賞与年2回／デイサービス事業所／日勤,2026-06-14,job-engine-hit
株式会社ＯＪＴソリューションズ,1180001051222,,,,,2026-06-14,not-found
株式会社コモ,1180001075799,○,求人ボックス,17,2027 新卒採用 食品/「コンサル」食の未来を創る 定性データ×食の専門知識で大手食/事務／未経験 安定インフラ企業・17時定時・休暇の取得がしや/「営業職」顧客開拓／広報宣伝／企業のブランド戦略 × クリエ/事務職／正社員登用実績100%／未経験／女性活躍／データ入力,2026-06-14,job-engine-hit
岩田食品株式会社,1180001082184,○,求人ボックス,8,2027 新卒採用 食品/お惣菜の盛り付け・シール貼り/お惣菜のパック詰め作業/お弁当の盛り付け・シール貼り/スーパーでお惣菜の調理・陳列,2026-06-14,job-engine-hit
東名通信工業株式会社,1180001086061,○,求人ボックス,2,稲沢市／総務 人事・経理など／完全週休二日制／残業月10h／/NTTグループ取引で安定／企画総務部で経理・総務ポジション／,2026-06-14,job-engine-hit
ＮＫＫスイッチズ株式会社,1020001066839,○,求人ボックス,11,スイッチ部品の検査スタッフ/障がい者採用／「障」館内清掃/川崎／経理 係長／東証スタンダード上場／世界トップシェアのス/川崎／課長／経理・東証スタンダード上場／ミドル層活躍中／シェ/川崎／課長／総務 株主総会・会社行事運営等／東証スタンダード,2026-06-14,job-engine-hit
セントラル総業株式会社,1020001067993,○,求人ボックス,2,学校給食の配送管理 未経験歓迎 月給30万円～／基本17時退/9時半～15時半・平日のみ・扶養内OK 30～60代活躍中!,2026-06-14,job-engine-hit
秋山商事株式会社,1020001071780,○,求人ボックス,2,クリーンスタッフ,2026-06-14,job-engine-hit
株式会社日本海洋科学,1020001077159,,,,,2026-06-14,not-found
東芝電波プロダクツ株式会社,1020001081053,○,求人ボックス,2,2027 新卒採用 総合電機/ソフトウェア開発／土日休み／年間休日120日以上／経験者歓迎,2026-06-14,job-engine-hit
株式会社ニッツウ警備保障,1020001086432,,,,,2026-06-14,not-found
株式会社グッドライフ,1021001000589,○,求人ボックス,11,理学療法士／株式会社グッドライフケア東京/実務者研修／介護職員・ヘルパー／寮あり／グループホーム／日勤/介護職員／介護福祉士／実務者研修／初任者研修／日勤のみ／介護/介護職員／初任者研修／デイサービス／日勤のみ／介護/介護職員／介護福祉士／実務者研修／初任者研修／デイサービス／,2026-06-14,job-engine-hit
株式会社オービーエム管財,1021001032459,○,求人ボックス,1,公共施設内巡回清掃,2026-06-14,job-engine-hit
株式会社西原商会九州,1290001038480,○,求人ボックス,1,配送7割・営業3割／ルートセールス／転勤なし,2026-06-14,job-engine-hit
株式会社スマイル企画,1290001045015,○,求人ボックス,1,保育士,2026-06-14,job-engine-hit
株式会社ＱＣＬ,1290001058636,○,求人ボックス,5,配達／PC・データ入力 普通免許があればOK ルート集配スタ/医療検査物のルート回収・配送/内勤作業を含むルート配送ドライバー/受電対応事務スタッフ/検査物ルート集配スタッフ,2026-06-14,job-engine-hit
株式会社ザイマックス九州,1290001062968,○,求人ボックス,4,福岡勤務! プロパティマネジメント 年休120日/電気主任技術者/プロパティマネジメント／オフィスビル／土日祝休み/施工管理 電気 「1級電気工事施工管理技士」／正社員 福岡,2026-06-14,job-engine-hit
エイジス九州株式会社,1290001100091,○,求人ボックス,2,ディスカウントストアでの軽作業スタッフ/大阪 アルバイト管理 第二新卒歓迎／棚卸業界国内シェア8割・,2026-06-14,job-engine-hit
東洋警備保障株式会社,1290801002636,○,求人ボックス,4,老舗企業で働く様々な印刷物・販促物を扱う「広告企画営業」/駅チカ／景気に左右されないセキュリティスタッフ／面接1回／第/交通誘導スタッフ／40代活躍中／安定の8h勤務／週1～／直行/老舗企業で働く!様々な印刷物・販促物を扱う 広告企画営業,2026-06-14,job-engine-hit
ＪＲ九州サービスサポート株式会社,1290801005366,○,求人ボックス,6,ホテル清掃/病院内の清掃スタッフ/病院内清掃スタッフ/清掃スタッフ/ホテルの客室清掃,2026-06-14,job-engine-hit
九州美装株式会社,1290801009128,○,求人ボックス,2,清掃 未経験歓迎 16時退社 中高年·シニアも活躍中 病院清/清掃／医療・介護・福祉系／サービス系 未経験スタート大歓迎 ,2026-06-14,job-engine-hit
安全警備株式会社,1290801009573,○,求人ボックス,3,マンションの夜間警備／未経験無資格OK／西神中央駅スグ／制服/私服警備員スタッフ,2026-06-14,job-engine-hit
鉄鋼処理産業株式会社,1290801012296,○,求人ボックス,1,構内作業員,2026-06-14,job-engine-hit
株式会社アスモフードサービス東日本,1430001072317,○,求人ボックス,24,調理・給食スタッフ/給食委託会社でのエリアマネージャー/給食委託会社での準マネージャー職/高齢者施設の調理業務/有料老人ホームでの調理,2026-06-14,job-engine-hit
函館環境衛生株式会社,1440001001621,,,,,2026-06-14,not-found
株式会社コンピューター・ビジネス,1450001001133,○,求人ボックス,1,プログラマ,2026-06-14,job-engine-hit
環境コンサルタント株式会社,1460001000241,○,求人ボックス,1,各調査技術スタッフ,2026-06-14,job-engine-hit
東洋株式会社,1460101001189,○,求人ボックス,14,バス運転士／大型バス/認定整備工場での整備士／賞与年2回／中高年世代も活躍中/介護福祉士／介護職員・ヘルパー／寮あり／サービス付き高齢者専/介護福祉士／サービス提供責任者／訪問介護事業所／日勤のみ/「東京」事業用不動産の期中管理業務担当／残業月平均20時間／,2026-06-14,job-engine-hit
北海道道路保全株式会社,1460101001627,,,,,2026-06-14,not-found
桑原電装株式会社,1460301000346,○,求人ボックス,2,作業員／未経験OK／社会保険完備/大手通信キャリアのショップスタッフ,2026-06-14,job-engine-hit
株式会社三共後藤建設,1460301001253,○,求人ボックス,1,建築施工管理／2級建築施工管理技士,2026-06-14,job-engine-hit
地崎商事株式会社,2430001010424,○,求人ボックス,6,ガソリンスタンドスタッフ／未経験OKENEOS特約店／賞与年/ガソリンスタンドスタッフ／ENEOS／賞与年3回・休日120/ガソリンスタンドの店舗社員/エネオスのガソリンスタンドスタッフ/ENEOSガソリンスタンドスタッフ・接客販売,2026-06-14,job-engine-hit
株式会社日総,2430001012643,○,求人ボックス,24,"札幌／庶務 リーダークラス／給食委託の道内パイオニア／安定基/集団調理・ケータリング, 給食・社員食堂・介護・病院／その他/集団調理・ケータリング, 給食・社員食堂・介護・病院／スーパ/調理師／介護施設／調理／賞与年2回／残業代別途支給/調理師／福祉施設／調理／月9日休み／賞与年2回",2026-06-14,job-engine-hit
ライラック興業株式会社,2430001018120,○,求人ボックス,2,札幌／水質検査スタッフ 公共インフラを担う事業で安定性抜群／/土日祝休みの電話受付・伝票作成スタッフ,2026-06-14,job-engine-hit
株式会社札幌映像プロダクシヨン,2430001019622,,,,,2026-06-14,not-found
日本山村硝子株式会社,1140001054947,○,求人ボックス,10,ガラスびんの製品切替えや機械保全/ガラスびんの生産オペレーター／「工場内の生産オペレーター」未/相模原／未経験歓迎／製造スタッフ 東証上場 ガラス瓶国内シェ/横浜市／研究開発 光学レンズ／光学薄膜の設計／ガラスびん国内/誰もが知る有名メーカーのガラスびんを手がける「製造スタッフ」,2026-06-14,job-engine-hit
永井産業株式会社,1140001060318,,,,,2026-06-14,not-found
ハリマ共和物産株式会社,1140001060846,○,求人ボックス,12,姫路／転勤無し／総務 社内規定の改定・株主総会の運営等／人財/姫路／転勤無し／経理・財務 サブマネージャー候補／大手チェー/姫路／人事全般／キャリアアップ志向歓迎 創業100年超×上場/検品／品出し／軽作業・物流系 新センター 週3日~OKの簡単/品出し／検品／軽作業・物流系 久しぶりのパート も安心 主婦,2026-06-14,job-engine-hit
株式会社ワンステップ,1140001062280,○,求人ボックス,10,未経験から始められる不動産事務/未経験活躍! 反響営業の賃貸不動産ルームアドバイザー/介護職員・ヘルパー／介護福祉士／デイサービス／日勤のみ／土日/相模原市中央区 放課後等デイサービスの保育士／複数園あり／駅/理学療法士・PT「7月急募」／介護施設／デイサービス／常勤／,2026-06-14,job-engine-hit
新明和ソフトテクノロジ株式会社,1140001069045,○,求人ボックス,25,ヘルプデスク/「兵庫県西宮市／インフラエンジニア」G全体のIT基盤を支える/「神奈川県寒川町／システム運用保守」特装車製造を支えるITシ/栃木県佐野市／システム運用保守／システム運用・保守／ヘルプデ/「神奈川県川崎市／SE PL候補」製造業向けシステム開発をリ,2026-06-14,job-engine-hit
株式会社ジオテクノ関西,1140001068971,○,求人ボックス,2,兵庫西宮／経理職「管理職候補ポジション」業務改善や体制作りに/データ入力、タイピング PC・パソコン・インターネット、CA,2026-06-14,job-engine-hit
株式会社ＮＥＯ　ＤＡＩＳＥＩ,1140001077898,○,求人ボックス,1,姫路事業所 道路メンテナンスの施工管理,2026-06-14,job-engine-hit
トレスエンジニアリング株式会社,2100001015489,○,求人ボックス,1,電気工事作業員 高卒以上・職務経験・資格不問,2026-06-14,job-engine-hit
株式会社山本清掃,2130001011948,,,,,2026-06-14,not-found
株式会社ジェイ・エス・ビー,2130001017499,○,求人ボックス,20,調理スタッフ／高齢者施設／賞与あり/調理責任者／食事付き学生マンション／土日祝休み/調理業務／高齢者住宅の厨房サポート業務／主婦さん活躍中/学生向け住宅施設のパンフレット配布業務/調理補助／食事付き学生マンション／土日祝休み,2026-06-14,job-engine-hit
株式会社地域計画建築研究所,2130001018043,○,求人ボックス,1,神田／都市計画・まちづくりコンサルタント／管理職候補／転勤無,2026-06-14,job-engine-hit
株式会社演算工房,2130001020098,○,求人ボックス,14,AIエンジニア・データサイエンティスト/京都・下京区／AIシステム開発エンジニア パッケージ開発／機/京都・下京区／三次元点群解析ソリューション開発エンジニア パ/AIシステム開発エンジニア／機械学習開発経験お持ちの方歓迎／/三次元点群解析ソリューション開発エンジニア／世界的にも高いシ,2026-06-14,job-engine-hit
株式会社トーセ,2130001030304,○,求人ボックス,21,VFXアーティスト/八王子／社内SE インフラ担当／年休125日／平均残業25H/八王子／組み込みエンジニア・9割エンジニア・生涯エンジニア目/八王子／プライム上場東京精密G「WEBアプリケーション開発」/ポテンシャル採用／八王子／組み込みエンジニア 半導体製造装置,2026-06-14,job-engine-hit
株式会社関東甲信クボタ,1030001072877,○,求人ボックス,3,さいたま市／建築施工管理／クボタG 安定基盤／月3週は土日休/「総合職 」毎週日曜休み+土曜休み月平均2回以上/2027 新卒採用 商社／機械・プラント・環境,2026-06-14,job-engine-hit
株式会社バッファロー,1030001076804,○,求人ボックス,10,情報システム導入・運用保守/「名古屋」知的財産管理/丸の内／フィールドエンジニア ネットワーク／自社勤務／東証ス/丸の内／インフラエンジニア ネットワーク／BPO／自社勤務／/SE,2026-06-14,job-engine-hit
関東建設マネジメント株式会社,1030001098427,○,求人ボックス,1,「関東圏内」国道の道路許認可審査・適正化指導業務発注者支援業,2026-06-14,job-engine-hit
朝日アグリア株式会社,1030001135964,○,求人ボックス,4,しっかり稼げる 製造スタッフ／賞与年2回 03／069/肥料の製造スタッフ／賞与年2回／地域手当・職種手当・食事補助/夕方まで 肥料の製造スタッフ／賞与年2回 02／069/肥料製造及び設備の維持管理,2026-06-14,job-engine-hit
株式会社ＤＮＰデータテクノ,1050001028118,,,,,2026-06-14,not-found
朝日工業株式会社,2013301000418,○,求人ボックス,8,土木工事関連 作業員/東京／構造設計／鉄筋の検定など 創業90年超の安定性 インフ/成型・準備作業者/成型技能/製造オペレーター／ほぼ全員が未経験スタート／日勤／土日祝休み,2026-06-14,job-engine-hit
日本環境クリアー株式会社,2030001006446,○,求人ボックス,1,院内の清掃スタッフ,2026-06-14,job-engine-hit
ビソー工業株式会社,2030001007106,○,求人ボックス,3,清掃作業／未経験OK／年齢不問／中高年活躍中/現場管理、書類作成業務/完全土日祝休み!ハウスクリーニング事業部の営業!しっかりサポ,2026-06-14,job-engine-hit
株式会社サイオー,2030001012551,○,求人ボックス,2,公共施設での常駐設備管理/巡回設備管理スタッフ,2026-06-14,job-engine-hit
株式会社ビクセン,2030001024877,,,,,2026-06-14,not-found
株式会社鴨川グランドホテル（閉鎖）,1040001074815,,,,,2026-06-14,not-found
株式会社ミック,2011101020553,○,求人ボックス,25,建築・土木現場での施工管理/札幌「MAC」／ソフトウェア／パッケージベンダ/MMC PM「名古屋」／ソフトウェア／パッケージベンダ/データ入力・タイピング／オシャレ放題PCスキル不問・事務デビ/MMC 開発エンジニア「名古屋」／ソフトウェア／パッケージベ,2026-06-14,job-engine-hit
株式会社エイド,2040001000836,○,求人ボックス,11,実務者研修／介護職員・ヘルパー／賞与4.35ヶ月分／訪問介護/カウンセラー／快適なクリニック内／未経験OK／医療業界で安定/看護師／「大阪府／大阪市東住吉区」月収29万円～・マイカー通/訪問介護の介護職／介護福祉士／介護士／日勤のみ/ケアマネージャー／交通費支給／夜勤なし／定年65歳／ヘルパー,2026-06-14,job-engine-hit
株式会社京葉ビル管理,2040001019257,,,,,2026-06-14,not-found
株式会社市進ホールディングス,2040001025619,○,求人ボックス,25,個別指導講師/個別指導・オンライン指導/塾・家庭教師／個太郎塾 横浜高田教室/塾・家庭教師／個太郎塾 新中野教室/塾・家庭教師／個太郎塾 浅草教室,2026-06-14,job-engine-hit
株式会社加藤新聞舗,2040001025932,○,求人ボックス,4,マックデリバリー/新聞配達アルバイト,2026-06-14,job-engine-hit
株式会社マツキヨココカラ＆カンパニー,2040001040238,○,求人ボックス,2,品出し ピッキング／ドラッグストア/調剤薬局の薬剤師,2026-06-14,job-engine-hit
加賀ソルネット株式会社,1010001087332,○,求人ボックス,10,東京勤務「法人営業」完全週休二日制 祝年休123日/大阪勤務「法人営業」年休123日 業界大手の東証上場Gr会社/東京／八丁堀／購買 東証プライム上場加賀電子G／IT機器や日/社内Webデザイナー・エンジニア／経験者優遇／在宅可／残業少/東京／八丁堀／貿易業務 東証プライム上場加賀電子G／IT機器,2026-06-14,job-engine-hit
アイティメディア株式会社,1010001092299,○,求人ボックス,16,年間休日122日／第二新卒歓迎／リモート可／東証プライム上場/プロジェクトマネージャー／フロントエンド領域／リモート中心／/財務経理部責任者候補「自社メディア／プライム上場／ソフトバン/フルリモート／制作進行管理 期限付き契約社員／国内最大級メデ/東京／法務担当 リーダー候補／プライム市場上場企業のを牽引 ,2026-06-14,job-engine-hit
株式会社三友システムアプレイザル,1010001094048,○,求人ボックス,2,フリーランス・働き方自由・不動産の調査員募集/不動産調査スタッフ／第二部／書類作成と顧客対応を両立／年間休,2026-06-14,job-engine-hit
グローウィン・パートナーズ株式会社,1010001094857,○,求人ボックス,25,未経験から次世代の経営人材へ／GWP 会計×ITで企業の変革/「未経験者歓迎」M&Aアドバイザー/M&Aアドバイザー/東京／クロスボーダーM&A・コンサルティング・海外事業戦略に/マーケティング・オペレーションズMOps／データストラテジス,2026-06-14,job-engine-hit
株式会社ケンツー,1010001098247,○,求人ボックス,13,一般事務・営業事務/サービスエンジニア・サポートエンジニア/三重・和歌山 ケーブルテレビ・スマホショップでの接客業務/未経験コールセンタースタッフ／問い合わせ対応/千里中央／ATMオートフォンに関するカスタマーサポート／未経,2026-06-14,job-engine-hit
日鉄物流株式会社,1010001098619,○,求人ボックス,12,カムバック採用名古屋支店/日本橋／リモート可／社内SE システムの改善やDX推進をお任/福岡／機工・施工管理部門 設備／研修や福利厚生 夜勤なし／寮/運転手・ドライバー/兵庫・姫路／製缶品の企画・設計 フレックス／寮・社宅支援制度,2026-06-14,job-engine-hit
アウトルックコンサルティング株式会社,1010001098759,○,求人ボックス,19,週2回リモート可／自社開発エンジニア／開発言語C#／経営管理/自社プロダクトへのAI機能実装! LLM×エンタープライズ経/プロダクトを技術で進化させる!テスト戦略・品質プロセス設計に/自社製品開発エンジニア／都営浅草線大門駅から徒歩4分／東京都/開発エンジニア／都営浅草線大門駅から徒歩4分／港区／業務系S,2026-06-14,job-engine-hit
株式会社バリューデザイン,1010001101786,○,求人ボックス,16,システムエンジニア「SE」／インターネット／Webサービス・/営業職既存／キャッシュレス×IT領域で顧客の成功に伴走するア/「新規サービス推進」未経験から事業づくりに関わる企画・調整ポ/自社プロダクトUI／UX・Webデザイン／独自Pay 約13/「企画職」次世代の収益基盤を創る、新規事業の立ち上げポジショ,2026-06-14,job-engine-hit
株式会社クロスパワー,1010001103634,○,求人ボックス,1,AWS・アプリ・フルスタック・／最大4か月研修／AWS未経験,2026-06-14,job-engine-hit
サインポスト株式会社,1010001107305,○,求人ボックス,19,ITコンサルタント／東証スタンダード上場／金融×DX／残業少/新潟市中央区／DXコンサルタント リーダー／地方企業のDX推/超上流のITコンサルタント／PMO／40代・50代活躍中／7/未経験歓迎／金融機関向け「ITコンサルタント」残業月平均18/ITコンサルタント／PMO・リーダー候補 金融機関のIT課題,2026-06-14,job-engine-hit
株式会社トライ・アットリソース,1010001107536,○,求人ボックス,25,家庭教師のトライのグループ／バックオフィス業務の経験をつもう/書類の作成事務／家庭教師のトライのグループ／事務経験をつもう/「テストモニター」6月21日実施 日給1万円!大量募集!テス/経験者必見 アパレル品撮影!10～19時で安定就業!制服貸与/試験会場での試験監督補助のお仕事!梅ケ丘駅!翌々週払いOKで,2026-06-14,job-engine-hit
株式会社クマヒラ,1010001108872,○,求人ボックス,19,2027 新卒採用 商社／精密機器/「空間デザイン・設計監理」金融店舗やオフィスの空間プランニン/「社内システム企画」社内ITの管理・運営 DX推進 創業12/広島／フレックス／セキュリティ設備の施工管理 年休124日・/「総務部」「戦略総務」としての社内業務改革・DX推進 創業1,2026-06-14,job-engine-hit
株式会社チームスピリット,1010001116826,○,求人ボックス,23,自社SaaS 東証上場×勤怠管理DX／インフラ経験を生かして/プロダクトマネージャー「新規AIエージェント開発担当PdM」/プロダクトコンサルタント「中小企業向オンボ担当」／インターネ/「セールスエンジニアプリセールス」東証グロース市場上場!／日/「運用支援コンサルタント」エンタープライズSaaS運用サポー,2026-06-14,job-engine-hit
リックソフト株式会社,1010001124218,○,求人ボックス,17,「上場企業で安定就業」給与計算・労務事務スタッフを募集します/クラウドサービスエンジニア／東京都／東京メトロ半蔵門線九段下/クラウドエンジニア／千代田区大手町／東京都／東京メトロ東西線/クラウドサービスエンジニア 運用自動化など業務改善ツールの開/東京／プリセールス・30万社以上導入のITツール リモート可,2026-06-14,job-engine-hit
オフィスコム株式会社,1010001125570,○,求人ボックス,2,ECサイトのカスタマーサポート／販売接客経験行かせるオフィス/情報システム開発エンジニア／総合商社・専門商社,2026-06-14,job-engine-hit
ソフトブレーン株式会社（閉鎖）,1010001132006,,,,,2026-06-14,not-found
株式会社エー・エム・サポート,1010001133763,○,求人ボックス,4,「薬剤師」年収500～550万円 南海バス まんざきバス停／/薬剤師調剤薬局での勤務／橋本市でのお仕事/「薬剤師」年収500～550万円 JR阪和線／調剤薬局／資格/調剤事務／年収280～364万円 年間休日120日×週休2.,2026-06-14,job-engine-hit
株式会社コンステック,1120001108515,○,求人ボックス,24,宮城／構造設計／耐震診断・補強設計/建築施工管理/熊本／建築施工管理 改修／年間休日115日／残業月30時間／/松山／建築施工管理 改修／年間休日115日／残業月30時間／/東京／建築施工管理 改修／年間休日115日／残業月30時間／,2026-06-14,job-engine-hit
ＭＲＫホールディングス株式会社,1120001120362,○,求人ボックス,5,大阪本社／法務担当／上場企業で経験を活かしながら成長 在宅週/大阪／梅田／経営企画「管理職または管理職候補」・在宅勤務推奨/大阪本社／総務 休日126日・土日祝休・残業少 RIZAPグ/経営企画／大阪 在宅勤務週に4回可能／スタンダード上場G企業/総務／大阪 RIZAPグループ／東証スタンダード上場／リモー,2026-06-14,job-engine-hit
株式会社キングプリンターズ,1120001122177,○,求人ボックス,2,製造スタッフ/未経験者大歓迎!印刷会社のバックオフィスの事務スタッフ,2026-06-14,job-engine-hit
株式会社カスタマーリレーションテレマーケティング,1120001123274,○,求人ボックス,25,"コールセンター管理・運営/大阪法人様向け訪問営業 スタンドード上場グループインセンティ/フィールドセールス／賞与あり／急募／未経験OK／土日休み／年/フィールドセールス／交通費支給／年間休日110日／土日休み／/セールス・営業の法人向け,コールセンター管理・運営「SV」・",2026-06-14,job-engine-hit
株式会社イーエフユーアドウィス,1120001129651,○,求人ボックス,1,2027 新卒採用 ソフトウエア,2026-06-14,job-engine-hit
株式会社アクティブゲーミングメディア,1120001139972,○,求人ボックス,2,German Game LQA Tester/ゲームデバッグリーダー「大阪」／ゲーム・エンタメ,2026-06-14,job-engine-hit
株式会社アド近鉄,1120001143421,○,求人ボックス,6,施工管理/建築施工管理/「大阪」駅案内広告物の施工管理 「近鉄グループホールディング/大阪市／駅広告・案内表示の施工管理 未経験OK／直行直帰・フ/名古屋／駅広告・案内表示の施工管理 未経験OK／フレックス／,2026-06-14,job-engine-hit
株式会社エクセディ,1120001147463,○,求人ボックス,22,人事／採用/「インド市場×小型EV」モータ設計開発 電動駆動ユニットのコ/「IR／SR担当」世界トップクラスシェア×第二の創業期 変革/駐在／インド／小型電動商品の設計開発・試験評価 英語活かす／/「インド市場×小型EV」調達・購買 グローバルサプライチェー,2026-06-14,job-engine-hit
株式会社ｅＷｅＬＬ,1120001171257,○,求人ボックス,17,医療事務募集/駅直結／訪問看護医療事務 レセプト作成等／在宅医療DX推進・/東京／日本橋／訪問看護医療事務 レセプト作成等／在宅医療DX/在宅医療領域を支えるお仕事!自社SaaS「訪問看護専用の電子/SaaS型業務支援ツールの提案営業／グロース市場上場の安定成,2026-06-14,job-engine-hit
瀧上工業株式会社,1180001089667,○,求人ボックス,5,2027 新卒採用 金属製品/安全衛生管理／マネージャー候補／東証スタンダード上場／転勤な/安全衛生管理 上場企業×創業130年 年休122日/生産技能/施工管理,2026-06-14,job-engine-hit
ＣＳ警備保障株式会社,1180001101786,○,求人ボックス,1,力仕事ナシで定着率高!高速道路の警備員／早上がりでも日給保証,2026-06-14,job-engine-hit
株式会社はな保育,1180001106348,○,求人ボックス,4,看護師／准看護師募集、年齢不問/園長・保育士募集・ボーナス・賞与あり/看護師 名古屋市立大学医学部附属西部医療センター くさのみ保/認可保育園での保育士,2026-06-14,job-engine-hit
株式会社スリール,1180001105639,○,求人ボックス,11,携帯などの販売サポート・販促スタッフ/介護職員・ヘルパー／介護福祉士／グループホーム／夜勤専従／夜/グループホームの介護職／介護福祉士／介護士／夜勤専従/「言語聴覚士／ST」放課後等デイサービス／年間休日120日以/「管理職 」資格必須／正職員／日勤のみ／グループホーム,2026-06-14,job-engine-hit
名南Ｍ＆Ａ株式会社,1180001116041,○,求人ボックス,1,経験を活かす! M&Aコンサルタント 年俸500万円～,2026-06-14,job-engine-hit
名鉄交通第四株式会社,1180001120646,○,求人ボックス,11,入社祝い金 正社員のタクシードライバー／好待遇/タクシーアプリGO搭載のタクシードライバー 夜勤／中小田井駅/タクシーアプリGO搭載のタクシードライバー 日勤／中小田井駅/タクシードライバー/タクシーアプリGO搭載のタクシードライバー 1勤1休制／中小,2026-06-14,job-engine-hit
株式会社中日ＫＵＢＡＲＵ,1180001151583,○,求人ボックス,1,30～40代・女性も活躍中将来の幹部に「ルート配送・構内作業,2026-06-14,job-engine-hit
株式会社あいちフィナンシャルグループ,1180001153290,,,,,2026-06-14,not-found
ヒューマンズ・ネット株式会社,1021001033060,○,求人ボックス,2,リモート可／サーバーエンジニア 40代活躍中／残業平均17h/組込エンジニア 年休125日・完休2日で働きやすさ,2026-06-14,job-engine-hit
ムラタ計測器サービス株式会社,2020001008096,○,求人ボックス,2,未経験歓迎 戸塚／環境機器の点検・チェック 残業10H・土日/環境×提案力で価値創出 法人営業 年間休日122日／賞与年2,2026-06-14,job-engine-hit
ＪＦＥテクノス株式会社,2020001016727,○,求人ボックス,25,プラント・水門・クレーン等のメンテナンス施工管理/「横浜」クレーンのメンテナンス業務/「横浜」「経験者対象」橋梁のメンテナンス施工管理/横浜／電気設備の施工管理 公共工事／年休126日×土日祝休／/「千葉・成田」電気設備工事における施工計画および施工管理,2026-06-14,job-engine-hit
株式会社サン,1080001001575,○,求人ボックス,3,認可保育園の保育士／小規模保育園／早番パート／駅チカ徒歩2分/総務・法務・人事／事務／PC・データ入力 急募 人事スタッフ/話題の和菓子店の販売スタッフ,2026-06-14,job-engine-hit
株式会社スズキ自販静岡,1080001002284,○,求人ボックス,25,自動車整備士・メカニック／株式会社スズキ自販静岡スズキアリー/自動車整備士・ピットスタッフ／住宅手当／残業手当/自動車整備士・ピットスタッフ/自動車整備士・メカニック/静岡市／営業スタッフ 静岡エリアのお客様に支持されるメーカー,2026-06-14,job-engine-hit
日興美術株式会社,1080001003984,○,求人ボックス,2,浜松／職種未経験可／テクニカルライター・自動車整備士出身者歓/2027 新卒採用 印刷・印刷関連,2026-06-14,job-engine-hit
協和サンシンエンジニアリング株式会社,1080001007894,○,求人ボックス,4,土日祝休み自動制御設計・月25万スタート/プログラム設計技術者・完全週休2日制/電気工事現場監理静岡市清水区で資格取得支援/2027 新卒採用 設備工事・設備設計,2026-06-14,job-engine-hit
德三運輸倉庫株式会社,1080001008810,,,,,2026-06-14,not-found
ヨシコン株式会社,1080001010527,○,求人ボックス,15,不動産企画営業・ディベロッパー／第二新卒歓迎!／スタンダード/不動産企画・不動産開発／社会保険完備／交通費支給／土日祝休み/不動産企画・不動産開発／賞与あり／急募／交通費支給／年間休日/不動産企画・不動産開発/不動産企画・不動産開発／土日祝休み／交通費支給／未経験OK／,2026-06-14,job-engine-hit
日本連合警備株式会社,1080001013224,○,求人ボックス,2,セキュリティスタッフ/日勤パトロール隊員募集!1人でお仕事できます。土日祝のみ 。,2026-06-14,job-engine-hit
臼幸産業株式会社,1080101003959,○,求人ボックス,2,土木施工管理/建築設計／積算職,2026-06-14,job-engine-hit
伊豆総業株式会社,1080101005344,○,求人ボックス,2,三島市の環境美化を支える「ごみ収集車両運転手及び回収作業」/ごみ収集車の運転助手,2026-06-14,job-engine-hit
株式会社東亜ビルサービス,1080101009122,○,求人ボックス,1,短時間で働きやすい!週3回のお掃除の仕事,2026-06-14,job-engine-hit
エンシュウ株式会社,1080401000672,,,,,2026-06-14,not-found
合人社シティサービス株式会社,1240001003308,,,,,2026-06-14,not-found
株式会社水光エンジニア,1240001005122,○,求人ボックス,1,社員ファーストで働きやすさバツグン! メンテナンススタッフ,2026-06-14,job-engine-hit
深川医療器株式会社,1240001017514,○,求人ボックス,1,車椅子等の採寸、販売、修理、福祉用具販売,2026-06-14,job-engine-hit
株式会社大竹山工業所,1240001027240,○,求人ボックス,1,トラック&ダンプドライバー,2026-06-14,job-engine-hit
株式会社アクトシステムズ,1240001029699,○,求人ボックス,3,PM・PL「Web・オープン系」/SE システムエンジニア 医療系パッケージシステムの導入・保/アーキテクト／PM／PL／日本橋 大手リース業界向けシステム,2026-06-14,job-engine-hit
株式会社日本総合科学,1240001032884,,,,,2026-06-14,not-found
株式会社自重堂,1240001033610,○,求人ボックス,9,未経験歓迎／ユニフォーム・ワークウエア提案営業/土日休み／未経験OK／商品受取りパート募集/週休2日／未経験OK／アパレル商品の荷集めパート募集/アパレル商品の入荷商品ケースの受取り、ケース移動/営業,2026-06-14,job-engine-hit
シモハナ物流株式会社,1240001036407,○,求人ボックス,25,倉庫内軽作業スタッフ／主婦・主夫活躍中／08:00～17:0/普通免許始める小型ドライバー／賞与年3回／年休119日／業界/ルートドライバー／ルート配送スタッフ 日帰りできる近距離対応/食品のルート配送スタッフ／食品のルート配送スタッフ 月収40/事務職 日勤,2026-06-14,job-engine-hit
五洋医療器株式会社,1240001039582,○,求人ボックス,1,営業事務・一般事務,2026-06-14,job-engine-hit
株式会社パナソニックシステムネットワークス開発研究所,1370001001190,,,,,2026-06-14,not-found
株式会社植松商会,1370001002651,○,求人ボックス,24,法人営業/ルートセールス・渉外・外商/ルートセールス・渉外・外商／急募／土日祝休み／年間休日125/ルートセールス・渉外・外商／交通費支給／ブランクOK／賞与あ/日本のモノづくりを支える商社の「ルート営業」／未経験者OK,2026-06-14,job-engine-hit
シブヤ食品株式会社,1370001003187,○,求人ボックス,3,お弁当の盛り付け・洗浄/お弁当配送／販売/お弁当配送／配達・配送・デリバリー,2026-06-14,job-engine-hit
葵工業株式会社,1370001004540,○,求人ボックス,1,空調設備工事スタッフ,2026-06-14,job-engine-hit
オリックスレンタカー・カメイ株式会社,1370001007493,○,求人ボックス,25,総務経理事務/店舗スタッフ／オリックスレンタカー津軽海峡フェリー函館ターミ/店舗スタッフ山形空港店/レンタカー店舗スタッフ新青森駅前りんご店/店舗受付・接客スタッフ三陸宮古駅前店,2026-06-14,job-engine-hit
株式会社セント,1370001008806,○,求人ボックス,19,介護福祉士／介護職員・ヘルパー／週休2日／有料老人ホーム／日/介護福祉士／介護職員・ヘルパー／研修体制充実／看護小規模多機/ITコンサルタント「未経験歓迎」／ITコンサルティング/介護福祉士／介護職員・ヘルパー／賞与年2回／訪問入浴事業所／/介護福祉士／サービス提供責任者／賞与年2回／訪問介護事業所／,2026-06-14,job-engine-hit
テスコ株式会社,1370001009259,○,求人ボックス,25,未経験歓迎!食品工場内での排水処理スタッフ/「兵庫」舶用機器のサービス工事コーディネーター工程管理・手配/「兵庫」舶用製品のフィールドサービスエンジニア未経験歓迎/新横浜／産業用X線画像の解析 将来的には開発職もお任せ／残業/「神戸」社内SEIT化推進グローバル人材～将来、海外勤務の可,2026-06-14,job-engine-hit
同和興業株式会社,1370001009416,○,求人ボックス,1,2027 新卒採用 ビル施設管理・メンテナンス,2026-06-14,job-engine-hit
株式会社東北朝日プロダクション,1370001011371,○,求人ボックス,1,経験者歓迎／「ディレクター／TV番組の企画構成・取材・編集／,2026-06-14,job-engine-hit
日本製紙石巻テクノ株式会社,1370301000974,,,,,2026-06-14,not-found
宮城中央ヤクルト販売株式会社,1370801000276,○,求人ボックス,7,保育所・職場見学も実施中!安心の収入補償制度あり 扶養を超え/ヤクルト商品のお届けスタッフ／主婦・主夫活躍中／09:00～/ヤクルトの販売・配達スタッフ／主婦・主夫活躍中／09:00～/ヤクルト販売スタッフ 子育てママ活躍中!土日祝休み!ノルマな/ヤクルトスタッフ,2026-06-14,job-engine-hit
株式会社ひまわり,1370601003025,○,求人ボックス,22,介護福祉士／介護職員・ヘルパー／訪問介護事業所／日勤のみ/介護福祉士／サービス提供責任者／訪問介護事業所／日勤のみ/不動産会社の営業事務スタッフ／駅チカで通いやすい／不動産経験/介護福祉士／生活支援員／研修体制充実／共同生活援助／日勤のみ/介護福祉士／管理者／施設長／ホーム長／賞与2ヶ月分／デイサー,2026-06-14,job-engine-hit
宮城熊さん株式会社,2370001002378,○,求人ボックス,1,発送作業兼配送ドライバー,2026-06-14,job-engine-hit
東北放送株式会社,2370001002452,,,,,2026-06-14,not-found
ユキグニファクトリー株式会社,1010001185037,○,求人ボックス,25,マッシュルームの生産／食品工場／大型免許・車両系建設機械免許/新潟南魚沼／きのこの機能性研究開発・特許申請経験歓迎／プライ/きのこメーカーの「営業」 直行直帰可 福利厚生 未経験歓迎/きのこメーカーの「生産開発職」／未経験者歓迎／残業月5h程度/仙台／きのこの法人営業・プライム上場／直行直帰・リモート可／,2026-06-14,job-engine-hit
ラミコジャパン株式会社,1110001003295,○,求人ボックス,20,パチンコ店・開店前の清掃/ケアマネジャー／車通勤可／介護兼務なし／居宅介護支援事業所／/パチンコ店の開店前清掃スタッフ／長野県中野市/アミューズメント施設の清掃スタッフ／平日のみ・土日のみOK／/福祉用具貸与／販売の福祉用具専門相談員／未経験可／賞与あり,2026-06-14,job-engine-hit
株式会社トップカルチャー,1110001003592,○,求人ボックス,1,28卒 ／ オープン・カンパニー&キャリア教育等,2026-06-14,job-engine-hit
株式会社新潟電装,1110001003956,○,求人ボックス,1,納品・回送 ドライバー／社会保険加入・有給取得推奨,2026-06-14,job-engine-hit
ＵＤトラックス新潟株式会社,1110001007255,○,求人ボックス,23,自動車整備士・メカニック／UDトラックス新潟株式会社三条支店/三条市／自動車整備担当 基本土日祝休み／残業月平均20時間／/長岡市／自動車整備担当 基本土日祝休み／残業月平均20時間／/大型自動車会社での鈑金塗装業務／鈑金塗装経験必須/新潟市／自動車整備担当 基本土日祝休み／残業月平均20時間／,2026-06-14,job-engine-hit
共栄エンジニアリング株式会社,1110001012362,○,求人ボックス,10,手厚い教育体制で安心「営業」完全週休2日制・福利厚生充実/手厚い教育体制で安心「総務経理」完全週休2日制・福利厚生充実/製造部門での「外注管理業務」/試作品の「検査員」／完全週休二日制／福利厚生充実／経験者募集/「検査／測定」／完全週休二日制／福利厚生充実／管理職候補採用,2026-06-14,job-engine-hit
森井紙器工業株式会社,1110001016140,○,求人ボックス,1,2027 新卒採用 紙・パルプ,2026-06-14,job-engine-hit
株式会社大原鉄工所,1110001022254,○,求人ボックス,2,新潟／株式会社大原鉄工所:環境プラント・リサイクルプラントの/株式会社 大原鉄工所／営業 環境部門／新潟県 長岡市,2026-06-14,job-engine-hit
越後交通株式会社,1110001022221,○,求人ボックス,4,バスドライバー／二種免なし/新潟／長岡／整備士 創業110年超の安定性 地域支える公共交/未経験歓迎 新潟／長岡／事務総合職 創業110年超の安定性 /バスドライバー／大型二種,2026-06-14,job-engine-hit
株式会社太陽工機,1110001022782,○,求人ボックス,23,新潟／株式会社太陽工機:社内システムエンジニア/「サービスエンジニア／新潟」国内シェアトップクラス／工作機械/「サービスエンジニア／名古屋」国内シェアトップクラス／工作機/新潟／生産加工技術 立形研削盤のパイオニア／DMG森精機グル/「サービスエンジニア／大阪」国内シェアトップクラス／工作機械,2026-06-14,job-engine-hit
中越運送株式会社,2110001003294,○,求人ボックス,8,倉庫作業／事務スタッフ/企業向けエリア配送の4tトラックドライバー／「再配達ナシで土/フォークリフトオペ／未経験者も歓迎／業界大手企業の正社員／週/中型ドライバー／日勤&近距離のみ／未経験OK／週休2日制／大/中型ドライバー／年間賞与83万円／日勤&近距離／未経験OK／,2026-06-14,job-engine-hit
株式会社グリーン美装,1100001000855,,,,,2026-06-14,not-found
東京法令出版株式会社,1100001002125,,,,,2026-06-14,not-found
株式会社ナガレイ,1100001001333,,,,,2026-06-14,not-found
長野リネンサプライ株式会社,1100001002554,○,求人ボックス,2,100年企業を目指して! 安定した事業基盤と、充実した福利厚/未経験歓迎／リネン類の配送ドライバー／普通自動車免許AT必須,2026-06-14,job-engine-hit
株式会社長野ナブコ,1100001002471,○,求人ボックス,1,長野県の「建物の顔」を守り、AIには真似できない価値を,2026-06-14,job-engine-hit
八十二リース株式会社,1100001002835,○,求人ボックス,2,2027 新卒採用 リース・レンタル/社内システム管理者,2026-06-14,job-engine-hit
不二越機械工業株式会社,1100001002967,○,求人ボックス,3,「北海道」総合機械メーカー管理職候補 プライム上場／世界トッ/未経験歓迎／半導体装置の機械設計／経験必須／年休120日以上/総合機械メーカーの 総合職 営業／営業事務 年休123日,2026-06-14,job-engine-hit
双信電機株式会社,1100001008031,○,求人ボックス,15,長野県佐久市／ノイズフィルタの電気設計 福利厚生充実の老舗電/長野県佐久市／サービスエンジニア 第二新卒・未経験者歓迎 福/東京都港区／法務 管理職候補／残業月10h程度 福利厚生充実/長野県佐久市／社内SE 完全週休2日制／福利厚生充実の老舗電/宮崎市／高周波部品設計・評価 完全週休2日制 福利厚生充実／,2026-06-14,job-engine-hit
株式会社ウィルトス,1100001014129,○,求人ボックス,3,ホテルの客室清掃業務／ドーミーイン甲府丸の内／1人でモクモク/長野県松本市／管工事施工管理技士 働き方を見直したい方／基本/ビルマネジメント事業の営業部長,2026-06-14,job-engine-hit
中日本メディカルリンク株式会社,1100001015044,○,求人ボックス,17,2026年1月より勤務開始! 年間休日120日以上／若手活躍/長野／安曇野／医療機器の提案営業 営業経験・医療業界経験者歓/長野市／病院で使う内視鏡の専任営業／残業20H／年休123日/慢性期医療の「営業」未経験OK／年休123日／賞与年3回/未経験歓迎 長野／上伊那郡／在宅医療・介護用品の提案営業 時,2026-06-14,job-engine-hit
木下建設株式会社,1100001022395,○,求人ボックス,4,年休120日以上／賞与2回／残業ほぼナシ／経験を活かしてもっ/大阪／事業用不動産の仕入れ・販売 年間休日125日 生成AI/埼玉「土木施工管理」経験者採用／年俸550万 手当充実/不動産プロパティマネージャー、不動産ビルメンテナンス／管理員,2026-06-14,job-engine-hit
株式会社デリクックちくま,1100005001461,○,求人ボックス,25,調理補助／企業/調理師／調理員／障害福祉事業所/調理師／調理員／グループホーム/調理師／調理員／有料老人ホーム/調理師／調理員／特別養護老人ホーム,2026-06-14,job-engine-hit
高沢産業株式会社,2100001001852,○,求人ボックス,1,2027 新卒採用 商社／鉄鋼・金属,2026-06-14,job-engine-hit
長野日産自動車株式会社,2100001002470,○,求人ボックス,25,自動車整備士／長野県全地域に32店舗を展開する日産最大級のデ/北信エリア／自動車整備士 日産ディーラーの中でも優秀ディーラ/南信エリア／自動車整備士 日産ディーラーの中でも優秀ディーラ/カウンターセールス／賞与あり／交通費支給／車通勤OK／急募／/中信エリア／自動車整備士 日産ディーラーの中でも優秀ディーラ,2026-06-14,job-engine-hit
長野日野自動車株式会社,2100001002512,○,求人ボックス,4,自動車整備士・ピットスタッフ/長野／トラック・バス整備士・入社一時金有／基本土日祝休／賞与/自動車整備士・メカニック／日曜休み/自動車整備士・ピットスタッフ／賞与／住宅手当／残業手当／未経,2026-06-14,job-engine-hit
株式会社トコロ,1200001003699,○,求人ボックス,5,看護師／「岐阜県／岐阜市」日勤のみ・土日休み。リハビリデイサ/言語聴覚士・ST「7月急募」／介護施設／デイサービス／常勤／/「復職・ブランクOK」正看護師・准看護師／デイケア・デイサー/第二新卒歓迎 岐阜市／転勤なし／紙のルート営業 既存／年休1/正看護師／老人デイサービスセンター／コンパスウォーク美園,2026-06-14,job-engine-hit
株式会社人材Ｂａｎｋ,1200001008475,○,求人ボックス,1,カンタンな商品PRのお仕事,2026-06-14,job-engine-hit
大垣ガス株式会社,1200001013368,,,,,2026-06-14,not-found
株式会社可児ゴルフ倶楽部,1200001017708,○,求人ボックス,1,ゴルフクラブの搬送スタッフ,2026-06-14,job-engine-hit
レシップ株式会社,1200001020323,○,求人ボックス,21,池袋／PL「バス運行管理システム開発」鉄道・バス電装品TOP/池袋／SREグループマネージャー 在宅・フレックス可／バス鉄/池袋／新規サービスBtoB営業「観光×モバイルチケット」 1/岐阜／本巣／海外向け品質保証「リーダー」 英語力を生かす／鉄/岐阜／本巣／設計開発「英語力生かせる／鉄道車両向け照明システ,2026-06-14,job-engine-hit
セキュリティ東海株式会社,1200001020728,,,,,2026-06-14,not-found
株式会社技研サービス,2200001001537,○,求人ボックス,2,新設総合病院の設備管理/社内SE／経験者募集／納期なし／土日休みの完全週休2日／年間,2026-06-14,job-engine-hit
中日技研株式会社,2200001003401,○,求人ボックス,2,清掃 施設内清掃員 12時まで 月曜および木曜の勤務/未経験者歓迎 フレキシブルチューブ製造スタッフ,2026-06-14,job-engine-hit
株式会社美濃庄,2200001005273,○,求人ボックス,2,福祉用具専門相談員業務／介護関連事業所/多治見市／転勤なし／「岐阜で最初の介護用品レンタル企業」未経,2026-06-14,job-engine-hit
株式会社那加クレーンセンター,2200001007088,,,,,2026-06-14,not-found
株式会社ヒロコーポレーション,2200001008111,○,求人ボックス,7,シーツやタオルのルート配送／営業活動はなし!早番は16:30/「営業事務・CAD事務」／20～30代が中心に活躍中・基本定/剪定・伐採スタッフ 未経験大歓迎 技術を身に付ける! シンプ/正看護師/2027 新卒採用 不動産,2026-06-14,job-engine-hit
株式会社浅井農園,1190001000038,○,求人ボックス,1,栽培管理スタッフ,2026-06-14,job-engine-hit
百五ビジネスサービス株式会社,1190001000896,,,,,2026-06-14,not-found
株式会社トピア,1190001005227,○,求人ボックス,23,2028 インターンシップ 輸送用機器・自動車関連/三重／鈴鹿／インドプロジェクトのブリッジエンジニア 設計支援/三重県鈴鹿市／インド工場 デリー近郊／立ち上げ準備候補 大手/三重県鈴鹿市／資材手配・試作業界のリーディングカンパニー／残/名古屋駅／試作メーカーCAD設計・経験者歓迎・ 試作業界リー,2026-06-14,job-engine-hit
シンフォニア商事株式会社,1190001006712,○,求人ボックス,3,伊勢市 未経験歓迎／試験装置の設計業務 年間休日126日／転/一般事務/未経験から航空機関連の試験装置設計へ／年休126日・フレック,2026-06-14,job-engine-hit
チヨダウーテ株式会社,1190001015556,○,求人ボックス,8,安全衛生管理／HSE／土日休み／年間休日120日以上／経験者/千葉／安全衛生管理／HSE／従業員1000名以上/フォークリフト・機械オペレーター/2027 新卒採用 建材・エクステリア/三重／経理／部長候補,2026-06-14,job-engine-hit
株式会社三水フーズ,2190001006686,○,求人ボックス,1,営業職,2026-06-14,job-engine-hit
シンフォニアエンジニアリング株式会社,2190001006711,○,求人ボックス,22,愛知／サービスエンジニア/物流システム工事における現場監督/「東証プライムグループ」物流システム工事の施工管理スターティ/千葉県船橋市／管工事業の施工管理 年間休日125日／残業月平/三重県伊勢市／搬送設備工事業の施工管理 年間休日125日／残,2026-06-14,job-engine-hit
株式会社東名,2190001015679,○,求人ボックス,25,契約中のお客様への架電スタッフ／20～30代8割・即日面接可/名駅／業務改善エンジニア コールセンターDX推進／年休124/名駅／システム開発課／社内SE／基幹システム開発 年休124/法人向けインサイドセールス/愛知／尾張旭市・転勤無し／官庁・大手元請中心 業務用エアコン,2026-06-14,job-engine-hit
第一設計監理株式会社,1160001004933,,,,,2026-06-14,not-found
滋賀ダイハツ販売株式会社,1160001013406,○,求人ボックス,7,自動車整備士／ダイハツ正規ディーラー／長く続けられる理由があ,2026-06-14,job-engine-hit
滋賀日野自動車株式会社,1160001014544,○,求人ボックス,9,自動車整備士（要自動車整備士3級）/日野の自動車整備士／無資格OK/消防車やトラックなど大型車両の「メカニック」／年間休日116/バスやトラックなど大型車両の 営業 年間休日116日/自動車整備士／待遇、仕事共に安定。大型車整備士をしています,2026-06-14,job-engine-hit
株式会社内田組,2160001000205,○,求人ボックス,1,土木施工スタッフ／週1日～／未経験歓迎!／日払い可能／マイカ,2026-06-14,job-engine-hit
株式会社伊藤組,2160001009444,○,求人ボックス,8,型枠大工/建築・土木技術職／正社員「無期契約」/工事監督/岩手で築く誇りあるキャリア／地域に根ざす老舗企業／建築施工管/地域に誇れる建物を、資格と経験でリード／1919年創業の安定,2026-06-14,job-engine-hit
キタイ設計株式会社,2160001010600,○,求人ボックス,2,未経験OK 総合職 営業／技術 年休126日／残業11.7h/総合職 営業／宮城県 仙台市青葉区,2026-06-14,job-engine-hit
三洋環境株式会社,1260001002712,○,求人ボックス,2,清掃スタッフ/未経験者歓迎の3tドライバー,2026-06-14,job-engine-hit
株式会社トヨタレンタリース岡山,1260001004799,○,求人ボックス,3,受付スタッフ/洗車／回送・接客補助スタッフ/2027 新卒採用 リース・レンタル,2026-06-14,job-engine-hit
株式会社コーセイカン,1260001013271,,,,,2026-06-14,not-found
株式会社ジェイ・イー・ティ,1260001018766,○,求人ボックス,7,半導体洗浄装置メーカーでの総務・人事/半導体洗浄装置メーカーでの内部監査/半導体洗浄装置メーカーでの総務・設備/半導体洗浄装置メーカーでの経理アシスタント/世界有数の半導体洗浄メーカーでの財務・経理,2026-06-14,job-engine-hit
株式会社エルジオ,1260001022339,○,求人ボックス,20,岡山県下のFC企業として運営するデイサービスです／看護師/理学療法士・PT「7月急募」／介護施設／デイサービス／常勤／/看護師／「岡山県／玉野市」岡山県下のFC企業として運営するデ/岡山／玉野市／自動車の販売スタッフ ノルマ無し／賞与実績5ヶ/岡山市北区／未経験歓迎／自動車の販売スタッフ ノルマ無し／賞,2026-06-14,job-engine-hit
株式会社ウインズ,1260001026406,○,求人ボックス,9,管楽器・打楽器等の楽器修理と管理監督業務/営業スタッフ/株式会社ウインズあそびのてんさい保育園の保育士求人・採用情報/「総務IT推進」世界10カ国90店舗!「博多一幸舎」を展開す/「日勤のみ」ケアマネジャー／正職員／居宅介護支援／社会保障完,2026-06-14,job-engine-hit
株式会社アールエコ,2260001000161,○,求人ボックス,2,浄化槽用ブロワの組立・取付スタッフ/営業スタッフ／年休120日／基本定時退社／45歳未満全員面接,2026-06-14,job-engine-hit
株式会社カロスアウラ,2260001005391,○,求人ボックス,1,産業廃棄物の収集ドライバー,2026-06-14,job-engine-hit
Ｈｉクラテス株式会社,2260001004724,○,求人ボックス,2,広島／未経験歓迎／ITソリューション営業・インセンティブ充実/法人営業 未経験歓迎／最大3年!奨学金支援制度有,2026-06-14,job-engine-hit
株式会社ホスネット・ジャパン,2260001006084,○,求人ボックス,17,倉庫内作業/営業事務/病院での薬品管理業務/病院内での物品管理/病院内物品管理・配送,2026-06-14,job-engine-hit
株式会社岡山マツダ,2260001006225,○,求人ボックス,5,板金塗装スタッフ／残業少なめ／ディーラー／経験を活かせる安定/「IT2411」データサイエンティスト／その他メーカー系／業/「IT2412」生産性倍増に向けたシステムの構築・運用／保守/板金塗装スタッフ／残業少なめ／ディーラー／きれいな工場で快適/2027 新卒採用 専門店／自動車販売・自動車関連,2026-06-14,job-engine-hit
株式会社イタミアート,2260001008618,○,求人ボックス,4,2027 新卒採用 印刷・印刷関連/自社商品の企画／開発 転勤無し／駅チカ／福利厚生/Webアナリスト／転勤無し／駅チカ／福利厚生/営業事務 転勤無し／チームワーク抜群で教育しっかり／成長企業,2026-06-14,job-engine-hit
四国医療サービス株式会社,1490001000783,○,求人ボックス,4,リネン類の洗濯・生産スタッフ/調理スタッフ/調理員/調理補助スタッフ,2026-06-14,job-engine-hit
株式会社伊予鉄グループ,1500001000476,○,求人ボックス,3,広報/総合職／管理部門・営業企画・事業企画/2027 新卒採用 サービス,2026-06-14,job-engine-hit
株式会社レデイ薬局,1500001004428,○,求人ボックス,25,"薬剤師/「薬剤師」／調剤薬局 ドラッグストア「調剤併設」／広島市安芸/「薬剤師」／調剤薬局／小松島市／20代-40代積極採用中/薬剤師／調剤薬局／調剤業務,服薬指導,薬歴管理,OTC販売,/薬剤師／ドラッグストア／管理薬剤師業務,調剤業務,服薬指導,",2026-06-14,job-engine-hit
株式会社和光ビルサービス,1500001004626,,,,,2026-06-14,not-found
福泉株式会社,2500001003486,○,求人ボックス,13,未経験OK／Webディレクター／自治体サイト制作／土日祝休/介護福祉士／管理者／施設長／ホーム長／賞与あり／有料老人ホー/デイサービスの介護職／初任者研修／介護士／日勤のみ/住宅型有料老人ホームの介護職／介護福祉士／介護士／夜勤専従/放課後児童支援員／学童指導員・ 資格や経験が活かせるお仕事・,2026-06-14,job-engine-hit
瀬戸内運輸株式会社,2500001011778,,,,,2026-06-14,not-found
株式会社大昌鉃工所,2500001014698,○,求人ボックス,2,愛媛／営業転勤無／賞与年4回／休日年115日／育休等取得率1/愛媛／機械加工オペレーター 転勤無／賞与年4回／休日年115,2026-06-14,job-engine-hit
九州警備保障株式会社,1330001001087,○,求人ボックス,1,警備員／福岡市内及び近郊の交通誘導警備、雑踏警備,2026-06-14,job-engine-hit
フクダ電子西部南販売株式会社,1330001004032,○,求人ボックス,6,沖縄／医療機器営業 大手医療機器メーカーフクダ電子G／業界未/熊本／医療機器営業 大手医療機器メーカーフクダ電子G／業界未/大分／フィールドサービスエンジニア 未経験歓迎／年休125日/宮崎／医療機器営業 東証スタンダード上場フクダ電子G／未経験/未経験歓迎 熊本／フィールドサービスエンジニア 年休125日,2026-06-14,job-engine-hit
熊本綜合管理株式会社,1330001001442,,,,,2026-06-14,not-found
木村電機株式会社,1330001011094,○,求人ボックス,1,営業職,2026-06-14,job-engine-hit
株式会社旭製作所,1330001018362,○,求人ボックス,2,製缶工～産業機械のものづくり職人へ ～ 残業なし/熊本／荒尾市／社内SE ERP／インフラ管理者／1950年創,2026-06-14,job-engine-hit
ヒノマル株式会社,1330001027512,○,求人ボックス,23,ホールスタッフ／「用賀駅徒歩1分」履歴書不要&人柄重視の採用/調理見習い/ホールスタッフ/食料品製造／ライン作業／梱包 鶏肉のカット·包装 未経験歓迎/熊本 熊本市／農業専門商社の提案営業／年休125日／完全週休,2026-06-14,job-engine-hit
株式会社ＲＫＫＣＳ,2330001000063,○,求人ボックス,6,「広報メンバー大手IT企業／年間休日125日」自治体・金融機/「広報メンバー大手IT企業／東京勤務／年間休日125日」自治/「企画営業自治体／金融機関向け／業界シェアトップクラス」年休/熊本市／プログラマー／行政業務システム 在宅可／年休123日/2027 新卒採用 ソフトウエア,2026-06-14,job-engine-hit
株式会社九州開発エンジニヤリング,2330001001086,○,求人ボックス,2,「測量」熊本」年休124日」移住支援金有」平均勤続15年以上/補償業務／熊本 年休124日／移住支援金有／平均勤続15年以,2026-06-14,job-engine-hit
株式会社エムロード,2330001004502,○,求人ボックス,17,自動車買取販売店での営業スタッフ/カタログ・Webなどの「グラフィックデザイナー」／経験者向け/企画段階～納品まで携わる「企画／コピーライター」／経験者向け/「薬剤師」／調剤薬局／神戸市垂水区／20代-40代積極採用中/PV・会社案内動画を制作する「映像クリエイター」／経験者向け,2026-06-14,job-engine-hit
株式会社永野商店,2330001006960,,,,,2026-06-14,not-found
株式会社ＡＲＩＡＫＥ,3330001000228,○,求人ボックス,4,熊本／技術系総合職／設計／調査／測量/スタイリスト・ブランク可の美容師/賞与年3回「技術系総合職 」退職金あり」社宅有り,2026-06-14,job-engine-hit
クリーンペア九州株式会社,3330001001291,○,求人ボックス,9,清掃／清掃パート／未経験OK／主婦パート／シニア／中高年/清掃／清掃パート／未経験OK／シニア／中高年／短時間/清掃／清掃パート／未経験OK／短時間／シニア／中高年/清掃／管理／現場管理／スタッフ管理/清掃／清掃パート／未経験OK／シニア／中高年,2026-06-14,job-engine-hit
株式会社鈴弥洋行,1380001005562,○,求人ボックス,1,インフラエンジニア／年休124日／自由度高い働き方で安定のキ,2026-06-14,job-engine-hit
東邦福島株式会社,1380001009126,○,求人ボックス,2,一般高圧ガスの配送スタッフ／土日祝休み／年休123日／未経験/営業職／ルート営業・配送,2026-06-14,job-engine-hit
ゼビオ株式会社,1380001025412,○,求人ボックス,19,ゴルフ接客販売／Victoria Golf 秋田茨島店/スポーツ用品接客販売小売/ゴルフ業界経験者/スポーツ小売業経験者/スポーツ用品の接客販売・小売業,2026-06-14,job-engine-hit
朝日機工株式会社,2120001155226,,,,,2026-06-14,not-found
日産プリンス福島販売株式会社,2380001003516,,,,,2026-06-14,not-found
東北アルフレッサ株式会社,2380001005082,○,求人ボックス,5,"薬剤師／企業／企業内管理薬剤師業務,DI業務,品質管理/薬剤師／企業／企業内管理薬剤師業務,DI業務,品質管理,在庫/薬剤師／/「薬剤師」／医薬品商社「卸」／千代田区／20代-40代積極採/2027 新卒採用 商社／薬品・化粧品",2026-06-14,job-engine-hit
福島建機株式会社,2380001006444,○,求人ボックス,1,営業,2026-06-14,job-engine-hit
株式会社福島中央テレビ,2380001006502,○,求人ボックス,1,2027 新卒採用 放送,2026-06-14,job-engine-hit
グラントマト株式会社,2380001011667,○,求人ボックス,1,米集荷スタッフ パートアルバイト,2026-06-14,job-engine-hit
常磐共同ガス株式会社,2380001012987,○,求人ボックス,1,既存顧客へのガス営業,2026-06-14,job-engine-hit
株式会社シマ商会,2380001015610,○,求人ボックス,18,「自動車部品の整備士 解体スタッフ」 世界160カ国へ車の輸/「埼玉県久喜市」車両検品・店舗サポートスタッフ未経験歓迎／残/自動車整備士（無資格可）/「反響営業メイン」中古トラックの買取販売 世界160カ国へ車/「査定・買取営業」世界160カ国へ車の輸出販売を行う総合商社,2026-06-14,job-engine-hit
株式会社クリーンジャックシステム,1050001009893,,,,,2026-06-14,not-found
株式会社ＪＭホールディングス,1050001011577,,,,,2026-06-14,not-found
ハムリー株式会社,1050001019190,○,求人ボックス,1,動物飼育管理／業界経験者歓迎／生物系専門学校出身の方歓迎,2026-06-14,job-engine-hit