企業名,公式URL,outcome,detail,pages,recruitPages,topTextLen
関場建設株式会社,https://www.sekiba.co.jp/,NAME_FOUND,坪井 @ www.sekiba.co.jp/recruit/,1,1,1319
東洋株式会社,https://www.toyo.ac.jp/,NAME_FOUND,松尾 くみ @ www.toyo.ac.jp/recruit/staff/,3,3,829
株式会社テクアノーツ,https://www.tequanauts.co.jp/,NAME_FOUND,小田 @ www.tequanauts.co.jp/freshman/,2,2,1160
株式会社アート,https://www.art-japan.co.jp/company/active_promotion,CONTEXT_NO_NAME,recruitCtxPages=7 nameCtxPages=7 spaThin=0,7,7,1655
ダイキンＭＲエンジニアリング株式会社,https://www.dmre.daikin.co.jp/,NAME_FOUND,田中 @ www.dmre.daikin.co.jp/recruit/,1,1,1266
株式会社クエリー,https://www.query.jp/health/,CONTEXT_NO_NAME,recruitCtxPages=3 nameCtxPages=2 spaThin=0,3,3,2102
大和機工株式会社,https://www.daiwakiko.co.jp/,CONTEXT_NO_NAME,recruitCtxPages=7 nameCtxPages=4 spaThin=0,7,7,1267
株式会社渡商会,https://www.watari.co.jp/,NAME_FOUND,鈴木 @ www.watari.co.jp/recruit/recruitment,5,5,834
池田煖房工業株式会社,http://www.ikedan.co.jp/,CONTEXT_NO_NAME,recruitCtxPages=3 nameCtxPages=3 spaThin=0,3,3,1118
株式会社奥井組,https://okuigumi.co.jp/,CONTEXT_NO_NAME,recruitCtxPages=3 nameCtxPages=3 spaThin=0,3,3,978
東洋警備保障株式会社,https://www.toyo.ac.jp/,NO_COMPANY_MATCH,,0,0,829
シブヤ食品株式会社,http://www.shibuya-group.co.jp/,NO_COMPANY_MATCH,,0,0,1968
日本高圧コンクリート株式会社,https://www.nihonkoatsu.co.jp/,CONTEXT_NO_NAME,recruitCtxPages=7 nameCtxPages=7 spaThin=0,7,7,1927
株式会社エフコム,https://www.f-com.co.jp/,CONTEXT_NO_NAME,recruitCtxPages=6 nameCtxPages=6 spaThin=0,6,6,4391
東邦レオ株式会社,https://www.toho-leo.co.jp/,NAME_FOUND,吉川稔 @ www.toho-leo.co.jp/recruit/blog,2,2,1922
島津産機システムズ株式会社,https://www.sis.shimadzu.co.jp/,NO_COMPANY_MATCH,,0,0,746
株式会社三協技術,https://sankyocc.jp/,NAME_FOUND,佐々木 @ sankyocc.jp/recruit/graduates1.html,1,1,1052
ＯＥＣ株式会社,https://www.oec-o.co.jp/,NO_COMPANY_MATCH,,0,0,1268
札建工業株式会社,https://www.sakkenkogyo.jp/,CONTEXT_NO_NAME,recruitCtxPages=7 nameCtxPages=0 spaThin=0,7,7,1516
株式会社エコワーク,https://ecowork.co.jp/,CONTEXT_NO_NAME,recruitCtxPages=7 nameCtxPages=7 spaThin=0,7,7,2324
東洋熱工業株式会社,https://www.tonets.co.jp/,NO_COMPANY_MATCH,,0,0,2669
丸水札幌中央水産株式会社,https://www.marusui-net.co.jp/,NAME_REJECTED_GATE,石原が聞く/nameGate,3,3,2068
株式会社イワサキ経営,https://www.tax-iwasaki.com/,NAME_FOUND,前原 @ www.tax-iwasaki.com/recruit/news/2026/95,1,1,3697
株式会社カネトモ,https://kanetomo.com/,NAME_FOUND,萩原 @ kanetomo.com/recruit/application-guideli,3,3,1507
山陽マシン株式会社,http://www.sanyomachine.co.jp/,CONTEXT_NO_NAME,recruitCtxPages=2 nameCtxPages=1 spaThin=0,2,2,685
菊水酒造株式会社,http://www.kikusui-sake.com/home/jp/,CONTEXT_NO_NAME,recruitCtxPages=2 nameCtxPages=0 spaThin=0,2,2,2176
中央アルプス観光株式会社,https://www.chuo-alps.com/,NAME_FOUND,小田切 @ www.chuo-alps.com/recruit/,1,1,1879
株式会社天龍,https://www.tenryu-magna.com/,NO_COMPANY_MATCH,,0,0,256
株式会社ＣＩＪ,https://www.cij.co.jp/company/wlb/,NO_COMPANY_MATCH,,0,0,4483
親和パッケージ株式会社,https://shinwa-co.co.jp/about/project/,CONTEXT_NO_NAME,recruitCtxPages=3 nameCtxPages=2 spaThin=0,3,3,1975
株式会社タナカ,https://www.tanakanet.co.jp/,CONTEXT_NO_NAME,recruitCtxPages=7 nameCtxPages=6 spaThin=0,7,7,1910
協和ビル管理株式会社,https://www.kyowakeibi.co.jp/,NAME_FOUND,田渕 @ www.kyowakeibi.co.jp/recruit/,2,2,4369
山口金属曲板工業株式会社,https://www.yamakin-g.com/,CONTEXT_NO_NAME,recruitCtxPages=3 nameCtxPages=1 spaThin=0,3,3,727
豊運輸株式会社,https://www.yutaka-unyu.co.jp/,NO_RECRUIT_CONTEXT,,1,0,584
福岡地所株式会社,http://fukuokajisho.com/,CONTEXT_NO_NAME,recruitCtxPages=3 nameCtxPages=2 spaThin=0,3,3,1824
石上車輌株式会社,https://www.ishigami.co.jp/,CONTEXT_NO_NAME,recruitCtxPages=3 nameCtxPages=2 spaThin=0,3,3,2845
株式会社藤伸,https://toshin-truck.com/,CONTEXT_NO_NAME,recruitCtxPages=5 nameCtxPages=0 spaThin=0,5,5,1249
株式会社スカイパレスアソシエイツ,https://www.skypalace.co.jp/,NAME_FOUND,小坂 @ www.skypalace.co.jp/recruit/application/,2,2,814
ミサワホーム甲信株式会社,https://www.misawa-koushin.jp/,NAME_FOUND,五十嵐 @ www.misawa-koushin.jp/misawa/shinsotsu.h,1,1,1744
株式会社松永製作所,https://www.matsunaga-w.co.jp/,NAME_FOUND,和田 集太 @ www.matsunaga-w.co.jp/company/recruit/,1,1,1902
株式会社金田自動車,http://www.kanetagroup.jp/,NO_COMPANY_MATCH,,0,0,1447
株式会社セントレック,https://www.centrec.co.jp/hp/,CONTEXT_NO_NAME,recruitCtxPages=2 nameCtxPages=0 spaThin=0,2,2,542
宇式エンジニアリング株式会社,http://www.ushiki.co.jp,CONTEXT_NO_NAME,recruitCtxPages=7 nameCtxPages=0 spaThin=0,7,7,1514
株式会社丸紅,https://www.marubeni-co.jp/,CONTEXT_NO_NAME,recruitCtxPages=7 nameCtxPages=7 spaThin=0,7,7,2098
株式会社西井製作所,https://www.hiroshima-nishii.co.jp/,CONTEXT_NO_NAME,recruitCtxPages=2 nameCtxPages=0 spaThin=0,2,2,1076
株式会社日専連ホールディングス,https://www.nissenren-aomori.or.jp/,CONTEXT_NO_NAME,recruitCtxPages=3 nameCtxPages=3 spaThin=0,3,3,4788
株式会社トヨタレンタリース山形,https://rent-toyota.co.jp/,NAME_FOUND,大滝 @ rent-toyota.co.jp/saiyou/,1,1,656
朝野工業株式会社,https://www.asanokk.jp,CONTEXT_NO_NAME,recruitCtxPages=2 nameCtxPages=2 spaThin=0,2,2,602
株式会社端野メディカル,http://www.hashino-medical.co.jp/,NAME_FOUND,竹内 @ www.hashino-medical.co.jp/news/news_recr,1,1,886
株式会社美西,https://www.bisei-ltd.com/,CONTEXT_NO_NAME,recruitCtxPages=7 nameCtxPages=0 spaThin=0,7,7,1410
上田工業株式会社,https://www.uedakogyo.co.jp/,CONTEXT_NO_NAME,recruitCtxPages=3 nameCtxPages=1 spaThin=0,3,3,1904
株式会社大之木ダイモ,http://www.daimo.jp/,CONTEXT_NO_NAME,recruitCtxPages=4 nameCtxPages=1 spaThin=0,4,4,1880
株式会社新潟日立,http://www.hitachi-hansya.jp/niigata-hitachi/index.html,CONTEXT_NO_NAME,recruitCtxPages=3 nameCtxPages=0 spaThin=0,4,3,606
エナジー・ワン株式会社,https://www.energy-one.co.jp/,NO_COMPANY_MATCH,,0,0,1719
株式会社西四国マツダ,https://nishi-shikoku-mazda.co.jp/aboutus,NAME_FOUND,大西 @ nishi-shikoku-mazda.co.jp/recruit,1,1,1580
株式会社ＴＴＫエンジ福島,https://www.ttk-g.co.jp/group/fukushima/,CONTEXT_NO_NAME,recruitCtxPages=2 nameCtxPages=0 spaThin=0,2,2,505
株式会社エービッツ,https://www.a-bits.co.jp,NAME_FOUND,小林 @ www.a-bits.co.jp/recruitment/mid-career-,1,1,1202
株式会社ザックス,https://www.zax.co.jp,NAME_FOUND,菊池 @ zax.co.jp/recruit/,1,1,1525
株式会社鳥山土木工業,https://www.kk-toriyama.jp,CONTEXT_NO_NAME,recruitCtxPages=7 nameCtxPages=7 spaThin=0,7,7,1060
株式会社中央コーポレーション,https://www.e-chuoh.com,CONTEXT_NO_NAME,recruitCtxPages=7 nameCtxPages=7 spaThin=0,7,7,1260