アポ期待度,優先度,確信度,なぜ今なぜこの企業,INT,SIZE,REACH,TIM,TRUST,採点根拠,企業名,法人番号,採用担当者名,役職,部署,代表者名,メール,メール確度,担当者確度,電話番号,公式URL,Tier,取得元媒体,根拠URL,架電呼称,業種,都道府県,従業員数,補助金,設立年,取得日,新卒フラグ,新卒出稿,現在求人掲載中,掲載媒体,掲載媒体数,出稿媒体数,採用中,求人件数,採用予定人数,募集職種数,採用職種,職種,採用ページ有無,採用ページURL,新卒言及,発見媒体,辞退シグナル,採用ページ更新,出稿増,来期検討,プレスリリース,競合ATS導入,ICPランク,セグメント区分,採用担当者名取得元,架電宛名,NG一致名
73,今週架電,75,新卒フラグ確定｜規模309=中堅(自前管理化が進む)｜電話妥当｜6月=28卒設計期係数92,93,40,68,92,80,INT:新卒フラグ確定 / INT:募集職種4=選考管理が複雑 / SIZE:規模309=中堅(自前管理化が進む) / REACH:電話妥当 / REACH:代表者名のみ / TIM:6月=28卒設計期係数92 / TRUST:設立62年=継続採用の体力,京都電子計算株式会社,2130001023349,,,,森口健吾,info@kip.co.jp,0.4,,075-241-5568,https://www.kip.co.jp/,C,gBizINFO,https://www.kip.co.jp/,人事部 ご採用ご担当者様,システム販売／パッケージソフト開発販売、ソフトウェア開発、アウトソーシングサービス、Webサイト構築、教育サービス、セキ,京都府京都市下京区木津屋橋通新町西入東塩小路町６０１番地ＮＵＰビルディング京都駅前,309,,1964,2026-06-14T18:27:04.230Z,○,,,,0,,,,,,,エンジニア/営業/企画/コンサル,○,https://www.kip.co.jp/recruit/entry/,○,,,,,,,,A(300-1000),toC:サービス,,人事部 ご採用ご担当者様,京都電子計算株式会社
72,今週架電,75,新卒フラグ確定｜規模484=中堅(自前管理化が進む)｜電話妥当｜6月=28卒設計期係数92,88,40,68,92,80,INT:新卒フラグ確定 / SIZE:規模484=中堅(自前管理化が進む) / REACH:電話妥当 / REACH:代表者名のみ / TIM:6月=28卒設計期係数92 / TRUST:設立76年=継続採用の体力,第一高周波工業株式会社,1010001048722,,,,平山鋼太郎,info@dhf.co.jp,0.4,,078-336-3730,https://dhf.co.jp/,C,gBizINFO,https://dhf.co.jp/,人事部 ご採用ご担当者様,金属製品製造加工,東京都中央区日本橋馬喰町１丁目６番２号,484,,1950,2026-06-14T18:25:09.626Z,○,,,,0,,,,,,,,○,https://dhf.co.jp/recruit/,○,,,,,,,,A(300-1000),不人気:メーカー,,人事部 ご採用ご担当者様,第一高周波工業株式会社
72,今週架電,75,新卒フラグ確定｜規模315=中堅(自前管理化が進む)｜電話妥当｜6月=28卒設計期係数92,88,40,68,92,80,INT:新卒フラグ確定 / SIZE:規模315=中堅(自前管理化が進む) / REACH:電話妥当 / REACH:代表者名のみ / TIM:6月=28卒設計期係数92 / TRUST:設立21年=継続採用の体力,株式会社ヤマックス,1290801007338,,,,山田雄二,info@yamax-kokura.jp,0.4,,093-561-0871,https://www.yamax-kokura.jp/,C,gBizINFO,https://www.yamax-kokura.jp/,人事部 ご採用ご担当者様,物流（運送事業・倉庫保管事業・人材派遣事業・宅配水事業）,福岡県北九州市小倉北区西港町１５番７７号,315,,2005,2026-06-14T18:26:22.773Z,○,,,,0,,,,,,,営業,○,https://www.yamax-kokura.jp/faq_cat/recruitment,○,,,,,,,,A(300-1000),不人気:運輸物流,,人事部 ご採用ご担当者様,株式会社ヤマックス
72,今週架電,75,新卒フラグ確定｜規模499=中堅(自前管理化が進む)｜電話妥当｜6月=28卒設計期係数92,88,40,68,92,80,INT:新卒フラグ確定 / SIZE:規模499=中堅(自前管理化が進む) / REACH:電話妥当 / REACH:代表者名のみ / TIM:6月=28卒設計期係数92 / TRUST:設立78年=継続採用の体力,岩渕薬品株式会社,2040001046615,,,,岩渕琢磨,info@iwabuchi-net.co.jp,0.4,,043-236-7707,https://www.iwabuchi-net.co.jp/,C,gBizINFO,https://www.iwabuchi-net.co.jp/,人事部 ご採用ご担当者様,医薬品の卸売業,千葉県佐倉市鏑木町５１番地,499,,1948,2026-06-14T18:27:33.512Z,○,,,,0,,,,,,,営業,○,http://www.iwabuchi-net.co.jp/recruit,○,,,,,,,,A(300-1000),不人気:メーカー,,人事部 ご採用ご担当者様,岩渕薬品株式会社
72,今週架電,75,新卒フラグ確定｜規模303=中堅(自前管理化が進む)｜電話妥当｜6月=28卒設計期係数92,88,40,68,92,80,INT:新卒フラグ確定 / SIZE:規模303=中堅(自前管理化が進む) / REACH:電話妥当 / REACH:代表者名のみ / TIM:6月=28卒設計期係数92 / TRUST:設立67年=継続採用の体力,四国ガス燃料株式会社,2500001011654,,,,佐薙秀樹,info@shikoku-gasnen.co.jp,0.4,,0898-32-0725,http://www.shikoku-gasnen.co.jp/,C,gBizINFO,http://www.shikoku-gasnen.co.jp/,人事部 ご採用ご担当者様,（１）液化石油ガス、天然ガスの販売（卸、小売） （２）簡易ガス事業 （３）液化石油ガス工業用プラント設計、施工 （４）ガ,愛媛県今治市中寺字樋掛２２６番地１,303,,1959,2026-06-14T18:33:28.494Z,○,,,,0,,,,,,,総合職/販売,○,https://www.shikoku-gasnen.co.jp/recruit/sinsotu.html,○,,,,,,,,A(300-1000),toC:小売,,人事部 ご採用ご担当者様,四国ガス燃料株式会社
70,今週架電,74,新卒フラグ確定｜規模346=中堅(自前管理化が進む)｜電話妥当｜6月=28卒設計期係数92,88,40,68,92,50,INT:新卒フラグ確定 / SIZE:規模346=中堅(自前管理化が進む) / REACH:電話妥当 / REACH:代表者名のみ / TIM:6月=28卒設計期係数92,ＦＣＭ株式会社,1120001011859,,,,川森晋治,info@fc-m.co.jp,0.4,,06-6975-1324,https://fc-m.co.jp/,C,gBizINFO,https://fc-m.co.jp/,人事部 ご採用ご担当者様,・電子部品の加工、電子機器用部品ならびに半導体用部材の製造および販売 ・電線用芯線ならびにその他線材の製造および販売 ・,大阪府大阪市東成区神路３丁目８番３６号,346,,,2026-06-14T18:23:39.360Z,○,,,,0,,,,,,,営業/介護,○,https://fc-m.co.jp/mid-career-recruit/,○,,,,,,,,A(300-1000),不人気:メーカー,,人事部 ご採用ご担当者様,ＦＣＭ株式会社
70,今週架電,74,新卒フラグ確定｜規模476=中堅(自前管理化が進む)｜電話妥当｜6月=28卒設計期係数92,88,40,68,92,50,INT:新卒フラグ確定 / SIZE:規模476=中堅(自前管理化が進む) / REACH:電話妥当 / REACH:代表者名のみ / TIM:6月=28卒設計期係数92,株式会社ジェイエスエス,1120001064799,,,,藤木孝夫,info@jss-group.co.jp,0.4,,06-6449-6135,https://www.jss-group.co.jp/,C,gBizINFO,https://www.jss-group.co.jp/,人事部 ご採用ご担当者様,スイミングスクール、フィットネスクラブ等の運営・管理,大阪府大阪市西区土佐堀１丁目４番１１号,476,,,2026-06-14T18:25:39.707Z,○,,,,0,,,,,,,,○,https://www.jss-group.co.jp/recruit,○,,,,,,,,A(300-1000),toC:サービス,,人事部 ご採用ご担当者様,株式会社ジェイ・エス・エス
68,ナーチャリング,74,新卒フラグ確定｜規模545=大手寄り(競合ATS懸念)｜電話妥当｜6月=28卒設計期係数92,93,20,68,92,80,INT:新卒フラグ確定 / INT:募集職種3=選考管理が複雑 / SIZE:規模545=大手寄り(競合ATS懸念) / REACH:電話妥当 / REACH:代表者名のみ / TIM:6月=28卒設計期係数92 / TRUST:設立59年=継続採用の体力,セントラルコンサルタント株式会社,1010001088264,,,,中田健一,info@central-con.co.jp,0.4,,03-3532-8031,https://www.central-con.co.jp/,C,gBizINFO,https://www.central-con.co.jp/,人事部 ご採用ご担当者様,建設コンサルタント（土木、都市計画、造園、建築等の調査、計画、設計及び施工管理）,東京都中央区晴海２丁目５番２４号,545,,1967,2026-06-14T18:27:40.402Z,○,,,,0,,,,,,,営業/企画/コンサル,○,https://www.central-con.co.jp/recruit/,○,,,,,,,,A(300-1000),不人気:建設住宅設備,,人事部 ご採用ご担当者様,セントラルコンサルタント株式会社
68,ナーチャリング,69,求人検索で採用中ヒット｜規模380=中堅(自前管理化が進む)｜電話妥当｜6月=28卒設計期係数92,77,40,68,92,80,INT:求人検索で採用中ヒット / INT:募集職種5=選考管理が複雑 / SIZE:規模380=中堅(自前管理化が進む) / REACH:電話妥当 / REACH:代表者名のみ / TIM:6月=28卒設計期係数92 / TRUST:設立11年=継続採用の体力,名鉄交通第四株式会社,1180001120646,,,,浅野丈夫,,0,,0570-55-0155,https://top.meitetsu.co.jp/,C,gBizINFO,https://top.meitetsu.co.jp/,人事部 ご採用ご担当者様,,愛知県名古屋市西区あし原町１５４番地,380,,2015,2026-06-14T18:47:13.479Z,,,,,0,,○,11,,,入社祝い金 正社員のタクシードライバー／好待遇/タクシーアプリGO搭載のタクシードライバー 夜勤／中小田井駅/タクシーアプリGO搭載のタクシードライバー 日勤／中小田井駅/タクシードライバー/タクシーアプリGO搭載のタクシードライバー 1勤1休制／中小,,,,,求人ボックス,,,,,,,A(300-1000),業種空欄(緩め採用),,人事部 ご採用ご担当者様,名鉄交通第四株式会社
67,ナーチャリング,68,求人検索で採用中ヒット｜規模307=中堅(自前管理化が進む)｜電話妥当｜6月=28卒設計期係数92,80,40,68,92,50,INT:求人検索で採用中ヒット / INT:募集職種5=選考管理が複雑 / INT:27卒募集を明示 / SIZE:規模307=中堅(自前管理化が進む) / REACH:電話妥当 / REACH:代表者名のみ / TIM:6月=28卒設計期係数92,瀧上工業株式会社,1180001089667,,,,瀧上晶義,info@takigami.co.jp,0.4,,0569-89-2101,https://www.takigami.co.jp/,C,gBizINFO,https://www.takigami.co.jp/,人事部 ご採用ご担当者様,金属製品製造業,愛知県半田市神明町１丁目１番地,307,,,2026-06-14T18:47:15.033Z,,,,,0,,○,5,,,2027 新卒採用 金属製品/安全衛生管理／マネージャー候補／東証スタンダード上場／転勤な/安全衛生管理 上場企業×創業130年 年休122日/生産技能/施工管理,,,,,求人ボックス,,,,,,,A(300-1000),不人気:メーカー,,人事部 ご採用ご担当者様,瀧上工業株式会社
66,ナーチャリング,73,新卒フラグ確定｜規模653=大手寄り(競合ATS懸念)｜電話妥当｜6月=28卒設計期係数92,93,20,68,92,50,INT:新卒フラグ確定 / INT:募集職種4=選考管理が複雑 / SIZE:規模653=大手寄り(競合ATS懸念) / REACH:電話妥当 / REACH:代表者名のみ / TIM:6月=28卒設計期係数92,株式会社日阪製作所,1120001087750,,,,宇佐美俊哉,info@hisaka.co.jp,0.4,,06-6363-0006,https://www.hisaka.co.jp/,C,gBizINFO,https://www.hisaka.co.jp/,人事部 ご採用ご担当者様,産業機械製造販売,大阪府大阪市北区曾根崎２丁目１２番７号,653,,,2026-06-14T18:25:45.989Z,○,,,,0,,,,,,,エンジニア/営業/介護/看護,○,https://www.hisaka.co.jp/recruiting/career.html,○,,,,,,,,A(300-1000),不人気:メーカー,,人事部 ご採用ご担当者様,株式会社日阪製作所
66,ナーチャリング,73,新卒フラグ確定｜規模587=大手寄り(競合ATS懸念)｜電話妥当｜6月=28卒設計期係数92,93,20,68,92,50,INT:新卒フラグ確定 / INT:募集職種4=選考管理が複雑 / SIZE:規模587=大手寄り(競合ATS懸念) / REACH:電話妥当 / REACH:代表者名のみ / TIM:6月=28卒設計期係数92,新日本建設株式会社,2040001003186,,,,髙見克司,info@shinnihon-c.co.jp,0.4,,043-213-1111,https://www.shinnihon-c.co.jp/,C,gBizINFO,https://www.shinnihon-c.co.jp/,人事部 ご採用ご担当者様,総合建設業、不動産開発事業,千葉県千葉市美浜区ひび野１丁目４番３,587,,,2026-06-14T18:27:22.404Z,○,,,,0,,,,,,,営業/企画/施工管理/販売,○,https://www.shinnihon-c.co.jp/recruit/career.php,○,,,,,,,,A(300-1000),不人気:建設住宅設備,,人事部 ご採用ご担当者様,新日本建設株式会社
66,ナーチャリング,74,新卒フラグ確定｜規模730=大手寄り(競合ATS懸念)｜電話妥当｜6月=28卒設計期係数92,88,20,68,92,80,INT:新卒フラグ確定 / SIZE:規模730=大手寄り(競合ATS懸念) / REACH:電話妥当 / REACH:代表者名のみ / TIM:6月=28卒設計期係数92 / TRUST:設立47年=継続採用の体力,株式会社昭和メディカルサイエンス,1010001112338,,,,氏家永一郎,info@sms.co.jp,0.4,,042-795-6000,https://www.sms.co.jp/,C,gBizINFO,https://www.sms.co.jp/,人事部 ご採用ご担当者様,臨床検査受託業,東京都千代田区麹町４丁目７番５号,730,,1979,2026-06-14T18:27:49.896Z,○,,,,0,,,,,,,営業,○,https://www.sms.co.jp/recruit/,○,,,,,,,,A(300-1000),セグメント外判定(緩め採用),,人事部 ご採用ご担当者様,株式会社昭和メディカルサイエンス
65,ナーチャリング,73,新卒フラグ確定｜規模732=大手寄り(競合ATS懸念)｜電話妥当｜6月=28卒設計期係数92,88,20,68,92,50,INT:新卒フラグ確定 / SIZE:規模732=大手寄り(競合ATS懸念) / REACH:電話妥当 / REACH:代表者名のみ / TIM:6月=28卒設計期係数92,株式会社京進,1130001017021,,,,立木康之,,0,,075-365-1500,https://group.kyoshin.co.jp/,C,gBizINFO,https://group.kyoshin.co.jp/,人事部 ご採用ご担当者様,【私たちは、全従業員の物心両面の豊かさを追求するとともに、日本と世界の教育・文化の向上、社会の進歩と善良化に貢献します】,京都府京都市下京区烏丸通五条下る大坂町３８２番地１,732,,,2026-06-14T18:24:56.442Z,○,,,,0,,,,,,,介護,○,https://group.kyoshin.co.jp/recruit/,○,,,,,,,,A(300-1000),toC:サービス,,人事部 ご採用ご担当者様,株式会社京進
65,ナーチャリング,73,新卒フラグ確定｜規模691=大手寄り(競合ATS懸念)｜電話妥当｜6月=28卒設計期係数92,88,20,68,92,50,INT:新卒フラグ確定 / SIZE:規模691=大手寄り(競合ATS懸念) / REACH:電話妥当 / REACH:代表者名のみ / TIM:6月=28卒設計期係数92,株式会社サイネックス,1120001079723,,,,村田吉優,info@scinex.co.jp,0.4,,06-6766-3333,https://www.scinex.co.jp/,C,gBizINFO,https://www.scinex.co.jp/,人事部 ご採用ご担当者様,広告業、出版業、印刷業、情報関連事業,大阪府大阪市天王寺区上本町５丁目３番１５号,691,,,2026-06-14T18:25:43.555Z,○,,,,0,,,,,,,,○,https://www.scinex.co.jp/recruitment/new-graduate/,○,,,,,,,,A(300-1000),不人気:メーカー,,人事部 ご採用ご担当者様,株式会社サイネックス
55,ナーチャリング,63,採用ページのみ(代理推定)｜規模320=中堅(自前管理化が進む)｜電話妥当｜6月=28卒設計期係数92,40,40,68,92,80,INT:採用ページのみ(代理推定) / SIZE:規模320=中堅(自前管理化が進む) / REACH:電話妥当 / REACH:代表者名のみ / TIM:6月=28卒設計期係数92 / TRUST:設立36年=継続採用の体力,株式会社ケイテック,1140001007384,,,,北野正巳,info@ktec-akashi.co.jp,0.4,,078-921-1438,https://www.ktec-akashi.co.jp/,C,gBizINFO,https://www.ktec-akashi.co.jp/,人事部 ご採用ご担当者様,モータサイクル及びジェットスキー等カワサキ製品の３Ｄモデリング、サービスマニュアル制作、ＣＧ制作、システム開発・運用・保,兵庫県明石市川崎町１番１号,320,,1990,2026-06-14T18:24:42.785Z,,,,,0,,,,,,,,○,https://www.ktec-akashi.co.jp/recruit/index.html,,,,,,,,,A(300-1000),不人気:ソフト通信,,人事部 ご採用ご担当者様,株式会社ケイテック
55,ナーチャリング,63,採用ページのみ(代理推定)｜規模378=中堅(自前管理化が進む)｜電話妥当｜6月=28卒設計期係数92,40,40,68,92,80,INT:採用ページのみ(代理推定) / SIZE:規模378=中堅(自前管理化が進む) / REACH:電話妥当 / REACH:代表者名のみ / TIM:6月=28卒設計期係数92 / TRUST:設立31年=継続採用の体力,株式会社エラン,1100001014640,,,,峯崎友宏,info@kkelan.com,0.4,,0263-30-1564,https://www.kkelan.com/,C,gBizINFO,https://www.kkelan.com/,人事部 ご採用ご担当者様,入院セット「CSセット」の提供,長野県松本市出川町１５番１２号,378,,1995,2026-06-14T18:32:35.323Z,,,,,0,,,,,,,事務,○,https://www.kkelan.com/contact/recruit/,,,,,,,,,A(300-1000),セグメント外判定(緩め採用),,人事部 ご採用ご担当者様,株式会社エラン
53,ナーチャリング,61,採用ページのみ(代理推定)｜規模444=中堅(自前管理化が進む)｜電話妥当｜6月=28卒設計期係数92,40,40,68,92,50,INT:採用ページのみ(代理推定) / SIZE:規模444=中堅(自前管理化が進む) / REACH:電話妥当 / REACH:代表者名のみ / TIM:6月=28卒設計期係数92,サンコーテクノ株式会社,2040001040188,,,,洞下英人,info@sanko-techno.co.jp,0.4,,04-7157-3535,https://sanko-techno.co.jp/,C,gBizINFO,https://sanko-techno.co.jp/,人事部 ご採用ご担当者様,建設資材（あと施工アンカー・ドリルビット・ファスナー等）、複合材、防水材、各種測定器の企画開発・製造・販売・施工および輸,千葉県流山市南流山３丁目１０番地１６,444,,,2026-06-14T18:27:28.532Z,,,,,0,,,,,,,,○,https://sanko-techno-recruit.com/career/,,,,,,,,,A(300-1000),不人気:メーカー,,人事部 ご採用ご担当者様,サンコーテクノ株式会社
52,ナーチャリング,61,採用ページのみ(代理推定)｜規模450=中堅(自前管理化が進む)｜電話妥当｜6月=28卒設計期係数92,40,40,60,92,50,INT:採用ページのみ(代理推定) / SIZE:規模450=中堅(自前管理化が進む) / REACH:電話妥当 / TIM:6月=28卒設計期係数92,株式会社アース,1080001011764,,,,,info@earth-group.co.jp,0.4,,0120-233-140,https://earth-group.co.jp/saiyou/,D,gBizINFO,https://earth-group.co.jp/saiyou/,人事部 ご採用ご担当者様,〇介護保険関連事業 介護付有料老人ホーム/訪問介護/通所介護/ 居宅介護支援/グループホーム/ 福祉用具貸与・販売・住宅,静岡県静岡市葵区呉服町１丁目３０番地札の辻クロス２Ｆ,450,,,2026-06-14T18:58:24.388Z,,,,,,,,,,,,,,,,,,,,,,,A(300-1000),不人気:建設住宅設備,,人事部 ご採用ご担当者様,株式会社アース
50,ナーチャリング,60,採用ページのみ(代理推定)｜規模689=大手寄り(競合ATS懸念)｜電話妥当｜6月=28卒設計期係数92,40,20,68,92,80,INT:採用ページのみ(代理推定) / SIZE:規模689=大手寄り(競合ATS懸念) / REACH:電話妥当 / REACH:代表者名のみ / TIM:6月=28卒設計期係数92 / TRUST:設立62年=継続採用の体力,アイコム株式会社,1120001019349,,,,中岡洋詞,info@icom.co.jp,0.4,,0120-156-313,https://www.icom.co.jp/,C,gBizINFO,https://www.icom.co.jp/,人事部 ご採用ご担当者様,無線通信機器、ネットワーク機器等の製造、販売,大阪府大阪市平野区加美鞍作１丁目６番１９号,689,,1964,2026-06-14T18:23:33.565Z,,,,,0,,,,,,,,○,https://www.icom.co.jp/job/recruit/,,,,,,,,,A(300-1000),不人気:メーカー,,人事部 ご採用ご担当者様,アイコム株式会社
50,ナーチャリング,60,採用ページのみ(代理推定)｜規模665=大手寄り(競合ATS懸念)｜電話妥当｜6月=28卒設計期係数92,40,20,68,92,80,INT:採用ページのみ(代理推定) / SIZE:規模665=大手寄り(競合ATS懸念) / REACH:電話妥当 / REACH:代表者名のみ / TIM:6月=28卒設計期係数92 / TRUST:設立77年=継続採用の体力,株式会社モロオ,1430001017032,,,,師尾忠和,info@moroo.co.jp,0.4,,011-618-2323,https://www.moroo.co.jp/,C,gBizINFO,https://www.moroo.co.jp/,人事部 ご採用ご担当者様,○医薬品、検査試薬、健康食品、ＯＡ機器の卸売販売 ○コンピューターシステム・ソフト開発および販売 ○福祉用具のレン,北海道札幌市中央区北三条西１５丁目１番地の５０,665,,1949,2026-06-14T18:24:30.295Z,,,,,0,,,,,,,,○,https://recruit.moroo.co.jp/news/career-msls/,,,,,,,,,A(300-1000),toC:メーカー,,人事部 ご採用ご担当者様,株式会社モロオ
50,ナーチャリング,60,採用ページのみ(代理推定)｜規模502=大手寄り(競合ATS懸念)｜電話妥当｜6月=28卒設計期係数92,40,20,68,92,80,INT:採用ページのみ(代理推定) / SIZE:規模502=大手寄り(競合ATS懸念) / REACH:電話妥当 / REACH:代表者名のみ / TIM:6月=28卒設計期係数92 / TRUST:設立78年=継続採用の体力,丸彦渡辺建設株式会社,2430001023599,,,,鵜飼勇人,info@maruhiko.co.jp,0.4,,011-811-8121,https://www.maruhiko.co.jp/,C,gBizINFO,https://www.maruhiko.co.jp/,人事部 ご採用ご担当者様,建設業,北海道札幌市豊平区豊平六条６丁目５番８号,502,,1948,2026-06-14T18:26:41.759Z,,,,,0,,,,,,,営業/事務,○,https://www.maruhiko.co.jp/recruit,,,,,,,,,A(300-1000),不人気:建設住宅設備,,人事部 ご採用ご担当者様,丸彦渡辺建設株式会社
50,ナーチャリング,60,採用ページのみ(代理推定)｜規模713=大手寄り(競合ATS懸念)｜電話妥当｜6月=28卒設計期係数92,40,20,68,92,80,INT:採用ページのみ(代理推定) / SIZE:規模713=大手寄り(競合ATS懸念) / REACH:電話妥当 / REACH:代表者名のみ / TIM:6月=28卒設計期係数92 / TRUST:設立56年=継続採用の体力,株式会社ぎょうせい,1010001100425,,,,西本功二,info@gyosei.jp,0.4,,0120-953-431,https://gyosei.jp/,C,gBizINFO,https://gyosei.jp/,人事部 ご採用ご担当者様,●図書総合 法令関連の書籍を中心に、時宜にかなった書籍を企画・編集・出版 ●システム 法令・例規関連システムをはじめ,東京都中央区銀座７丁目４番１２号,713,,1970,2026-06-14T18:27:43.184Z,,,,,0,,,,,,,,○,https://gyosei.jp/recruit/,,,,,,,,,A(300-1000),不人気:ソフト通信,,人事部 ご採用ご担当者様,株式会社ぎょうせい
50,ナーチャリング,60,採用ページのみ(代理推定)｜規模548=大手寄り(競合ATS懸念)｜電話妥当｜6月=28卒設計期係数92,40,20,68,92,80,INT:採用ページのみ(代理推定) / SIZE:規模548=大手寄り(競合ATS懸念) / REACH:電話妥当 / REACH:代表者名のみ / TIM:6月=28卒設計期係数92 / TRUST:設立34年=継続採用の体力,新安全警備保障株式会社,1050001004969,,,,小俣力男,info@shinanzenkeibi.com,0.4,,029-304-1851,https://shinanzenkeibi.com/,C,gBizINFO,https://shinanzenkeibi.com/,人事部 ご採用ご担当者様,警備業,茨城県水戸市吉沢町３５７番地の１,548,,1992,2026-06-14T18:34:09.047Z,,,,,0,,,,,,,介護/販売,○,https://shinanzenkeibi.com/recruit/,,,,,,,,,A(300-1000),セグメント外判定(緩め採用),,人事部 ご採用ご担当者様,新安全警備保障株式会社
42,後回し,66,新卒シグナル無し｜規模305=中堅(自前管理化が進む)｜電話妥当｜6月=28卒設計期係数92,10,40,60,92,50,INT:新卒シグナル無し / SIZE:規模305=中堅(自前管理化が進む) / REACH:電話妥当 / TIM:6月=28卒設計期係数92,株式会社システムイオ,1040001013715,,,,,info@systemio.co.jp,0.4,,03-6809-4802,https://www.systemio.co.jp/,D,gBizINFO,https://www.systemio.co.jp/,人事部 ご採用ご担当者様,コンピュータに関わる各種システムコンサルティング パソコン・大型汎用機に依る各種ソフトウェア開発 パソコン及び周辺機器の,千葉県千葉市美浜区中瀬２丁目６番地１ワールドビジネスガーデンマリブウエスト２４階,305,,,2026-06-14T18:55:01.232Z,,,,,,,,,,,,,,,,,,,,,,,A(300-1000),不人気:ソフト通信,,人事部 ご採用ご担当者様,株式会社システムイオ
42,後回し,66,新卒シグナル無し｜規模423=中堅(自前管理化が進む)｜電話妥当｜6月=28卒設計期係数92,10,40,60,92,50,INT:新卒シグナル無し / SIZE:規模423=中堅(自前管理化が進む) / REACH:電話妥当 / TIM:6月=28卒設計期係数92,株式会社カネマツ,1140001029825,,,,,info@kanematsu-group.co.jp,0.4,,078-325-2112,https://www.kanematsu-group.co.jp/,D,gBizINFO,https://www.kanematsu-group.co.jp/,人事部 ご採用ご担当者様,生活関連サービス業（娯楽業）,兵庫県神戸市中央区明石町３２番地,423,,,2026-06-14T18:56:10.205Z,,,,,,,,,,,,,,,,,,,,,,,A(300-1000),セグメント外判定(緩め採用),,人事部 ご採用ご担当者様,株式会社カネマツ
42,後回し,66,新卒シグナル無し｜規模302=中堅(自前管理化が進む)｜電話妥当｜6月=28卒設計期係数92,10,40,60,92,50,INT:新卒シグナル無し / SIZE:規模302=中堅(自前管理化が進む) / REACH:電話妥当 / TIM:6月=28卒設計期係数92,株式会社オンダ製作所,2200001006536,,,,,info@onda.co.jp,0.4,,0575-24-8585,https://www.onda.co.jp/,D,gBizINFO,https://www.onda.co.jp/,人事部 ご採用ご担当者様,住宅関連部材の製造・販売,岐阜県山県市富永１８番地,302,,,2026-06-14T19:02:06.827Z,,,,,,,,,,,,,,,,,,,,,,,A(300-1000),不人気:メーカー,,人事部 ご採用ご担当者様,株式会社オンダ製作所
89,今週架電,78,新卒フラグ確定｜規模126=スイート(50-150)｜電話妥当｜6月=28卒設計期係数92,93,100,68,92,80,INT:新卒フラグ確定 / INT:募集職種5=選考管理が複雑 / SIZE:規模126=スイート(50-150) / REACH:電話妥当 / REACH:代表者名のみ / TIM:6月=28卒設計期係数92 / TRUST:設立41年=継続採用の体力,株式会社システムリサーチ,1140001056258,,,,山田良作,info@sr-co.co.jp,0.4,,0796-42-4435,https://www.sr-co.co.jp/about/wlb/,C,gBizINFO,https://www.sr-co.co.jp/about/wlb/,人事部 ご採用ご担当者様,ソフトウェア開発・機器販売,兵庫県豊岡市日高町国分寺１５８番地１,126,,1985,2026-06-14T18:26:48.963Z,○,,,,0,,,,,,,エンジニア/営業/事務/介護/コンサル,○,https://www.sr-co.co.jp/recruit/,○,,,,,,,,B(100-299),不人気:ソフト通信,,人事部 ご採用ご担当者様,株式会社システムリサーチ
83,今週架電,77,新卒フラグ確定｜規模182=スイート上限超(150-250)｜電話妥当｜6月=28卒設計期係数92,93,76,68,92,80,INT:新卒フラグ確定 / INT:募集職種4=選考管理が複雑 / SIZE:規模182=スイート上限超(150-250) / REACH:電話妥当 / REACH:代表者名のみ / TIM:6月=28卒設計期係数92 / TRUST:設立78年=継続採用の体力,商船三井テクノトレード株式会社,1010001074512,,,,福島正男,info@motech.co.jp,0.4,,045-228-8808,https://www.motech.co.jp/,C,gBizINFO,https://www.motech.co.jp/,人事部 ご採用ご担当者様,船舶用の燃料油・潤滑油の販売、各種機器・資材・部品・通信関連機材の販売など,東京都千代田区神田錦町２丁目２番地１,182,,1948,2026-06-14T18:25:31.298Z,○,,,,0,,,,,,,営業/事務/企画/販売,○,https://www.motech.co.jp/recruit/,○,,,,,,,,B(100-299),不人気:メーカー,,人事部 ご採用ご担当者様,商船三井テクノトレード株式会社
83,今週架電,73,求人検索で採用中ヒット｜規模110=スイート(50-150)｜電話妥当｜6月=28卒設計期係数92,77,100,68,92,80,INT:求人検索で採用中ヒット / INT:募集職種4=選考管理が複雑 / SIZE:規模110=スイート(50-150) / REACH:電話妥当 / REACH:代表者名のみ / TIM:6月=28卒設計期係数92 / TRUST:設立55年=継続採用の体力,東名通信工業株式会社,1180001086061,,,,波多野佳明,info@toumei.co.jp,0.4,,059-330-2151,https://www.toumei.co.jp/,C,gBizINFO,https://www.toumei.co.jp/,人事部 ご採用ご担当者様,,愛知県稲沢市天池光田町１００番地３,110,,1971,2026-06-14T18:43:59.953Z,,,,,0,,○,2,,,稲沢市／総務 人事・経理など／完全週休二日制／残業月10h／/NTTグループ取引で安定／企画総務部で経理・総務ポジション／,,,,,求人ボックス,,,,,,,B(100-299),業種空欄(緩め採用),,人事部 ご採用ご担当者様,東名通信工業株式会社
82,今週架電,73,求人検索で採用中ヒット｜規模133=スイート(50-150)｜電話妥当｜6月=28卒設計期係数92,72,100,68,92,80,INT:求人検索で採用中ヒット / SIZE:規模133=スイート(50-150) / REACH:電話妥当 / REACH:代表者名のみ / TIM:6月=28卒設計期係数92 / TRUST:設立63年=継続採用の体力,岡本興業株式会社,1430001003222,,,,岡本敏秀,info@okamoto.co.jp,0.4,,027-385-5800,https://www.okamoto.co.jp/,C,gBizINFO,https://www.okamoto.co.jp/,人事部 ご採用ご担当者様,砕石業,北海道札幌市南区真駒内本町１丁目１番１号,133,,1963,2026-06-14T18:40:18.141Z,,,,,0,,○,1,,,即日勤務OK 正社員登用有,,,,,求人ボックス,,,,,,,B(100-299),セグメント外判定(緩め採用),,人事部 ご採用ご担当者様,岡本興業株式会社
81,今週架電,77,新卒フラグ確定｜規模200=スイート上限超(150-250)｜電話妥当｜6月=28卒設計期係数92,88,76,68,92,80,INT:新卒フラグ確定 / SIZE:規模200=スイート上限超(150-250) / REACH:電話妥当 / REACH:代表者名のみ / TIM:6月=28卒設計期係数92 / TRUST:設立75年=継続採用の体力,ネクスト・ワン株式会社,1140001043264,,,,新藤英治,,0,,079-421-1111,https://www.next-1.co.jp/,C,gBizINFO,https://www.next-1.co.jp/,人事部 ご採用ご担当者様,各種高圧ガス卸販売,兵庫県加古川市加古川町粟津８０５番地の３,200,,1951,2026-06-14T18:26:44.951Z,○,,,,0,,,,,,,営業/事務,○,https://www.next-1.co.jp/recruit/,○,,,,,,,,B(100-299),セグメント外判定(緩め採用),,人事部 ご採用ご担当者様,株式会社ネクストワン
81,今週架電,77,新卒フラグ確定｜規模223=スイート上限超(150-250)｜電話妥当｜6月=28卒設計期係数92,88,76,68,92,80,INT:新卒フラグ確定 / SIZE:規模223=スイート上限超(150-250) / REACH:電話妥当 / REACH:代表者名のみ / TIM:6月=28卒設計期係数92 / TRUST:設立69年=継続採用の体力,国際自動車株式会社,2020001012817,,,,吾妻伸之,info@km-group.co.jp,0.4,,03-5745-5935,https://www.km-group.co.jp/company/group.php,C,gBizINFO,https://www.km-group.co.jp/company/group.php,人事部 ご採用ご担当者様,一般乗用旅客自動車運送事業,神奈川県横浜市南区六ツ川３丁目１３番地の６,223,,1957,2026-06-14T18:28:10.650Z,○,,,,0,,,,,,,,○,https://www.km-group.co.jp/csr/mid-career-recruitment/,○,,,,,,,,B(100-299),不人気:メーカー,,人事部 ご採用ご担当者様,国際自動車株式会社
81,今週架電,77,新卒フラグ確定｜規模209=スイート上限超(150-250)｜電話妥当｜6月=28卒設計期係数92,88,76,68,92,80,INT:新卒フラグ確定 / SIZE:規模209=スイート上限超(150-250) / REACH:電話妥当 / REACH:代表者名のみ / TIM:6月=28卒設計期係数92 / TRUST:設立73年=継続採用の体力,株式会社イートラスト,1110001022452,,,,酒井龍市,info@etrust.ne.jp,0.4,,03-5246-4531,https://www.etrust.ne.jp/,C,gBizINFO,https://www.etrust.ne.jp/,人事部 ご採用ご担当者様,電気・通信事業を中心とした工事施工やシステムの構築,新潟県長岡市北陽１丁目５３番地５４,209,,1953,2026-06-14T18:32:22.572Z,○,,,,0,,,,,,,,○,https://www.etrust.ne.jp/recruit/,○,,,,,,,,B(100-299),不人気:ソフト通信,,人事部 ご採用ご担当者様,株式会社イー・トラスト
79,今週架電,76,新卒フラグ確定｜規模192=スイート上限超(150-250)｜電話妥当｜6月=28卒設計期係数92,88,76,68,92,50,INT:新卒フラグ確定 / SIZE:規模192=スイート上限超(150-250) / REACH:電話妥当 / REACH:代表者名のみ / TIM:6月=28卒設計期係数92,高橋カーテンウォール工業株式会社,1010001049480,,,,高橋武治,info@t-cw.co.jp,0.4,,03-3271-1711,https://t-cw.co.jp/,C,gBizINFO,https://t-cw.co.jp/,人事部 ご採用ご担当者様,プレキャストコンクリートカーテンウォールの設計、製造、施工,東京都中央区日本橋本町１丁目５番４号,192,,,2026-06-14T18:25:11.426Z,○,,,,0,,,,,,,事務/マーケティング,○,https://t-cw.co.jp/entry/company/,○,,,,,,,,B(100-299),不人気:メーカー,,人事部 ご採用ご担当者様,高橋カーテンウォール工業株式会社
78,今週架電,72,求人検索で採用中ヒット｜規模214=スイート上限超(150-250)｜電話妥当｜6月=28卒設計期係数92,80,76,68,92,80,INT:求人検索で採用中ヒット / INT:募集職種8=選考管理が複雑 / INT:27卒募集を明示 / SIZE:規模214=スイート上限超(150-250) / REACH:電話妥当 / REACH:代表者名のみ / TIM:6月=28卒設計期係数92 / TRUST:設立62年=継続採用の体力,株式会社ヒロコーポレーション,2200001008111,,,,伊藤玲子,info@hiro-corp.co.jp,0.4,,058-279-0011,http://www.hiro-corp.co.jp/,C,gBizINFO,http://www.hiro-corp.co.jp/,人事部 ご採用ご担当者様,リネンサプライ業　寝具・衣類のリース,岐阜県岐阜市柳津町上佐波西５丁目３１番地,214,,1964,2026-06-14T18:49:50.283Z,,,,,0,,○,7,,,シーツやタオルのルート配送／営業活動はなし!早番は16:30/「営業事務・CAD事務」／20～30代が中心に活躍中・基本定/剪定・伐採スタッフ 未経験大歓迎 技術を身に付ける! シンプ/正看護師/2027 新卒採用 不動産,,,,,求人ボックス,,,,,,,B(100-299),セグメント外判定(緩め採用),,人事部 ご採用ご担当者様,株式会社ヒロコーポレーション
73,今週架電,75,新卒フラグ確定｜規模270=中堅(自前管理化が進む)｜電話妥当｜6月=28卒設計期係数92,93,40,68,92,80,INT:新卒フラグ確定 / INT:募集職種3=選考管理が複雑 / SIZE:規模270=中堅(自前管理化が進む) / REACH:電話妥当 / REACH:代表者名のみ / TIM:6月=28卒設計期係数92 / TRUST:設立62年=継続採用の体力,奥村機械株式会社,1120001155391,,,,奥村弘幸,info@okumura-kikai.co.jp,0.4,,06-6901-7016,https://www.okumura-kikai.co.jp/,C,gBizINFO,https://www.okumura-kikai.co.jp/,人事部 ご採用ご担当者様,建設機械の賃貸・販売・メンテナンス業,大阪府守口市佐太中町２丁目５番３号,270,,1964,2026-06-14T18:28:01.442Z,○,,,,0,,,,,,,営業/事務/販売,○,https://www.okumura-kikai.co.jp/recruit-career/,○,,,,,,,,B(100-299),不人気:メーカー,,人事部 ご採用ご担当者様,奥村機械株式会社
71,今週架電,69,採用ページのみ(代理推定)｜規模137=スイート(50-150)｜電話妥当｜6月=28卒設計期係数92,40,100,68,92,80,INT:採用ページのみ(代理推定) / SIZE:規模137=スイート(50-150) / REACH:電話妥当 / REACH:代表者名のみ / TIM:6月=28卒設計期係数92 / TRUST:設立75年=継続採用の体力,キンセイマテック株式会社,1120001078320,,,,高橋哲彦,info@kinseimatec.co.jp,0.4,,06-6221-0500,https://www.kinseimatec.co.jp/,C,gBizINFO,https://www.kinseimatec.co.jp/,人事部 ご採用ご担当者様,工業用素材原料の製造販売,大阪府大阪市中央区平野町２丁目３番７号,137,,1951,2026-06-14T18:25:39.395Z,,,,,0,,,,,,,エンジニア,○,https://www.kinseimatec.co.jp/recruit/,,,,,,,,,B(100-299),不人気:メーカー,,人事部 ご採用ご担当者様,キンセイマテック株式会社
71,今週架電,69,採用ページのみ(代理推定)｜規模114=スイート(50-150)｜電話妥当｜6月=28卒設計期係数92,40,100,68,92,80,INT:採用ページのみ(代理推定) / SIZE:規模114=スイート(50-150) / REACH:電話妥当 / REACH:代表者名のみ / TIM:6月=28卒設計期係数92 / TRUST:設立22年=継続採用の体力,バルテス・ホールディングス株式会社,1120001107293,,,,兼田中真史,info@valtes-hd.co.jp,0.4,,06-6534-6570,https://www.valtes-hd.co.jp/,C,gBizINFO,https://www.valtes-hd.co.jp/,人事部 ご採用ご担当者様,,大阪府大阪市西区阿波座１丁目３番１５号,114,,2004,2026-06-14T18:27:57.393Z,,,,,0,,,,,,,,○,https://recruit.valtes.co.jp/careers/business/,,,,,,,,,B(100-299),業種空欄(緩め採用),,人事部 ご採用ご担当者様,バルテス・ホールディングス株式会社
65,ナーチャリング,67,採用ページのみ(代理推定)｜規模206=スイート上限超(150-250)｜電話妥当｜6月=28卒設計期係数92,40,76,68,92,80,INT:採用ページのみ(代理推定) / SIZE:規模206=スイート上限超(150-250) / REACH:電話妥当 / REACH:代表者名のみ / TIM:6月=28卒設計期係数92 / TRUST:設立48年=継続採用の体力,ＳＭＦＬレンタル株式会社,1010001114136,,,,大村尚之,info@smfl-r.co.jp,0.4,,03-5226-5020,https://www.smfl-r.co.jp/,C,gBizINFO,https://www.smfl-r.co.jp/,人事部 ご採用ご担当者様,パソコン・ワークステーション等IT機器のリースおよびレンタル、売買、IT機器導入支援・保守等オプションサービス 電子計測,東京都千代田区一ツ橋２丁目１番１号,206,,1978,2026-06-14T18:27:54.130Z,,,,,0,,,,,,,営業/コンサル,○,https://www.smfl-r.co.jp/saiyo/,,,,,,,,,B(100-299),不人気:メーカー,,人事部 ご採用ご担当者様,ＳＭＦＬレンタル株式会社
65,ナーチャリング,67,採用ページのみ(代理推定)｜規模155=スイート上限超(150-250)｜電話妥当｜6月=28卒設計期係数92,40,76,68,92,80,INT:採用ページのみ(代理推定) / SIZE:規模155=スイート上限超(150-250) / REACH:電話妥当 / REACH:代表者名のみ / TIM:6月=28卒設計期係数92 / TRUST:設立14年=継続採用の体力,コマツ福島株式会社,2380001021591,,,,苅谷秀行,info@kics.co.jp,0.4,,024-922-2111,https://www.kics.co.jp/,C,gBizINFO,https://www.kics.co.jp/,人事部 ご採用ご担当者様,建設機械および付属品の販売・整備・賃貸,福島県郡山市字下亀田１６番地３,155,,2012,2026-06-14T18:33:55.986Z,,,,,0,,,,,,,営業/販売,○,https://www.kics.co.jp/recruit,,,,,,,,,B(100-299),不人気:メーカー,,人事部 ご採用ご担当者様,コマツ福島株式会社
61,ナーチャリング,74,新卒シグナル無し｜規模100=スイート(50-150)｜電話妥当｜6月=28卒設計期係数92,10,100,68,92,80,INT:新卒シグナル無し / SIZE:規模100=スイート(50-150) / REACH:電話妥当 / REACH:代表者名のみ / TIM:6月=28卒設計期係数92 / TRUST:設立47年=継続採用の体力,株式会社三井Ｅ＆Ｓテクニカルリサーチ,1260001022306,,,,村田和俊,info@mestrc.co.jp,0.4,,086-323-2620,https://mestrc.co.jp/,C,gBizINFO,https://mestrc.co.jp/,人事部 ご採用ご担当者様,1．レーダー調査 2．環境分析、 環境計測、成分分析 3．材料特性評価、非破壊検査、計測 4．損傷原因調査 5．余寿命評,岡山県玉野市玉３丁目１番１号,100,,1979,2026-06-14T18:33:12.229Z,,,,,0,,,,,,,,,,,,,,,,,,B(100-299),セグメント外判定(緩め採用),,人事部 ご採用ご担当者様,株式会社 三井Ｅ＆Ｓテクニカルリサーチ
59,ナーチャリング,74,新卒シグナル無し｜規模114=スイート(50-150)｜電話妥当｜6月=28卒設計期係数92,10,100,60,92,80,INT:新卒シグナル無し / SIZE:規模114=スイート(50-150) / REACH:電話妥当 / TIM:6月=28卒設計期係数92 / TRUST:設立29年=継続採用の体力,株式会社ネクスト,1370201002963,,,,,info@kk-next.com,0.4,,0228-23-8101,https://www.kk-next.com/,D,gBizINFO,https://www.kk-next.com/,人事部 ご採用ご担当者様,半導体製造装置等の精密キャビネットの設計・製造、塗装、組立。,宮城県栗原市築館字城生野入の沢２３番地,114,,1997,2026-06-14T18:59:30.142Z,,,,,,,,,,,,,,,,,,,,,,,B(100-299),不人気:メーカー,,人事部 ご採用ご担当者様,ネクスト株式会社
57,ナーチャリング,72,新卒シグナル無し｜規模135=スイート(50-150)｜電話妥当｜6月=28卒設計期係数92,10,100,60,92,50,INT:新卒シグナル無し / SIZE:規模135=スイート(50-150) / REACH:電話妥当 / TIM:6月=28卒設計期係数92,もりや産業株式会社,1120001016404,,,,,info@moriyas.co.jp,0.4,,06-6969-8030,https://www.moriyas.co.jp/,D,gBizINFO,https://www.moriyas.co.jp/,人事部 ご採用ご担当者様,当社は「包装・物流・環境」に特化した専門会社です。 事業活動の特徴としては、単なる商品の販売だけでなく、お客様の困った！,大阪府大阪市城東区放出西３丁目１０番７号,135,,,2026-06-14T18:52:49.493Z,,,,,,,,,,,,,,,,,,,,,,,B(100-299),不人気:運輸物流,,人事部 ご採用ご担当者様,もりや産業株式会社
57,ナーチャリング,72,新卒シグナル無し｜規模140=スイート(50-150)｜電話妥当｜6月=28卒設計期係数92,10,100,60,92,50,INT:新卒シグナル無し / SIZE:規模140=スイート(50-150) / REACH:電話妥当 / TIM:6月=28卒設計期係数92,大森電子株式会社,1020001008386,,,,,info@oomori.co.jp,0.4,,045-591-5431,https://www.oomori.co.jp/denshi/,D,gBizINFO,https://www.oomori.co.jp/denshi/,人事部 ご採用ご担当者様,電子機器製造業,神奈川県横浜市都筑区東山田町１番地,140,,,2026-06-14T18:53:52.663Z,,,,,,,,,,,,,,,,,,,,,,,B(100-299),不人気:メーカー,,人事部 ご採用ご担当者様,大森電子株式会社
57,ナーチャリング,72,新卒シグナル無し｜規模109=スイート(50-150)｜電話妥当｜6月=28卒設計期係数92,10,100,60,92,50,INT:新卒シグナル無し / SIZE:規模109=スイート(50-150) / REACH:電話妥当 / TIM:6月=28卒設計期係数92,ファミリー引越センター株式会社,1030001021421,,,,,info@505555.co.jp,0.4,,0120-505-555,https://505555.co.jp/,D,gBizINFO,https://505555.co.jp/,人事部 ご採用ご担当者様,運送業（引越）,埼玉県戸田市本町５丁目９番１０号,109,,,2026-06-14T18:54:32.689Z,,,,,,,,,,,,,,,,,,,,,,,B(100-299),不人気:運輸物流,,人事部 ご採用ご担当者様,ファミリー引越センター株式会社
51,ナーチャリング,70,新卒シグナル無し｜規模183=スイート上限超(150-250)｜電話妥当｜6月=28卒設計期係数92,10,76,60,92,50,INT:新卒シグナル無し / SIZE:規模183=スイート上限超(150-250) / REACH:電話妥当 / TIM:6月=28卒設計期係数92,株式会社清和,1290001001521,,,,,info@seiwa-p.co.jp,0.4,,0120-372-211,https://www.seiwa-p.co.jp/shop/guidance/corporate03.aspx,D,gBizINFO,https://www.seiwa-p.co.jp/shop/guidance/corporate03.aspx,人事部 ご採用ご担当者様,包装資材の企画・製造・販売（パッケージ通販運営会社）,福岡県福岡市南区大楠１丁目２２番２２号,183,,,2026-06-14T18:56:53.445Z,,,,,,,,,,,,,,,,,,,,,,,B(100-299),toC:小売,,人事部 ご採用ご担当者様,株式会社清和
51,ナーチャリング,70,新卒シグナル無し｜規模159=スイート上限超(150-250)｜電話妥当｜6月=28卒設計期係数92,10,76,60,92,50,INT:新卒シグナル無し / SIZE:規模159=スイート上限超(150-250) / REACH:電話妥当 / TIM:6月=28卒設計期係数92,幸楽輸送株式会社,1430001024020,,,,,info@kouraku-loginet.co.jp,0.4,,011-881-8001,https://www.kouraku-loginet.co.jp/,D,gBizINFO,https://www.kouraku-loginet.co.jp/,人事部 ご採用ご担当者様,道路貨物運送業,北海道札幌市清田区清田一条１丁目１番３３号,159,,,2026-06-14T18:57:42.474Z,,,,,,,,,,,,,,,,,,,,,,,B(100-299),不人気:運輸物流,,人事部 ご採用ご担当者様,幸楽輸送株式会社
51,ナーチャリング,70,新卒シグナル無し｜規模239=スイート上限超(150-250)｜電話妥当｜6月=28卒設計期係数92,10,76,60,92,50,INT:新卒シグナル無し / SIZE:規模239=スイート上限超(150-250) / REACH:電話妥当 / TIM:6月=28卒設計期係数92,宮城製粉株式会社,1370101001859,,,,,info@miyagiseifun.jp,0.4,,0223-23-1308,http://www.miyagiseifun.jp/,D,gBizINFO,http://www.miyagiseifun.jp/,人事部 ご採用ご担当者様,食品製造 そうざい製造、菓子製造、食肉製品製造 レトルトカレー、冷凍団子、瓶詰商品、チルド惣菜等の製造販売,宮城県亘理郡亘理町逢隈高屋字堂田４２番１１,239,,,2026-06-14T18:59:22.922Z,,,,,,,,,,,,,,,,,,,,,,,B(100-299),toC:メーカー,,人事部 ご採用ご担当者様,宮城製粉株式会社
42,後回し,66,新卒シグナル無し｜規模275=中堅(自前管理化が進む)｜電話妥当｜6月=28卒設計期係数92,10,40,60,92,50,INT:新卒シグナル無し / SIZE:規模275=中堅(自前管理化が進む) / REACH:電話妥当 / TIM:6月=28卒設計期係数92,井桁堂株式会社,1180001023238,,,,,info@igetado.co.jp,0.4,,0565-40-9201,https://www.igetado.co.jp/,D,gBizINFO,https://www.igetado.co.jp/,人事部 ご採用ご担当者様,菓子製造業,愛知県豊田市高岡町松葉１４５番地１,275,,,2026-06-14T18:53:18.478Z,,,,,,,,,,,,,,,,,,,,,,,B(100-299),toC:メーカー,,人事部 ご採用ご担当者様,井桁堂株式会社
45,後回し,74,新卒フラグ確定｜規模5587=大企業(自前/競合ATS濃厚)｜電話妥当｜6月=28卒設計期係数92,93,8,68,92,80,INT:新卒フラグ確定 / INT:募集職種3=選考管理が複雑 / SIZE:規模5587=大企業(自前/競合ATS濃厚) / REACH:電話妥当 / REACH:代表者名のみ / TIM:6月=28卒設計期係数92 / TRUST:設立79年=継続採用の体力 / NEG:大企業=自前ATS/長期商談,三井物産株式会社,1010001008767,,,,堀健一,info@mitsui.com,0.4,,03-3285-1111,https://www.mitsui.com/jp/ja/index.html,C,gBizINFO,https://www.mitsui.com/jp/ja/index.html,人事部 ご採用ご担当者様,鉄鋼製品、金属資源、エネルギー、プロジェクト、モビリティ、化学品、食料、流通事業、ウェルネス事業、ICT事業、コーポレー,東京都千代田区大手町１丁目２番１号,5587,,1947,2026-06-14T18:23:08.377Z,○,,,,0,,,,,,,企画/販売/コンサル,○,https://www.mitsui.com/jp/ja/careers/mitsuigroup/index.html,○,,,,,,,,C(1000超/大手寄り),不人気:メーカー,,人事部 ご採用ご担当者様,三井物産株式会社
45,後回し,74,新卒フラグ確定｜規模6300=大企業(自前/競合ATS濃厚)｜電話妥当｜6月=28卒設計期係数92,93,8,68,92,80,INT:新卒フラグ確定 / INT:募集職種4=選考管理が複雑 / SIZE:規模6300=大企業(自前/競合ATS濃厚) / REACH:電話妥当 / REACH:代表者名のみ / TIM:6月=28卒設計期係数92 / TRUST:設立52年=継続採用の体力 / NEG:大企業=自前ATS/長期商談,株式会社コアズ,1180001035761,,,,加藤僚,info@corps.co.jp,0.4,,052-202-0018,https://corps-inc.jp/,C,gBizINFO,https://corps-inc.jp/,人事部 ご採用ご担当者様,警備業・ビルメンテナンス業,愛知県名古屋市中区錦１丁目１６番２０号,6300,,1974,2026-06-14T18:23:59.070Z,○,,,,0,,,,,,,営業/事務/施工管理/販売,○,https://corps-inc.jp/recruit/,○,,,,,,,,C(1000超/大手寄り),セグメント外判定(緩め採用),,人事部 ご採用ご担当者様,株式会社コアズ
43,後回し,72,新卒フラグ確定｜規模5445=大企業(自前/競合ATS濃厚)｜電話妥当｜6月=28卒設計期係数92,93,8,68,92,50,INT:新卒フラグ確定 / INT:募集職種4=選考管理が複雑 / SIZE:規模5445=大企業(自前/競合ATS濃厚) / REACH:電話妥当 / REACH:代表者名のみ / TIM:6月=28卒設計期係数92 / NEG:大企業=自前ATS/長期商談,東建コーポレーション株式会社,1180001054828,,,,兼左右田善猛,info@token.co.jp,0.4,,0120-518-200,https://www.token.co.jp/,C,gBizINFO,https://www.token.co.jp/,人事部 ご採用ご担当者様,賃貸マンション、アパート、ワンイヤー（家具家電付一年賃貸）、貸店舗等の企画、設計、施工監理ならびに仲介、管理、経営代行業,愛知県名古屋市中区丸の内２丁目１番３３号,5445,,,2026-06-14T18:25:58.030Z,○,,,,0,,,,,,,営業/施工管理/販売/コンサル,○,https://www.token.co.jp/recruit/,○,,,,,,,,C(1000超/大手寄り),セグメント外判定(緩め採用),,人事部 ご採用ご担当者様,東建コーポレーション株式会社
42,後回し,73,新卒フラグ確定｜規模10158=大企業(自前/競合ATS濃厚)｜電話妥当｜6月=28卒設計期係数92,88,8,68,92,55,INT:新卒フラグ確定 / SIZE:規模10158=大企業(自前/競合ATS濃厚) / REACH:電話妥当 / REACH:代表者名のみ / TIM:6月=28卒設計期係数92 / TRUST:設立2年=若い / NEG:大企業=自前ATS/長期商談,富士ソフト株式会社,2010001246985,,,,室岡光浩,info@fsi.co.jp,0.4,,045-650-8811,https://www.fsi.co.jp/,C,gBizINFO,https://www.fsi.co.jp/,人事部 ご採用ご担当者様,業務システム開発・組み込み系ソフト開発 ・アウトソーシング・プロダクト＆サービス他,神奈川県横浜市中区桜木町１丁目１番地,10158,,2024,2026-06-14T18:28:10.055Z,○,,,,0,,,,,,,営業,○,https://www.fsi.co.jp/recruit/,○,,,,,,,,C(1000超/大手寄り),不人気:ソフト通信,,人事部 ご採用ご担当者様,富士ソフト株式会社
41,後回し,72,新卒フラグ確定｜規模4024=大企業(自前/競合ATS濃厚)｜電話妥当｜6月=28卒設計期係数92,88,8,68,92,50,INT:新卒フラグ確定 / SIZE:規模4024=大企業(自前/競合ATS濃厚) / REACH:電話妥当 / REACH:代表者名のみ / TIM:6月=28卒設計期係数92 / NEG:大企業=自前ATS/長期商談,株式会社トーホー,1140001002071,,,,奥野邦治,info@to-ho.co.jp,0.4,,078-845-2400,https://www.to-ho.co.jp/,C,gBizINFO,https://www.to-ho.co.jp/,人事部 ご採用ご担当者様,㈱トーホー ・各事業会社の経営管理 ・業務用食品の仕入・調達・開発、業務用コーヒーの製造 ㈱トーホーフードサービス／㈱ト,兵庫県神戸市東灘区向洋町西５丁目９番,4024,,,2026-06-14T18:24:35.210Z,○,,,,0,,,,,,,,○,https://www.to-ho.co.jp/recruit.html,○,,,,,,,,C(1000超/大手寄り),toC:サービス,,人事部 ご採用ご担当者様,株式会社トーホー
40,後回し,66,求人検索で採用中ヒット｜規模1961=大企業(自前/競合ATS濃厚)｜電話妥当｜6月=28卒設計期係数92,77,8,68,92,80,INT:求人検索で採用中ヒット / INT:募集職種6=選考管理が複雑 / SIZE:規模1961=大企業(自前/競合ATS濃厚) / REACH:電話妥当 / REACH:代表者名のみ / TIM:6月=28卒設計期係数92 / TRUST:設立48年=継続採用の体力 / NEG:大企業=自前ATS/長期商談,アース環境サービス株式会社,1010001009823,,,,田渕徹,info@earth.jp,0.4,,0120-816-456,https://www.earth.jp/,C,gBizINFO,https://www.earth.jp/,人事部 ご採用ご担当者様,,東京都中央区晴海４丁目７番４号,1961,,1978,2026-06-14T18:37:46.103Z,,,,,0,,○,17,,,事務 一般事務／外勤業務 土日休み／残業ほぼなし／時短勤務O/「技術営業／北海道」総合環境衛生管理工場の品質サポート/「技術営業／静岡」総合環境衛生管理工場の品質サポート/提案営業 未経験歓迎 衛生環境の改善に寄与／アース・大塚グル/「技術営業／茨城」総合環境衛生管理工場の品質サポート,,,,,求人ボックス,,,,,,,C(1000超/大手寄り),業種空欄(緩め採用),,人事部 ご採用ご担当者様,アース環境サービス株式会社
40,後回し,66,求人検索で採用中ヒット｜規模2301=大企業(自前/競合ATS濃厚)｜電話妥当｜6月=28卒設計期係数92,77,8,68,92,80,INT:求人検索で採用中ヒット / INT:募集職種5=選考管理が複雑 / SIZE:規模2301=大企業(自前/競合ATS濃厚) / REACH:電話妥当 / REACH:代表者名のみ / TIM:6月=28卒設計期係数92 / TRUST:設立66年=継続採用の体力 / NEG:大企業=自前ATS/長期商談,ハーベスト株式会社,1020001010441,,,,脇本実,info@harvest-corp.co.jp,0.4,,045-336-1100,https://www.harvest-corp.co.jp/,C,gBizINFO,https://www.harvest-corp.co.jp/,人事部 ご採用ご担当者様,,神奈川県横浜市保土ケ谷区岩間町２丁目１２０番地,2301,,1960,2026-06-14T18:39:15.157Z,,,,,0,,○,25,,,学校給食調理場での配送/人事労務DX担当/「有資格」栄養士／給食委託／赤塚駅/調理師／介護施設／集団調理経験者歓迎／給食委託会社/調理師／高齢者向け住宅／調理／給食委託会社／年休112日,,,,,求人ボックス,,,,,,,C(1000超/大手寄り),業種空欄(緩め採用),,人事部 ご採用ご担当者様,ハーベスト株式会社
38,後回し,65,求人検索で採用中ヒット｜規模1080=大企業(自前/競合ATS濃厚)｜電話妥当｜6月=28卒設計期係数92,77,8,68,92,50,INT:求人検索で採用中ヒット / INT:募集職種6=選考管理が複雑 / SIZE:規模1080=大企業(自前/競合ATS濃厚) / REACH:電話妥当 / REACH:代表者名のみ / TIM:6月=28卒設計期係数92 / NEG:大企業=自前ATS/長期商談,オイレス工業株式会社,1010401006049,,,,坂入良和,info@oiles.co.jp,0.4,,03-5435-5461,https://www.oiles.co.jp/,C,gBizINFO,https://www.oiles.co.jp/,人事部 ご採用ご担当者様,,神奈川県藤沢市桐原町８番地,1080,,,2026-06-14T18:39:04.930Z,,,,,0,,○,8,,,自動車部品の営業～東証プライム上場／経常利益率9.1%／年間/足利／組立・工程管理 交代勤務／年休127日／地震から人と建/藤沢 エアベアリング／設計開発 国内シェアトップ／週2定時退/宇都宮 法人営業／自動車業界向け プライム上場／ニッチトップ/藤沢 国内トップメーカー／働き易さが魅力,,,,,求人ボックス,,,,,,,C(1000超/大手寄り),業種空欄(緩め採用),,人事部 ご採用ご担当者様,オイレス工業株式会社
27,後回し,58,採用ページのみ(代理推定)｜規模4072=大企業(自前/競合ATS濃厚)｜電話妥当｜6月=28卒設計期係数92,40,8,68,92,80,INT:採用ページのみ(代理推定) / SIZE:規模4072=大企業(自前/競合ATS濃厚) / REACH:電話妥当 / REACH:代表者名のみ / TIM:6月=28卒設計期係数92 / TRUST:設立47年=継続採用の体力 / NEG:大企業=自前ATS/長期商談,株式会社共立メンテナンス,1010001014427,,,,中村幸治,info@kyoritsugroup.co.jp,0.4,,03-5295-7777,https://www.kyoritsugroup.co.jp/,C,gBizINFO,https://www.kyoritsugroup.co.jp/,人事部 ご採用ご担当者様,（1）学生寮・社員寮・ワンルームマンション事業 （2）ホテル事業 （3）シニアライフ事業 （4）その他前号に附帯する事業,東京都千代田区外神田２丁目１８番８号,4072,,1979,2026-06-14T18:23:19.508Z,,,,,0,,,,,,,,○,https://www.kyoritsugroup.co.jp/en/recruit/,,,,,,,,,C(1000超/大手寄り),toC:サービス,,人事部 ご採用ご担当者様,株式会社共立メンテナンス
13,後回し,60,新卒シグナル無し｜規模1200=大企業(自前/競合ATS濃厚)｜電話妥当｜6月=28卒設計期係数92,10,8,60,92,50,INT:新卒シグナル無し / SIZE:規模1200=大企業(自前/競合ATS濃厚) / REACH:電話妥当 / TIM:6月=28卒設計期係数92 / NEG:大企業=自前ATS/長期商談,株式会社アテック,1180001003339,,,,,info@atec-inc.co.jp,0.4,,052-934-1090,https://www.atec-inc.co.jp/,D,gBizINFO,https://www.atec-inc.co.jp/,人事部 ご採用ご担当者様,機械設計・電子設計・電気設計・制御ソフトウェア開発・通信及びネットワーク構築、技術系全般におけるアウトソーシング事業 ○,愛知県名古屋市東区葵３丁目２４番４号,1200,,,2026-06-14T18:52:59.785Z,,,,,,,,,,,,,,,,,,,,,,,C(1000超/大手寄り),不人気:メーカー,,人事部 ご採用ご担当者様,株式会社アテック
13,後回し,60,新卒シグナル無し｜規模3264=大企業(自前/競合ATS濃厚)｜電話妥当｜6月=28卒設計期係数92,10,8,60,92,50,INT:新卒シグナル無し / SIZE:規模3264=大企業(自前/競合ATS濃厚) / REACH:電話妥当 / TIM:6月=28卒設計期係数92 / NEG:大企業=自前ATS/長期商談,株式会社スギヤマ薬品,1180001037122,,,,,info@sugiyama-club.jp,0.4,,052-733-8001,https://sugiyama-club.jp/corporate/torikumi_kosodate.html,D,gBizINFO,https://sugiyama-club.jp/corporate/torikumi_kosodate.html,人事部 ご採用ご担当者様,医薬品等小売販売業 当該両立支援制度・行動計画は、以下の会社にて適用 ・株式会社スギヤマ薬品 ・株式会社ドラッグスギヤ,愛知県名古屋市千種区内山２丁目１３番９号,3264,,,2026-06-14T18:53:35.439Z,,,,,,,,,,,,,,,,,,,,,,,C(1000超/大手寄り),toC:小売,,人事部 ご採用ご担当者様,株式会社スギヤマ薬品
13,後回し,60,新卒シグナル無し｜規模3543=大企業(自前/競合ATS濃厚)｜電話妥当｜6月=28卒設計期係数92,10,8,60,92,50,INT:新卒シグナル無し / SIZE:規模3543=大企業(自前/競合ATS濃厚) / REACH:電話妥当 / TIM:6月=28卒設計期係数92 / NEG:大企業=自前ATS/長期商談,株式会社日本一,1040001071408,,,,,info@nihonichi.jp,0.4,,0120-014-721,https://www.nihonichi.jp/,D,gBizINFO,https://www.nihonichi.jp/,人事部 ご採用ご担当者様,焼鳥・鰻・鳥惣菜製造・小売業,千葉県野田市目吹１９６５番地,3543,,,2026-06-14T18:55:32.590Z,,,,,,,,,,,,,,,,,,,,,,,C(1000超/大手寄り),toC:小売,,人事部 ご採用ご担当者様,株式会社日本一